order_id,date,region,category,product,customer,quantity,sales,revenue,cost,profit
ORD001824,2024-01-01,West,Furniture,Chair,Customer 15430,5,68875.0,68875.0,47441.28,21433.72
ORD004994,2024-01-01,West,Furniture,Chair,Customer 11942,3,43500.0,43500.0,29099.14,14400.86
ORD001677,2024-01-01,West,Technology,Monitor,Customer 14361,2,47600.0,47600.0,40648.43,6951.57
ORD001548,2024-01-02,South,Office Supplies,Printer,Customer 15786,5,142500.0,142500.0,124763.51,17736.49
ORD002797,2024-01-02,West,Technology,Laptop,Customer 12450,3,189000.0,189000.0,162915.63,26084.37
ORD003221,2024-01-02,South,Furniture,Chair,Customer 15182,5,72500.0,72500.0,50279.76,22220.24
ORD002310,2024-01-02,West,Office Supplies,Printer,Customer 19530,1,27000.0,27000.0,24015.97,2984.03
ORD002143,2024-01-02,West,Technology,Monitor,Customer 15038,6,168000.0,168000.0,124681.83,43318.17
ORD003218,2024-01-03,South,Technology,Laptop,Customer 17031,2,133000.0,133000.0,110909.24,22090.76
ORD002973,2024-01-04,North,Technology,Keyboard,Customer 13496,2,10450.0,10450.0,6238.48,4211.52
ORD001450,2024-01-04,South,Technology,Mouse,Customer 17787,2,3960.0,3960.0,2016.39,1943.61
ORD002905,2024-01-04,West,Technology,Mouse,Customer 12406,2,3960.0,3960.0,2071.24,1888.76
ORD003965,2024-01-04,North,Office Supplies,Printer,Customer 15201,2,54000.0,54000.0,48713.31,5286.69
ORD001283,2024-01-04,East,Furniture,Desk,Customer 15414,6,140400.0,140400.0,112048.55,28351.45
ORD002917,2024-01-05,North,Technology,Keyboard,Customer 13353,1,4400.0,4400.0,3465.59,934.41
ORD000503,2024-01-05,South,Technology,Monitor,Customer 16024,1,28000.0,28000.0,21525.66,6474.34
ORD002168,2024-01-05,West,Technology,Mouse,Customer 17812,8,16720.0,16720.0,8468.7,8251.3
ORD004760,2024-01-05,North,Technology,Mouse,Customer 14044,2,4180.0,4180.0,2276.85,1903.15
ORD000598,2024-01-05,North,Furniture,Chair,Customer 15012,2,27550.0,27550.0,19096.43,8453.57
ORD003888,2024-01-05,North,Technology,Laptop,Customer 12475,3,199500.0,199500.0,157217.22,42282.78
ORD001877,2024-01-05,East,Technology,Laptop,Customer 10141,1,70000.0,70000.0,57705.7,12294.3
ORD003537,2024-01-05,West,Technology,Monitor,Customer 18789,8,212800.0,212800.0,164917.09,47882.91
ORD004311,2024-01-06,West,Furniture,Desk,Customer 12588,6,132600.0,132600.0,111376.81,21223.19
ORD001529,2024-01-06,North,Technology,Laptop,Customer 16873,10,665000.0,665000.0,573210.08,91789.92
ORD000267,2024-01-06,South,Technology,Monitor,Customer 14300,1,22400.0,22400.0,20273.44,2126.56
ORD000032,2024-01-06,South,Technology,Keyboard,Customer 19368,1,4950.0,4950.0,3435.19,1514.81
ORD004495,2024-01-06,West,Furniture,Desk,Customer 15181,6,156000.0,156000.0,103040.94,52959.06
ORD001949,2024-01-06,North,Technology,Monitor,Customer 18598,1,26600.0,26600.0,20245.81,6354.19
ORD002246,2024-01-07,West,Technology,Laptop,Customer 14577,1,59500.0,59500.0,57363.61,2136.39
ORD004692,2024-01-07,North,Technology,Laptop,Customer 19704,1,70000.0,70000.0,57164.97,12835.03
ORD003877,2024-01-07,South,Technology,Laptop,Customer 13752,3,189000.0,189000.0,164464.6,24535.4
ORD000039,2024-01-07,East,Office Supplies,Printer,Customer 19662,1,30000.0,30000.0,24771.17,5228.83
ORD002968,2024-01-07,North,Technology,Mouse,Customer 13763,5,9900.0,9900.0,5562.42,4337.58
ORD004418,2024-01-07,North,Technology,Mouse,Customer 11710,2,4400.0,4400.0,2141.16,2258.84
ORD002863,2024-01-07,North,Technology,Keyboard,Customer 19944,5,24750.0,24750.0,18357.42,6392.58
ORD000406,2024-01-07,South,Technology,Keyboard,Customer 12024,4,17600.0,17600.0,14028.28,3571.72
ORD002091,2024-01-07,West,Furniture,Desk,Customer 12041,6,132600.0,132600.0,103466.14,29133.86
ORD002208,2024-01-08,North,Furniture,Chair,Customer 19434,6,78300.0,78300.0,58771.99,19528.01
ORD000748,2024-01-08,South,Technology,Laptop,Customer 11307,2,126000.0,126000.0,104766.91,21233.09
ORD001277,2024-01-08,West,Technology,Monitor,Customer 14348,2,53200.0,53200.0,40848.57,12351.43
ORD000059,2024-01-08,South,Technology,Laptop,Customer 15724,3,210000.0,210000.0,169865.39,40134.61
ORD004450,2024-01-09,South,Technology,Keyboard,Customer 10222,1,4950.0,4950.0,3504.25,1445.75
ORD004794,2024-01-09,East,Technology,Keyboard,Customer 15286,5,26125.0,26125.0,17100.04,9024.96
ORD001519,2024-01-09,East,Technology,Monitor,Customer 16786,2,53200.0,53200.0,42137.62,11062.38
ORD001399,2024-01-09,South,Furniture,Chair,Customer 13215,1,13050.0,13050.0,9142.76,3907.24
ORD000150,2024-01-09,West,Technology,Mouse,Customer 14815,2,4400.0,4400.0,2142.68,2257.32
ORD004367,2024-01-09,East,Technology,Mouse,Customer 11649,1,2200.0,2200.0,1127.68,1072.32
ORD003126,2024-01-10,South,Technology,Laptop,Customer 16859,2,140000.0,140000.0,108401.69,31598.31
ORD002408,2024-01-10,East,Technology,Laptop,Customer 19683,3,178500.0,178500.0,168664.89,9835.11
ORD003815,2024-01-10,North,Furniture,Desk,Customer 10582,3,66300.0,66300.0,53182.78,13117.22
ORD003067,2024-01-10,North,Technology,Mouse,Customer 18732,4,7920.0,7920.0,4640.37,3279.63
ORD003974,2024-01-10,North,Technology,Mouse,Customer 15612,5,11000.0,11000.0,5590.86,5409.14
ORD004619,2024-01-10,West,Technology,Keyboard,Customer 19750,3,13200.0,13200.0,9386.66,3813.34
ORD003618,2024-01-10,West,Furniture,Chair,Customer 15532,4,58000.0,58000.0,36237.13,21762.87
ORD003766,2024-01-11,East,Technology,Mouse,Customer 17080,8,17600.0,17600.0,8852.63,8747.37
ORD001558,2024-01-11,East,Furniture,Desk,Customer 17842,3,70200.0,70200.0,56101.89,14098.11
ORD004923,2024-01-11,West,Furniture,Desk,Customer 18665,1,23400.0,23400.0,17747.03,5652.97
ORD002785,2024-01-12,South,Technology,Laptop,Customer 11600,3,178500.0,178500.0,163410.43,15089.57
ORD002311,2024-01-12,South,Technology,Mouse,Customer 15139,2,3520.0,3520.0,2082.81,1437.19
ORD000365,2024-01-12,South,Furniture,Desk,Customer 10676,1,23400.0,23400.0,18288.77,5111.23
ORD001082,2024-01-13,North,Technology,Keyboard,Customer 15129,10,52250.0,52250.0,33744.3,18505.7
ORD003322,2024-01-13,West,Technology,Monitor,Customer 16119,2,53200.0,53200.0,42000.86,11199.14
ORD001408,2024-01-13,West,Technology,Keyboard,Customer 11596,6,29700.0,29700.0,20115.09,9584.91
ORD002719,2024-01-13,South,Furniture,Chair,Customer 12016,1,13775.0,13775.0,9272.43,4502.57
ORD000624,2024-01-13,North,Technology,Mouse,Customer 19278,2,4400.0,4400.0,2165.67,2234.33
ORD002748,2024-01-13,North,Technology,Mouse,Customer 13578,1,2200.0,2200.0,1052.88,1147.12
ORD001633,2024-01-14,South,Technology,Mouse,Customer 10362,5,10450.0,10450.0,5294.99,5155.01
ORD002602,2024-01-14,North,Furniture,Desk,Customer 18017,3,74100.0,74100.0,53969.32,20130.68
ORD001850,2024-01-14,West,Technology,Laptop,Customer 10354,1,63000.0,63000.0,56514.4,6485.6
ORD004861,2024-01-15,North,Technology,Keyboard,Customer 15055,2,11000.0,11000.0,6959.99,4040.01
ORD001596,2024-01-15,West,Furniture,Desk,Customer 13609,4,93600.0,93600.0,74667.5,18932.5
ORD000070,2024-01-15,East,Technology,Monitor,Customer 19106,1,25200.0,25200.0,20734.37,4465.63
ORD004707,2024-01-15,South,Technology,Keyboard,Customer 14363,2,10450.0,10450.0,6458.94,3991.06
ORD003351,2024-01-15,South,Technology,Mouse,Customer 15829,2,3960.0,3960.0,2091.58,1868.42
ORD000846,2024-01-15,East,Technology,Keyboard,Customer 16894,2,8800.0,8800.0,6697.25,2102.75
ORD001171,2024-01-15,East,Furniture,Desk,Customer 17078,4,88400.0,88400.0,67127.76,21272.24
ORD001725,2024-01-16,North,Furniture,Chair,Customer 12100,1,13775.0,13775.0,8938.76,4836.24
ORD002044,2024-01-16,South,Technology,Mouse,Customer 11038,5,10450.0,10450.0,5223.93,5226.07
ORD000641,2024-01-16,North,Furniture,Desk,Customer 14700,2,46800.0,46800.0,34788.7,12011.3
ORD004314,2024-01-16,West,Furniture,Chair,Customer 15022,3,43500.0,43500.0,29271.77,14228.23
ORD001241,2024-01-16,West,Technology,Laptop,Customer 18989,1,59500.0,59500.0,53321.68,6178.32
ORD000771,2024-01-16,North,Technology,Laptop,Customer 14738,1,70000.0,70000.0,54586.48,15413.52
ORD002801,2024-01-16,North,Office Supplies,Printer,Customer 12156,1,28500.0,28500.0,25915.01,2584.99
ORD003036,2024-01-16,North,Furniture,Chair,Customer 18121,8,116000.0,116000.0,74133.09,41866.91
ORD001219,2024-01-17,East,Technology,Mouse,Customer 12762,2,3960.0,3960.0,2120.12,1839.88
ORD003412,2024-01-17,West,Technology,Laptop,Customer 19889,4,252000.0,252000.0,226299.42,25700.58
ORD003346,2024-01-17,South,Furniture,Chair,Customer 17568,2,29000.0,29000.0,19402.07,9597.93
ORD000291,2024-01-17,West,Technology,Mouse,Customer 18880,2,3960.0,3960.0,2224.74,1735.26
ORD000477,2024-01-17,South,Furniture,Chair,Customer 10203,1,13050.0,13050.0,8875.61,4174.39
ORD001310,2024-01-18,South,Furniture,Chair,Customer 15090,1,13050.0,13050.0,9976.36,3073.64
ORD001217,2024-01-18,South,Furniture,Chair,Customer 13398,1,13775.0,13775.0,9630.59,4144.41
ORD001955,2024-01-18,South,Technology,Mouse,Customer 16318,4,7920.0,7920.0,4202.2,3717.8
ORD003678,2024-01-18,East,Technology,Laptop,Customer 11265,3,210000.0,210000.0,157668.15,52331.85
ORD003152,2024-01-18,South,Office Supplies,Printer,Customer 14747,5,142500.0,142500.0,122588.61,19911.39
ORD000787,2024-01-18,West,Technology,Laptop,Customer 12257,1,63000.0,63000.0,56080.72,6919.28
ORD000721,2024-01-18,East,Technology,Laptop,Customer 11246,2,119000.0,119000.0,109308.97,9691.03
ORD000342,2024-01-19,North,Technology,Keyboard,Customer 11310,2,8800.0,8800.0,7001.17,1798.83
ORD004594,2024-01-19,North,Technology,Monitor,Customer 17090,2,47600.0,47600.0,42928.92,4671.08
ORD000906,2024-01-19,North,Technology,Laptop,Customer 16459,8,532000.0,532000.0,442226.76,89773.24
ORD004059,2024-01-19,West,Furniture,Chair,Customer 18455,2,29000.0,29000.0,19633.78,9366.22
ORD004805,2024-01-20,North,Furniture,Desk,Customer 10283,1,23400.0,23400.0,17959.84,5440.16
ORD003719,2024-01-21,South,Technology,Keyboard,Customer 12722,4,19800.0,19800.0,13068.0,6732.0
ORD003863,2024-01-21,West,Furniture,Chair,Customer 11904,5,65250.0,65250.0,48546.54,16703.46
ORD003274,2024-01-21,South,Technology,Monitor,Customer 12190,1,25200.0,25200.0,21158.07,4041.93
ORD001227,2024-01-21,East,Technology,Keyboard,Customer 19594,2,10450.0,10450.0,6851.38,3598.62
ORD000985,2024-01-21,South,Technology,Monitor,Customer 12398,1,28000.0,28000.0,20303.75,7696.25
ORD004684,2024-01-22,East,Furniture,Desk,Customer 12974,2,52000.0,52000.0,34931.33,17068.67
ORD001403,2024-01-22,South,Office Supplies,Printer,Customer 13897,5,135000.0,135000.0,122828.39,12171.61
ORD004423,2024-01-22,South,Office Supplies,Printer,Customer 11127,2,54000.0,54000.0,48540.53,5459.47
ORD000316,2024-01-22,North,Technology,Laptop,Customer 18488,1,63000.0,63000.0,54304.86,8695.14
ORD000031,2024-01-22,East,Furniture,Chair,Customer 17720,6,82650.0,82650.0,60260.55,22389.45
ORD000097,2024-01-22,West,Technology,Keyboard,Customer 13986,2,10450.0,10450.0,6575.58,3874.42
ORD003840,2024-01-22,North,Office Supplies,Printer,Customer 11164,3,85500.0,85500.0,75088.23,10411.77
ORD002651,2024-01-23,North,Technology,Mouse,Customer 18773,3,5940.0,5940.0,2970.0,2970.0
ORD002560,2024-01-23,West,Technology,Keyboard,Customer 17895,6,29700.0,29700.0,20690.76,9009.24
ORD001984,2024-01-23,South,Furniture,Desk,Customer 17538,1,24700.0,24700.0,17814.3,6885.7
ORD004395,2024-01-23,South,Office Supplies,Printer,Customer 15516,1,24000.0,24000.0,25335.89,-1335.89
ORD003674,2024-01-23,South,Technology,Monitor,Customer 17566,1,22400.0,22400.0,20186.85,2213.15
ORD004973,2024-01-24,West,Furniture,Chair,Customer 18107,3,43500.0,43500.0,27857.72,15642.28
ORD000148,2024-01-24,South,Technology,Laptop,Customer 19549,1,63000.0,63000.0,51210.31,11789.69
ORD004498,2024-01-24,East,Office Supplies,Printer,Customer 19159,10,300000.0,300000.0,239401.94,60598.06
ORD003743,2024-01-24,West,Furniture,Chair,Customer 15165,3,39150.0,39150.0,30589.95,8560.05
ORD003891,2024-01-24,North,Technology,Mouse,Customer 12727,2,4400.0,4400.0,1980.0,2420.0
ORD001792,2024-01-24,South,Technology,Mouse,Customer 12910,1,2090.0,2090.0,1099.45,990.55
ORD003506,2024-01-25,West,Technology,Monitor,Customer 18436,3,79800.0,79800.0,59280.01,20519.99
ORD000332,2024-01-25,South,Technology,Mouse,Customer 18457,4,8360.0,8360.0,3960.0,4400.0
ORD003575,2024-01-25,North,Technology,Keyboard,Customer 13109,1,5500.0,5500.0,3189.38,2310.62
ORD001136,2024-01-25,North,Technology,Keyboard,Customer 13369,4,20900.0,20900.0,13492.47,7407.53
ORD000116,2024-01-25,South,Technology,Mouse,Customer 12994,4,7920.0,7920.0,4283.92,3636.08
ORD003926,2024-01-25,South,Technology,Laptop,Customer 17148,3,178500.0,178500.0,159235.74,19264.26
ORD000036,2024-01-25,West,Office Supplies,Printer,Customer 17154,3,90000.0,90000.0,73048.22,16951.78
ORD001719,2024-01-25,West,Technology,Laptop,Customer 14980,1,63000.0,63000.0,55795.16,7204.84
ORD001130,2024-01-25,East,Technology,Monitor,Customer 19690,3,84000.0,84000.0,56991.92,27008.08
ORD000529,2024-01-26,North,Furniture,Chair,Customer 10577,1,13775.0,13775.0,9275.3,4499.7
ORD003784,2024-01-26,East,Furniture,Chair,Customer 12261,4,58000.0,58000.0,37870.49,20129.51
ORD001278,2024-01-26,West,Technology,Keyboard,Customer 15399,1,5500.0,5500.0,3467.87,2032.13
ORD000386,2024-01-26,North,Technology,Mouse,Customer 14033,6,13200.0,13200.0,5976.15,7223.85
ORD001928,2024-01-27,South,Furniture,Desk,Customer 18222,2,49400.0,49400.0,36211.22,13188.78
ORD000205,2024-01-27,North,Technology,Monitor,Customer 12141,3,84000.0,84000.0,58534.28,25465.72
ORD003184,2024-01-27,South,Furniture,Chair,Customer 19374,4,52200.0,52200.0,39178.15,13021.85
ORD000709,2024-01-27,West,Technology,Mouse,Customer 17569,2,3740.0,3740.0,2178.78,1561.22
ORD004884,2024-01-27,South,Technology,Laptop,Customer 18374,3,189000.0,189000.0,158500.9,30499.1
ORD004518,2024-01-27,West,Furniture,Desk,Customer 17014,5,123500.0,123500.0,82863.01,40636.99
ORD001552,2024-01-27,South,Office Supplies,Printer,Customer 16306,1,30000.0,30000.0,23892.38,6107.62
ORD002280,2024-01-27,South,Furniture,Desk,Customer 16342,2,49400.0,49400.0,34376.36,15023.64
ORD002277,2024-01-28,East,Technology,Monitor,Customer 12374,3,84000.0,84000.0,60982.18,23017.82
ORD001366,2024-01-28,North,Technology,Laptop,Customer 19438,8,448000.0,448000.0,423124.68,24875.32
ORD002462,2024-01-28,South,Furniture,Chair,Customer 15930,1,12325.0,12325.0,9512.44,2812.56
ORD001337,2024-01-28,South,Technology,Laptop,Customer 14243,2,140000.0,140000.0,111692.81,28307.19
ORD004257,2024-01-29,South,Technology,Mouse,Customer 15400,3,5940.0,5940.0,3157.13,2782.87
ORD004193,2024-01-29,North,Technology,Laptop,Customer 13366,1,70000.0,70000.0,53458.32,16541.68
ORD001514,2024-01-29,East,Technology,Monitor,Customer 14198,3,84000.0,84000.0,61666.27,22333.73
ORD002398,2024-01-29,North,Office Supplies,Printer,Customer 19114,3,81000.0,81000.0,74678.57,6321.43
ORD004574,2024-01-29,South,Office Supplies,Printer,Customer 16945,1,28500.0,28500.0,24777.5,3722.5
ORD002223,2024-01-30,South,Furniture,Desk,Customer 11382,1,26000.0,26000.0,17905.31,8094.69
ORD001200,2024-01-30,West,Technology,Mouse,Customer 14654,2,3960.0,3960.0,2160.25,1799.75
ORD004473,2024-01-30,West,Furniture,Desk,Customer 14165,1,26000.0,26000.0,16590.64,9409.36
ORD004305,2024-01-30,South,Technology,Laptop,Customer 14391,3,210000.0,210000.0,163520.57,46479.43
ORD002417,2024-01-30,North,Furniture,Chair,Customer 16656,4,52200.0,52200.0,37942.64,14257.36
ORD002228,2024-01-30,South,Furniture,Chair,Customer 19733,3,41325.0,41325.0,26732.84,14592.16
ORD003902,2024-01-30,West,Furniture,Desk,Customer 18445,4,98800.0,98800.0,76290.27,22509.73
ORD000546,2024-01-30,South,Technology,Monitor,Customer 16285,1,28000.0,28000.0,20188.84,7811.16
ORD004579,2024-01-30,West,Furniture,Desk,Customer 11331,10,234000.0,234000.0,181700.62,52299.38
ORD002662,2024-01-31,West,Technology,Laptop,Customer 12708,8,532000.0,532000.0,449545.53,82454.47
ORD002017,2024-01-31,East,Furniture,Chair,Customer 10226,4,58000.0,58000.0,36219.0,21781.0
ORD000890,2024-01-31,North,Technology,Keyboard,Customer 10773,2,9350.0,9350.0,6754.36,2595.64
ORD003473,2024-01-31,South,Technology,Keyboard,Customer 15546,3,14025.0,14025.0,9863.01,4161.99
ORD004392,2024-01-31,West,Furniture,Chair,Customer 12043,1,14500.0,14500.0,9300.11,5199.89
ORD004474,2024-01-31,West,Furniture,Chair,Customer 14758,2,26100.0,26100.0,19508.89,6591.11
ORD003524,2024-01-31,South,Technology,Keyboard,Customer 14089,1,5500.0,5500.0,3250.49,2249.51
ORD003929,2024-01-31,East,Technology,Monitor,Customer 15250,1,25200.0,25200.0,20573.92,4626.08
ORD001276,2024-01-31,South,Technology,Laptop,Customer 14274,3,199500.0,199500.0,163101.06,36398.94
ORD002012,2024-02-01,North,Technology,Monitor,Customer 15160,3,84000.0,84000.0,57447.99,26552.01
ORD002838,2024-02-02,West,Furniture,Chair,Customer 18602,8,110200.0,110200.0,78108.14,32091.86
ORD004449,2024-02-02,West,Furniture,Chair,Customer 19975,1,14500.0,14500.0,9565.31,4934.69
ORD003979,2024-02-02,North,Furniture,Chair,Customer 18533,2,26100.0,26100.0,19815.66,6284.34
ORD002294,2024-02-03,North,Furniture,Desk,Customer 18461,10,221000.0,221000.0,174371.24,46628.76
ORD000454,2024-02-03,South,Furniture,Chair,Customer 13341,1,13775.0,13775.0,9820.51,3954.49
ORD003635,2024-02-03,North,Furniture,Desk,Customer 19138,1,26000.0,26000.0,17687.04,8312.96
ORD001402,2024-02-03,East,Furniture,Chair,Customer 19192,6,78300.0,78300.0,58667.86,19632.14
ORD002674,2024-02-03,West,Furniture,Desk,Customer 12042,6,156000.0,156000.0,104041.2,51958.8
ORD000929,2024-02-03,East,Technology,Laptop,Customer 14137,3,189000.0,189000.0,158680.01,30319.99
ORD003559,2024-02-03,West,Technology,Mouse,Customer 17808,1,1980.0,1980.0,1036.37,943.63
ORD001773,2024-02-03,North,Technology,Mouse,Customer 10693,10,18700.0,18700.0,10671.07,8028.93
ORD001163,2024-02-03,West,Furniture,Chair,Customer 15534,2,29000.0,29000.0,19598.43,9401.57
ORD002810,2024-02-03,East,Furniture,Chair,Customer 16134,1,13775.0,13775.0,9462.8,4312.2
ORD003670,2024-02-03,North,Technology,Mouse,Customer 16732,4,8800.0,8800.0,3993.91,4806.09
ORD003025,2024-02-03,West,Technology,Laptop,Customer 17817,4,280000.0,280000.0,209033.29,70966.71
ORD002054,2024-02-03,South,Furniture,Desk,Customer 17755,1,23400.0,23400.0,17376.15,6023.85
ORD000411,2024-02-04,South,Technology,Mouse,Customer 17233,2,4180.0,4180.0,1980.0,2200.0
ORD001852,2024-02-04,East,Furniture,Chair,Customer 18836,5,65250.0,65250.0,47982.1,17267.9
ORD001259,2024-02-04,East,Technology,Keyboard,Customer 15126,3,13200.0,13200.0,9684.85,3515.15
ORD001438,2024-02-04,East,Furniture,Chair,Customer 17774,1,14500.0,14500.0,9773.37,4726.63
ORD002697,2024-02-04,North,Technology,Laptop,Customer 11774,4,266000.0,266000.0,226979.0,39021.0
ORD001666,2024-02-04,North,Technology,Mouse,Customer 17054,3,6270.0,6270.0,3240.7,3029.3
ORD000457,2024-02-04,West,Technology,Monitor,Customer 17240,2,56000.0,56000.0,42121.58,13878.42
ORD002900,2024-02-05,East,Office Supplies,Printer,Customer 16190,2,54000.0,54000.0,47957.4,6042.6
ORD003638,2024-02-05,West,Technology,Mouse,Customer 12702,1,1760.0,1760.0,1053.56,706.44
ORD002927,2024-02-05,North,Furniture,Chair,Customer 18877,4,49300.0,49300.0,38220.98,11079.02
ORD000413,2024-02-06,South,Technology,Mouse,Customer 18157,1,2200.0,2200.0,1112.52,1087.48
ORD000881,2024-02-06,South,Furniture,Desk,Customer 19986,2,52000.0,52000.0,35281.59,16718.41
ORD000573,2024-02-06,East,Office Supplies,Printer,Customer 16919,4,114000.0,114000.0,93791.18,20208.82
ORD001435,2024-02-06,South,Technology,Keyboard,Customer 15638,1,5500.0,5500.0,3339.94,2160.06
ORD003059,2024-02-06,North,Furniture,Chair,Customer 12160,3,43500.0,43500.0,28126.21,15373.79
ORD001413,2024-02-06,East,Furniture,Chair,Customer 18208,2,29000.0,29000.0,17794.87,11205.13
ORD000010,2024-02-06,North,Furniture,Desk,Customer 11398,4,98800.0,98800.0,69058.92,29741.08
ORD001816,2024-02-06,West,Furniture,Chair,Customer 13835,5,68875.0,68875.0,50600.04,18274.96
ORD001714,2024-02-07,East,Technology,Monitor,Customer 13101,8,201600.0,201600.0,158118.86,43481.14
ORD004741,2024-02-07,East,Technology,Laptop,Customer 13024,4,252000.0,252000.0,220876.18,31123.82
ORD003510,2024-02-07,South,Technology,Laptop,Customer 10094,1,66500.0,66500.0,56273.22,10226.78
ORD001305,2024-02-07,West,Technology,Mouse,Customer 19705,1,1980.0,1980.0,1083.68,896.32
ORD001257,2024-02-07,West,Technology,Laptop,Customer 13711,10,630000.0,630000.0,530055.71,99944.29
ORD002347,2024-02-07,East,Furniture,Desk,Customer 17924,2,52000.0,52000.0,35008.69,16991.31
ORD003407,2024-02-08,South,Furniture,Chair,Customer 15893,1,13775.0,13775.0,9978.51,3796.49
ORD004085,2024-02-08,North,Technology,Monitor,Customer 17563,2,56000.0,56000.0,40035.04,15964.96
ORD003836,2024-02-08,South,Technology,Laptop,Customer 16979,1,66500.0,66500.0,52244.43,14255.57
ORD003727,2024-02-08,South,Technology,Laptop,Customer 10978,2,140000.0,140000.0,113913.7,26086.3
ORD003194,2024-02-08,East,Technology,Mouse,Customer 12562,4,8800.0,8800.0,4099.09,4700.91
ORD000183,2024-02-08,West,Furniture,Desk,Customer 13361,5,130000.0,130000.0,88204.18,41795.82
ORD000905,2024-02-08,West,Technology,Keyboard,Customer 15745,3,15675.0,15675.0,10238.95,5436.05
ORD001491,2024-02-09,West,Furniture,Chair,Customer 14282,1,14500.0,14500.0,8587.72,5912.28
ORD001301,2024-02-09,West,Technology,Mouse,Customer 12613,5,9900.0,9900.0,5575.58,4324.42
ORD004856,2024-02-09,South,Technology,Laptop,Customer 10504,5,332500.0,332500.0,273846.99,58653.01
ORD004682,2024-02-09,East,Furniture,Chair,Customer 11169,8,110200.0,110200.0,80343.07,29856.93
ORD000239,2024-02-09,North,Technology,Monitor,Customer 12364,2,47600.0,47600.0,38346.25,9253.75
ORD004317,2024-02-09,North,Technology,Monitor,Customer 16374,10,280000.0,280000.0,201347.68,78652.32
ORD001047,2024-02-10,North,Technology,Keyboard,Customer 19520,4,22000.0,22000.0,13071.1,8928.9
ORD003287,2024-02-10,South,Furniture,Desk,Customer 14794,1,23400.0,23400.0,19255.55,4144.45
ORD000348,2024-02-10,South,Technology,Keyboard,Customer 19001,5,24750.0,24750.0,17392.32,7357.68
ORD004702,2024-02-10,North,Technology,Mouse,Customer 12926,2,4180.0,4180.0,2177.19,2002.81
ORD003886,2024-02-10,West,Furniture,Chair,Customer 13924,5,68875.0,68875.0,50271.99,18603.01
ORD002796,2024-02-11,South,Technology,Monitor,Customer 17758,1,28000.0,28000.0,19837.39,8162.61
ORD002195,2024-02-11,West,Technology,Mouse,Customer 11797,2,3960.0,3960.0,2020.79,1939.21
ORD004763,2024-02-11,North,Technology,Monitor,Customer 18716,3,84000.0,84000.0,60525.28,23474.72
ORD000871,2024-02-12,North,Technology,Monitor,Customer 15094,1,26600.0,26600.0,19930.35,6669.65
ORD001106,2024-02-12,South,Technology,Keyboard,Customer 11372,2,10450.0,10450.0,6666.21,3783.79
ORD001715,2024-02-12,West,Furniture,Desk,Customer 13916,10,260000.0,260000.0,164415.53,95584.47
ORD001315,2024-02-12,East,Office Supplies,Printer,Customer 12148,2,60000.0,60000.0,50133.44,9866.56
ORD002138,2024-02-12,North,Technology,Monitor,Customer 13224,5,119000.0,119000.0,108234.27,10765.73
ORD001796,2024-02-13,North,Office Supplies,Printer,Customer 17604,3,81000.0,81000.0,74975.97,6024.03
ORD003017,2024-02-13,North,Technology,Keyboard,Customer 16365,2,10450.0,10450.0,6953.91,3496.09
ORD001785,2024-02-13,South,Technology,Monitor,Customer 16357,4,112000.0,112000.0,74976.23,37023.77
ORD003548,2024-02-13,South,Technology,Laptop,Customer 11545,2,126000.0,126000.0,112374.78,13625.22
ORD002749,2024-02-14,West,Technology,Mouse,Customer 15143,10,19800.0,19800.0,10325.82,9474.18
ORD001149,2024-02-14,West,Furniture,Desk,Customer 17067,3,70200.0,70200.0,52454.38,17745.62
ORD000250,2024-02-14,South,Technology,Keyboard,Customer 17365,2,9350.0,9350.0,6831.07,2518.93
ORD001876,2024-02-15,East,Furniture,Chair,Customer 15861,1,14500.0,14500.0,9668.58,4831.42
ORD000423,2024-02-15,North,Technology,Mouse,Customer 19699,2,4180.0,4180.0,2111.75,2068.25
ORD002576,2024-02-15,South,Technology,Laptop,Customer 17980,3,189000.0,189000.0,167662.69,21337.31
ORD004356,2024-02-15,East,Technology,Monitor,Customer 13228,2,56000.0,56000.0,39752.87,16247.13
ORD001146,2024-02-15,South,Office Supplies,Printer,Customer 16535,3,81000.0,81000.0,74981.41,6018.59
ORD003123,2024-02-15,South,Office Supplies,Printer,Customer 18404,5,150000.0,150000.0,123316.46,26683.54
ORD002700,2024-02-16,East,Furniture,Desk,Customer 10759,5,104000.0,104000.0,97502.22,6497.78
ORD001463,2024-02-16,West,Office Supplies,Printer,Customer 17213,4,102000.0,102000.0,98453.42,3546.58
ORD004545,2024-02-16,North,Technology,Laptop,Customer 17159,2,126000.0,126000.0,109009.86,16990.14
ORD001612,2024-02-16,East,Technology,Laptop,Customer 13713,4,224000.0,224000.0,210975.15,13024.85
ORD001027,2024-02-16,North,Furniture,Desk,Customer 18398,1,23400.0,23400.0,16805.92,6594.08
ORD000821,2024-02-17,West,Technology,Mouse,Customer 15952,10,20900.0,20900.0,10976.94,9923.06
ORD002253,2024-02-17,West,Office Supplies,Printer,Customer 19851,3,76500.0,76500.0,75485.53,1014.47
ORD001148,2024-02-17,South,Technology,Laptop,Customer 19747,1,59500.0,59500.0,53805.75,5694.25
ORD001944,2024-02-18,South,Technology,Monitor,Customer 10947,4,100800.0,100800.0,86458.44,14341.56
ORD001728,2024-02-18,South,Technology,Laptop,Customer 14238,4,280000.0,280000.0,208219.95,71780.05
ORD002406,2024-02-18,North,Office Supplies,Printer,Customer 19101,10,300000.0,300000.0,238683.99,61316.01
ORD002720,2024-02-18,West,Office Supplies,Printer,Customer 14819,2,51000.0,51000.0,48694.1,2305.9
ORD003338,2024-02-18,South,Technology,Keyboard,Customer 13760,2,10450.0,10450.0,7069.09,3380.91
ORD002771,2024-02-19,South,Technology,Keyboard,Customer 19357,1,5500.0,5500.0,3353.19,2146.81
ORD001539,2024-02-19,South,Furniture,Chair,Customer 11775,8,92800.0,92800.0,73929.17,18870.83
ORD000208,2024-02-19,East,Furniture,Chair,Customer 11154,6,87000.0,87000.0,54422.83,32577.17
ORD000855,2024-02-19,North,Furniture,Chair,Customer 16584,2,24650.0,24650.0,19016.66,5633.34
ORD001691,2024-02-19,East,Furniture,Chair,Customer 18090,1,13050.0,13050.0,9538.36,3511.64
ORD002479,2024-02-20,East,Technology,Laptop,Customer 12115,3,210000.0,210000.0,161907.64,48092.36
ORD004563,2024-02-20,North,Technology,Laptop,Customer 16175,2,119000.0,119000.0,115350.72,3649.28
ORD003188,2024-02-20,West,Furniture,Desk,Customer 19095,1,20800.0,20800.0,16886.38,3913.62
ORD003003,2024-02-20,East,Technology,Monitor,Customer 13834,3,75600.0,75600.0,60886.38,14713.62
ORD002960,2024-02-20,West,Technology,Mouse,Customer 14060,2,3960.0,3960.0,2234.43,1725.57
ORD002569,2024-02-21,West,Technology,Laptop,Customer 11007,1,63000.0,63000.0,54574.75,8425.25
ORD003495,2024-02-21,West,Technology,Keyboard,Customer 10938,5,27500.0,27500.0,16459.81,11040.19
ORD001913,2024-02-21,South,Technology,Mouse,Customer 11056,1,2200.0,2200.0,990.0,1210.0
ORD003235,2024-02-21,North,Technology,Monitor,Customer 18357,8,212800.0,212800.0,159624.8,53175.2
ORD003865,2024-02-21,South,Furniture,Desk,Customer 11572,1,26000.0,26000.0,18020.49,7979.51
ORD001100,2024-02-22,North,Technology,Monitor,Customer 13860,1,25200.0,25200.0,20657.81,4542.19
ORD002629,2024-02-22,South,Office Supplies,Printer,Customer 13292,2,60000.0,60000.0,48264.49,11735.51
ORD004647,2024-02-22,North,Office Supplies,Printer,Customer 17726,5,135000.0,135000.0,122230.97,12769.03
ORD004064,2024-02-22,West,Technology,Keyboard,Customer 13169,1,5225.0,5225.0,3331.12,1893.88
ORD004803,2024-02-23,North,Technology,Keyboard,Customer 10740,2,9900.0,9900.0,7130.9,2769.1
ORD001731,2024-02-23,South,Technology,Monitor,Customer 13040,6,142800.0,142800.0,124617.31,18182.69
ORD003384,2024-02-23,North,Technology,Laptop,Customer 18224,2,133000.0,133000.0,107414.25,25585.75
ORD000894,2024-02-23,North,Office Supplies,Printer,Customer 17791,4,120000.0,120000.0,93937.59,26062.41
ORD001754,2024-02-23,North,Furniture,Desk,Customer 12615,3,70200.0,70200.0,54673.45,15526.55
ORD002454,2024-02-23,East,Technology,Laptop,Customer 14983,2,119000.0,119000.0,108750.46,10249.54
ORD001004,2024-02-23,North,Technology,Monitor,Customer 18490,2,53200.0,53200.0,41323.28,11876.72
ORD001123,2024-02-23,South,Furniture,Chair,Customer 15479,2,27550.0,27550.0,19592.14,7957.86
ORD000314,2024-02-24,West,Technology,Laptop,Customer 12279,1,59500.0,59500.0,52306.98,7193.02
ORD000417,2024-02-24,East,Technology,Monitor,Customer 15324,1,23800.0,23800.0,19580.69,4219.31
ORD002252,2024-02-24,West,Technology,Laptop,Customer 10627,2,119000.0,119000.0,112381.05,6618.95
ORD002807,2024-02-24,North,Technology,Mouse,Customer 12676,4,7920.0,7920.0,4046.54,3873.46
ORD001791,2024-02-24,South,Technology,Monitor,Customer 11018,2,47600.0,47600.0,38508.25,9091.75
ORD003390,2024-02-24,North,Furniture,Desk,Customer 16173,3,70200.0,70200.0,57952.51,12247.49
ORD002944,2024-02-25,West,Furniture,Desk,Customer 16349,1,22100.0,22100.0,17977.92,4122.08
ORD000909,2024-02-25,North,Technology,Laptop,Customer 11283,8,560000.0,560000.0,443858.91,116141.09
ORD002267,2024-02-25,West,Technology,Mouse,Customer 15553,3,6600.0,6600.0,2970.0,3630.0
ORD004728,2024-02-25,West,Technology,Laptop,Customer 11085,2,133000.0,133000.0,107121.38,25878.62
ORD002381,2024-02-25,North,Technology,Keyboard,Customer 18625,1,4675.0,4675.0,3557.16,1117.84
ORD002348,2024-02-26,South,Furniture,Chair,Customer 18031,2,24650.0,24650.0,18930.5,5719.5
ORD003653,2024-02-26,East,Furniture,Chair,Customer 14776,2,24650.0,24650.0,18661.29,5988.71
ORD004153,2024-02-26,West,Office Supplies,Printer,Customer 17887,4,120000.0,120000.0,94997.68,25002.32
ORD002923,2024-02-26,North,Office Supplies,Printer,Customer 12043,6,180000.0,180000.0,149075.42,30924.58
ORD002062,2024-02-26,West,Office Supplies,Printer,Customer 12602,6,144000.0,144000.0,150256.67,-6256.67
ORD001462,2024-02-26,South,Furniture,Chair,Customer 13842,5,65250.0,65250.0,47178.02,18071.98
ORD003386,2024-02-26,South,Technology,Mouse,Customer 12384,1,1980.0,1980.0,1045.95,934.05
ORD001868,2024-02-26,North,Technology,Monitor,Customer 12869,3,71400.0,71400.0,59152.56,12247.44
ORD004863,2024-02-26,West,Office Supplies,Printer,Customer 10741,1,28500.0,28500.0,23438.64,5061.36
ORD002019,2024-02-27,East,Technology,Monitor,Customer 12886,3,79800.0,79800.0,64901.73,14898.27
ORD001619,2024-02-27,South,Technology,Laptop,Customer 15310,4,266000.0,266000.0,213043.52,52956.48
ORD004595,2024-02-27,North,Technology,Keyboard,Customer 11726,5,23375.0,23375.0,17515.93,5859.07
ORD000405,2024-02-27,East,Technology,Mouse,Customer 15875,2,3960.0,3960.0,2044.45,1915.55
ORD004547,2024-02-27,North,Technology,Mouse,Customer 13049,10,22000.0,22000.0,10404.79,11595.21
ORD000404,2024-02-27,East,Technology,Laptop,Customer 18282,4,252000.0,252000.0,217793.07,34206.93
ORD003780,2024-02-28,East,Technology,Monitor,Customer 16783,1,26600.0,26600.0,21299.81,5300.19
ORD001405,2024-02-28,West,Technology,Monitor,Customer 12803,1,25200.0,25200.0,20951.66,4248.34
ORD000134,2024-02-28,South,Technology,Mouse,Customer 11730,1,2200.0,2200.0,995.86,1204.14
ORD000826,2024-02-28,North,Technology,Monitor,Customer 14651,6,151200.0,151200.0,119974.36,31225.64
ORD000112,2024-02-28,West,Technology,Keyboard,Customer 13924,1,4950.0,4950.0,3172.03,1777.97
ORD002402,2024-02-28,South,Technology,Laptop,Customer 17971,1,70000.0,70000.0,53961.35,16038.65
ORD002769,2024-02-29,South,Office Supplies,Printer,Customer 12703,2,54000.0,54000.0,50488.88,3511.12
ORD001187,2024-02-29,East,Technology,Mouse,Customer 14174,3,5940.0,5940.0,3290.15,2649.85
ORD002192,2024-02-29,South,Technology,Keyboard,Customer 17267,6,31350.0,31350.0,20095.81,11254.19
ORD000197,2024-02-29,West,Technology,Laptop,Customer 13985,1,70000.0,70000.0,56402.84,13597.16
ORD000117,2024-02-29,West,Technology,Keyboard,Customer 15615,1,4675.0,4675.0,3462.95,1212.05
ORD003043,2024-02-29,West,Technology,Monitor,Customer 13669,4,95200.0,95200.0,77725.14,17474.86
ORD000611,2024-03-01,North,Technology,Keyboard,Customer 17378,3,16500.0,16500.0,10074.65,6425.35
ORD002378,2024-03-01,North,Technology,Laptop,Customer 16187,8,560000.0,560000.0,416943.66,143056.34
ORD002972,2024-03-01,South,Furniture,Chair,Customer 19928,4,52200.0,52200.0,38344.5,13855.5
ORD000519,2024-03-01,North,Technology,Laptop,Customer 11905,2,133000.0,133000.0,114182.46,18817.54
ORD002171,2024-03-01,East,Technology,Keyboard,Customer 14861,2,10450.0,10450.0,6820.74,3629.26
ORD004976,2024-03-01,North,Office Supplies,Printer,Customer 15726,1,28500.0,28500.0,24864.13,3635.87
ORD002888,2024-03-02,South,Furniture,Desk,Customer 16123,2,52000.0,52000.0,35627.27,16372.73
ORD003432,2024-03-02,South,Office Supplies,Printer,Customer 17497,3,85500.0,85500.0,71025.28,14474.72
ORD001222,2024-03-02,West,Technology,Mouse,Customer 10793,5,10450.0,10450.0,5228.26,5221.74
ORD001662,2024-03-02,North,Furniture,Desk,Customer 19964,1,24700.0,24700.0,18158.39,6541.61
ORD004422,2024-03-02,West,Furniture,Chair,Customer 18001,8,116000.0,116000.0,77159.27,38840.73
ORD002073,2024-03-02,South,Technology,Mouse,Customer 14556,5,9900.0,9900.0,5634.23,4265.77
ORD001511,2024-03-03,West,Furniture,Chair,Customer 14337,2,27550.0,27550.0,18105.78,9444.22
ORD004339,2024-03-03,North,Furniture,Desk,Customer 13244,4,98800.0,98800.0,70918.96,27881.04
ORD003219,2024-03-03,West,Technology,Laptop,Customer 19299,5,332500.0,332500.0,275814.02,56685.98
ORD003380,2024-03-03,West,Technology,Monitor,Customer 10532,2,47600.0,47600.0,39145.59,8454.41
ORD002372,2024-03-03,North,Technology,Keyboard,Customer 18837,3,14025.0,14025.0,10036.6,3988.4
ORD003320,2024-03-03,West,Technology,Monitor,Customer 15864,3,79800.0,79800.0,60744.24,19055.76
ORD001550,2024-03-03,South,Technology,Keyboard,Customer 17767,5,24750.0,24750.0,16927.58,7822.42
ORD002107,2024-03-04,East,Office Supplies,Printer,Customer 15361,4,108000.0,108000.0,96324.34,11675.66
ORD000952,2024-03-04,South,Technology,Laptop,Customer 19140,8,504000.0,504000.0,445659.75,58340.25
ORD000816,2024-03-04,West,Technology,Mouse,Customer 18149,2,3740.0,3740.0,2015.12,1724.88
ORD000086,2024-03-05,North,Technology,Monitor,Customer 17427,2,56000.0,56000.0,41629.77,14370.23
ORD004844,2024-03-05,West,Technology,Laptop,Customer 15116,6,420000.0,420000.0,315414.7,104585.3
ORD002549,2024-03-05,East,Technology,Monitor,Customer 18838,5,133000.0,133000.0,98372.97,34627.03
ORD004820,2024-03-05,East,Technology,Keyboard,Customer 14551,2,10450.0,10450.0,6912.09,3537.91
ORD000445,2024-03-05,West,Technology,Mouse,Customer 13414,2,3740.0,3740.0,2294.31,1445.69
ORD003098,2024-03-05,East,Technology,Mouse,Customer 12798,3,5610.0,5610.0,3113.86,2496.14
ORD004067,2024-03-05,South,Technology,Monitor,Customer 19812,3,79800.0,79800.0,57907.66,21892.34
ORD000553,2024-03-06,South,Technology,Keyboard,Customer 19441,5,26125.0,26125.0,16083.95,10041.05
ORD003074,2024-03-06,North,Technology,Mouse,Customer 16336,2,4400.0,4400.0,2199.43,2200.57
ORD004160,2024-03-06,North,Furniture,Desk,Customer 19940,1,26000.0,26000.0,19427.88,6572.12
ORD003585,2024-03-06,South,Technology,Mouse,Customer 18659,6,12540.0,12540.0,6385.9,6154.1
ORD002108,2024-03-07,North,Office Supplies,Printer,Customer 12362,3,85500.0,85500.0,71256.23,14243.77
ORD004639,2024-03-07,North,Technology,Keyboard,Customer 12325,5,26125.0,26125.0,17289.47,8835.53
ORD000004,2024-03-07,West,Furniture,Chair,Customer 19707,3,39150.0,39150.0,27969.49,11180.51
ORD002889,2024-03-07,North,Technology,Keyboard,Customer 19559,8,39600.0,39600.0,28734.56,10865.44
ORD003917,2024-03-07,East,Technology,Mouse,Customer 19438,2,3740.0,3740.0,2213.83,1526.17
ORD003738,2024-03-08,North,Technology,Monitor,Customer 16432,2,56000.0,56000.0,38174.24,17825.76
ORD001821,2024-03-08,South,Technology,Mouse,Customer 13379,1,2090.0,2090.0,1002.91,1087.09
ORD004287,2024-03-08,North,Technology,Mouse,Customer 18834,4,8360.0,8360.0,3988.64,4371.36
ORD001789,2024-03-08,North,Furniture,Chair,Customer 10303,5,65250.0,65250.0,47561.45,17688.55
ORD000499,2024-03-08,West,Furniture,Chair,Customer 10845,3,43500.0,43500.0,26788.43,16711.57
ORD002233,2024-03-09,East,Technology,Mouse,Customer 17961,1,1980.0,1980.0,1062.95,917.05
ORD001490,2024-03-09,South,Technology,Mouse,Customer 10319,4,8360.0,8360.0,3970.67,4389.33
ORD001281,2024-03-09,South,Office Supplies,Printer,Customer 18233,2,57000.0,57000.0,51588.75,5411.25
ORD002008,2024-03-09,North,Technology,Keyboard,Customer 16979,3,14850.0,14850.0,10115.41,4734.59
ORD004471,2024-03-09,West,Technology,Laptop,Customer 17256,8,448000.0,448000.0,452421.52,-4421.52
ORD003360,2024-03-09,North,Office Supplies,Printer,Customer 15373,4,120000.0,120000.0,95513.81,24486.19
ORD001114,2024-03-09,South,Technology,Mouse,Customer 11293,2,4180.0,4180.0,2039.65,2140.35
ORD000584,2024-03-09,West,Furniture,Chair,Customer 15433,4,52200.0,52200.0,39042.99,13157.01
ORD004663,2024-03-09,South,Technology,Mouse,Customer 14716,8,16720.0,16720.0,8273.62,8446.38
ORD004996,2024-03-10,South,Technology,Mouse,Customer 14597,3,5940.0,5940.0,3168.37,2771.63
ORD000272,2024-03-10,East,Furniture,Chair,Customer 12459,2,27550.0,27550.0,19312.99,8237.01
ORD004420,2024-03-10,North,Technology,Keyboard,Customer 12300,10,46750.0,46750.0,34921.77,11828.23
ORD003910,2024-03-10,South,Office Supplies,Printer,Customer 10607,10,270000.0,270000.0,240719.23,29280.77
ORD003713,2024-03-10,South,Technology,Mouse,Customer 14746,6,13200.0,13200.0,6319.52,6880.48
ORD003075,2024-03-10,North,Furniture,Chair,Customer 13286,6,87000.0,87000.0,62484.38,24515.62
ORD002606,2024-03-10,South,Furniture,Chair,Customer 19760,3,43500.0,43500.0,29962.69,13537.31
ORD003630,2024-03-11,North,Technology,Mouse,Customer 17900,5,9350.0,9350.0,4950.0,4400.0
ORD004951,2024-03-11,North,Furniture,Chair,Customer 18108,4,55100.0,55100.0,35719.5,19380.5
ORD004898,2024-03-11,East,Technology,Keyboard,Customer 16581,1,4950.0,4950.0,3483.08,1466.92
ORD002472,2024-03-11,North,Technology,Laptop,Customer 11111,5,332500.0,332500.0,289802.58,42697.42
ORD000762,2024-03-11,West,Office Supplies,Printer,Customer 16437,4,114000.0,114000.0,99693.16,14306.84
ORD001115,2024-03-11,West,Technology,Keyboard,Customer 15779,1,5500.0,5500.0,3408.98,2091.02
ORD000766,2024-03-12,South,Technology,Laptop,Customer 16752,10,595000.0,595000.0,559117.13,35882.87
ORD003672,2024-03-12,South,Furniture,Chair,Customer 10833,1,13775.0,13775.0,9200.17,4574.83
ORD003368,2024-03-12,South,Office Supplies,Printer,Customer 12514,2,60000.0,60000.0,50458.38,9541.62
ORD002307,2024-03-12,East,Technology,Keyboard,Customer 16899,2,10450.0,10450.0,6295.03,4154.97
ORD002621,2024-03-12,North,Technology,Monitor,Customer 17169,2,50400.0,50400.0,39174.24,11225.76
ORD004483,2024-03-12,North,Furniture,Chair,Customer 12931,3,41325.0,41325.0,28965.13,12359.87
ORD000101,2024-03-13,West,Furniture,Desk,Customer 11141,8,187200.0,187200.0,135864.91,51335.09
ORD004819,2024-03-13,South,Technology,Mouse,Customer 13617,1,2090.0,2090.0,1062.96,1027.04
ORD004411,2024-03-13,North,Technology,Laptop,Customer 13588,10,665000.0,665000.0,566290.77,98709.23
ORD003459,2024-03-13,South,Furniture,Chair,Customer 16576,2,29000.0,29000.0,17699.02,11300.98
ORD001647,2024-03-13,West,Technology,Mouse,Customer 12049,1,1980.0,1980.0,1133.39,846.61
ORD002078,2024-03-13,North,Furniture,Chair,Customer 17137,1,13050.0,13050.0,9391.44,3658.56
ORD002729,2024-03-13,North,Furniture,Chair,Customer 11046,1,13050.0,13050.0,9695.15,3354.85
ORD001494,2024-03-13,South,Office Supplies,Printer,Customer 18897,1,28500.0,28500.0,25212.03,3287.97
ORD000990,2024-03-14,South,Technology,Mouse,Customer 17728,2,3960.0,3960.0,2390.12,1569.88
ORD004132,2024-03-14,South,Technology,Laptop,Customer 18917,1,63000.0,63000.0,53573.38,9426.62
ORD001242,2024-03-14,West,Technology,Keyboard,Customer 15015,2,9900.0,9900.0,6687.11,3212.89
ORD002934,2024-03-14,South,Technology,Keyboard,Customer 14492,2,9350.0,9350.0,6523.01,2826.99
ORD002571,2024-03-14,South,Furniture,Chair,Customer 17180,2,27550.0,27550.0,19451.95,8098.05
ORD000006,2024-03-15,North,Furniture,Desk,Customer 14696,8,197600.0,197600.0,137208.38,60391.62
ORD001046,2024-03-15,West,Technology,Mouse,Customer 16931,1,1980.0,1980.0,991.1,988.9
ORD004810,2024-03-15,East,Office Supplies,Printer,Customer 19402,6,171000.0,171000.0,142989.89,28010.11
ORD001905,2024-03-15,West,Technology,Laptop,Customer 19547,4,266000.0,266000.0,216132.06,49867.94
ORD003125,2024-03-16,East,Furniture,Chair,Customer 11964,5,61625.0,61625.0,48605.52,13019.48
ORD000341,2024-03-16,West,Technology,Laptop,Customer 14525,2,112000.0,112000.0,108870.32,3129.68
ORD000832,2024-03-16,East,Furniture,Desk,Customer 12044,2,52000.0,52000.0,36087.18,15912.82
ORD001660,2024-03-17,North,Furniture,Chair,Customer 15092,1,13775.0,13775.0,8906.65,4868.35
ORD001307,2024-03-17,West,Technology,Monitor,Customer 15355,1,25200.0,25200.0,20617.45,4582.55
ORD003482,2024-03-18,West,Office Supplies,Printer,Customer 17443,2,54000.0,54000.0,50169.95,3830.05
ORD002295,2024-03-18,North,Office Supplies,Printer,Customer 10091,2,54000.0,54000.0,49445.46,4554.54
ORD001164,2024-03-18,East,Furniture,Chair,Customer 12511,2,27550.0,27550.0,20508.32,7041.68
ORD001684,2024-03-18,South,Technology,Keyboard,Customer 17905,2,10450.0,10450.0,6561.47,3888.53
ORD003207,2024-03-18,East,Technology,Laptop,Customer 19963,6,420000.0,420000.0,315084.24,104915.76
ORD000377,2024-03-19,West,Technology,Mouse,Customer 17234,1,1980.0,1980.0,1050.61,929.39
ORD002410,2024-03-19,East,Technology,Monitor,Customer 19643,2,56000.0,56000.0,41032.57,14967.43
ORD001986,2024-03-19,South,Furniture,Desk,Customer 11039,1,22100.0,22100.0,18411.28,3688.72
ORD000823,2024-03-19,East,Technology,Monitor,Customer 13609,1,23800.0,23800.0,18749.7,5050.3
ORD003544,2024-03-19,North,Technology,Monitor,Customer 16207,1,25200.0,25200.0,20823.1,4376.9
ORD002185,2024-03-19,North,Technology,Monitor,Customer 14669,3,84000.0,84000.0,58270.4,25729.6
ORD004426,2024-03-20,South,Furniture,Chair,Customer 14136,10,116000.0,116000.0,99058.74,16941.26
ORD002386,2024-03-20,East,Technology,Keyboard,Customer 14910,2,9900.0,9900.0,6723.92,3176.08
ORD004902,2024-03-20,West,Furniture,Desk,Customer 16503,6,148200.0,148200.0,104307.1,43892.9
ORD004228,2024-03-20,West,Technology,Monitor,Customer 17913,10,252000.0,252000.0,207524.15,44475.85
ORD003241,2024-03-21,West,Office Supplies,Printer,Customer 17251,1,25500.0,25500.0,23946.68,1553.32
ORD002327,2024-03-21,East,Technology,Monitor,Customer 12499,2,47600.0,47600.0,39270.36,8329.64
ORD004910,2024-03-21,West,Technology,Mouse,Customer 14536,2,4180.0,4180.0,2034.19,2145.81
ORD002924,2024-03-21,South,Technology,Monitor,Customer 17098,5,126000.0,126000.0,107269.62,18730.38
ORD004736,2024-03-21,North,Technology,Monitor,Customer 17621,1,26600.0,26600.0,18513.01,8086.99
ORD003896,2024-03-21,North,Technology,Mouse,Customer 19253,1,2200.0,2200.0,1019.47,1180.53
ORD001488,2024-03-21,West,Furniture,Chair,Customer 10317,1,13775.0,13775.0,9669.19,4105.81
ORD000849,2024-03-22,West,Technology,Laptop,Customer 11167,3,189000.0,189000.0,160839.66,28160.34
ORD003955,2024-03-22,South,Office Supplies,Printer,Customer 11690,2,57000.0,57000.0,49796.78,7203.22
ORD003217,2024-03-22,South,Furniture,Chair,Customer 13110,3,41325.0,41325.0,29400.26,11924.74
ORD003992,2024-03-22,North,Technology,Monitor,Customer 14584,1,28000.0,28000.0,19247.96,8752.04
ORD003206,2024-03-23,West,Technology,Monitor,Customer 13675,1,26600.0,26600.0,19499.51,7100.49
ORD001086,2024-03-23,North,Furniture,Desk,Customer 18398,1,22100.0,22100.0,18645.59,3454.41
ORD003294,2024-03-23,South,Office Supplies,Printer,Customer 18523,4,108000.0,108000.0,97988.57,10011.43
ORD001437,2024-03-23,South,Technology,Mouse,Customer 10670,4,7920.0,7920.0,4168.52,3751.48
ORD003381,2024-03-24,East,Technology,Keyboard,Customer 14600,3,16500.0,16500.0,9904.91,6595.09
ORD003540,2024-03-24,West,Furniture,Desk,Customer 13802,3,70200.0,70200.0,53293.09,16906.91
ORD000210,2024-03-25,West,Technology,Laptop,Customer 15769,2,133000.0,133000.0,107181.73,25818.27
ORD004739,2024-03-25,South,Technology,Monitor,Customer 19466,1,28000.0,28000.0,19643.98,8356.02
ORD001306,2024-03-25,South,Technology,Monitor,Customer 10598,1,26600.0,26600.0,20679.35,5920.65
ORD002949,2024-03-26,East,Technology,Keyboard,Customer 12697,3,16500.0,16500.0,10507.55,5992.45
ORD003345,2024-03-26,South,Furniture,Chair,Customer 17609,4,49300.0,49300.0,40174.9,9125.1
ORD001118,2024-03-26,South,Technology,Laptop,Customer 15259,1,70000.0,70000.0,51794.75,18205.25
ORD004900,2024-03-26,North,Technology,Keyboard,Customer 17335,1,5225.0,5225.0,3336.3,1888.7
ORD001128,2024-03-26,South,Technology,Keyboard,Customer 19500,6,29700.0,29700.0,20623.99,9076.01
ORD004478,2024-03-26,North,Technology,Mouse,Customer 16694,5,9900.0,9900.0,4950.0,4950.0
ORD002713,2024-03-26,South,Technology,Keyboard,Customer 10202,5,22000.0,22000.0,17477.9,4522.1
ORD000541,2024-03-26,South,Technology,Monitor,Customer 11015,2,56000.0,56000.0,38938.12,17061.88
ORD004962,2024-03-27,West,Technology,Laptop,Customer 13574,1,70000.0,70000.0,51733.41,18266.59
ORD004432,2024-03-27,South,Office Supplies,Printer,Customer 11074,4,108000.0,108000.0,96772.66,11227.34
ORD001866,2024-03-27,South,Technology,Mouse,Customer 17805,1,2090.0,2090.0,1002.05,1087.95
ORD000910,2024-03-27,South,Technology,Mouse,Customer 10004,3,5280.0,5280.0,3135.08,2144.92
ORD002770,2024-03-27,West,Furniture,Desk,Customer 11498,1,23400.0,23400.0,18008.11,5391.89
ORD001122,2024-03-27,South,Technology,Mouse,Customer 15830,5,10450.0,10450.0,5456.47,4993.53
ORD000128,2024-03-27,East,Technology,Laptop,Customer 15692,1,63000.0,63000.0,56353.05,6646.95
ORD004804,2024-03-28,North,Furniture,Chair,Customer 15415,4,52200.0,52200.0,39194.53,13005.47
ORD001160,2024-03-28,East,Technology,Keyboard,Customer 19015,5,24750.0,24750.0,15291.6,9458.4
ORD000127,2024-03-28,North,Technology,Laptop,Customer 10093,1,70000.0,70000.0,55086.75,14913.25
ORD002821,2024-03-28,North,Furniture,Chair,Customer 15949,4,58000.0,58000.0,39213.16,18786.84
ORD000058,2024-03-28,East,Technology,Mouse,Customer 12534,4,7920.0,7920.0,4000.98,3919.02
ORD001445,2024-03-29,North,Technology,Laptop,Customer 15313,1,70000.0,70000.0,53952.19,16047.81
ORD004925,2024-03-29,East,Furniture,Desk,Customer 12547,1,24700.0,24700.0,17220.39,7479.61
ORD004472,2024-03-29,East,Technology,Laptop,Customer 16794,1,63000.0,63000.0,53460.9,9539.1
ORD004186,2024-03-29,North,Technology,Monitor,Customer 16124,1,28000.0,28000.0,19776.35,8223.65
ORD001848,2024-03-29,North,Technology,Laptop,Customer 10257,2,133000.0,133000.0,105986.18,27013.82
ORD003850,2024-03-29,West,Technology,Mouse,Customer 12189,2,4400.0,4400.0,1997.55,2402.45
ORD002067,2024-03-30,South,Technology,Monitor,Customer 18081,2,50400.0,50400.0,40192.69,10207.31
ORD002741,2024-03-30,West,Office Supplies,Printer,Customer 16638,3,85500.0,85500.0,68370.72,17129.28
ORD000003,2024-03-30,North,Office Supplies,Printer,Customer 15546,5,142500.0,142500.0,119777.65,22722.35
ORD004187,2024-03-30,West,Technology,Laptop,Customer 12183,3,199500.0,199500.0,160672.81,38827.19
ORD003660,2024-03-30,West,Furniture,Chair,Customer 12471,5,68875.0,68875.0,50481.63,18393.37
ORD000079,2024-03-31,South,Technology,Mouse,Customer 13047,1,2200.0,2200.0,1064.81,1135.19
ORD004734,2024-03-31,South,Technology,Laptop,Customer 15209,3,210000.0,210000.0,164433.87,45566.13
ORD004424,2024-03-31,South,Furniture,Chair,Customer 16674,4,58000.0,58000.0,38176.16,19823.84
ORD001101,2024-03-31,North,Furniture,Desk,Customer 11000,1,24700.0,24700.0,17648.98,7051.02
ORD000455,2024-03-31,North,Technology,Mouse,Customer 15753,1,2090.0,2090.0,1142.12,947.88
ORD002480,2024-03-31,North,Furniture,Chair,Customer 14415,3,43500.0,43500.0,28165.5,15334.5
ORD003666,2024-03-31,West,Technology,Keyboard,Customer 16523,1,5500.0,5500.0,3309.44,2190.56
ORD004796,2024-03-31,East,Furniture,Chair,Customer 11012,2,26100.0,26100.0,19683.66,6416.34
ORD004789,2024-03-31,South,Technology,Mouse,Customer 19352,1,2200.0,2200.0,990.0,1210.0
ORD001668,2024-04-01,West,Technology,Keyboard,Customer 14841,4,17600.0,17600.0,13571.2,4028.8
ORD002336,2024-04-01,South,Office Supplies,Printer,Customer 13950,2,54000.0,54000.0,50207.22,3792.78
ORD001817,2024-04-01,East,Technology,Keyboard,Customer 19476,4,18700.0,18700.0,14651.97,4048.03
ORD001628,2024-04-02,West,Technology,Laptop,Customer 18842,1,70000.0,70000.0,53887.2,16112.8
ORD004622,2024-04-02,South,Office Supplies,Printer,Customer 18020,2,60000.0,60000.0,48277.77,11722.23
ORD002910,2024-04-02,West,Furniture,Desk,Customer 17642,4,104000.0,104000.0,69890.79,34109.21
ORD004970,2024-04-03,South,Technology,Laptop,Customer 16838,5,315000.0,315000.0,284353.0,30647.0
ORD003749,2024-04-03,South,Technology,Laptop,Customer 13600,3,178500.0,178500.0,165666.09,12833.91
ORD000066,2024-04-03,West,Technology,Laptop,Customer 14543,3,189000.0,189000.0,164366.37,24633.63
ORD002726,2024-04-04,West,Furniture,Desk,Customer 10214,1,24700.0,24700.0,18993.55,5706.45
ORD000551,2024-04-04,South,Technology,Monitor,Customer 10856,1,25200.0,25200.0,20939.56,4260.44
ORD001931,2024-04-05,East,Furniture,Chair,Customer 14051,10,130500.0,130500.0,99624.95,30875.05
ORD003311,2024-04-06,East,Furniture,Chair,Customer 19928,5,65250.0,65250.0,47113.04,18136.96
ORD000758,2024-04-06,East,Furniture,Chair,Customer 11604,1,14500.0,14500.0,9361.29,5138.71
ORD002979,2024-04-06,East,Furniture,Desk,Customer 12294,1,24700.0,24700.0,18320.24,6379.76
ORD000802,2024-04-06,East,Technology,Keyboard,Customer 12994,4,18700.0,18700.0,14250.18,4449.82
ORD004699,2024-04-07,East,Technology,Mouse,Customer 10414,3,6600.0,6600.0,3430.79,3169.21
ORD000074,2024-04-07,West,Technology,Laptop,Customer 17099,4,280000.0,280000.0,215893.88,64106.12
ORD000630,2024-04-07,East,Technology,Monitor,Customer 15623,2,56000.0,56000.0,40070.0,15930.0
ORD002364,2024-04-07,North,Technology,Monitor,Customer 14105,2,50400.0,50400.0,38449.67,11950.33
ORD000971,2024-04-07,South,Technology,Laptop,Customer 10237,4,224000.0,224000.0,207841.39,16158.61
ORD002918,2024-04-08,East,Furniture,Chair,Customer 11474,5,72500.0,72500.0,49969.9,22530.1
ORD002684,2024-04-08,East,Technology,Keyboard,Customer 16865,1,4675.0,4675.0,3269.91,1405.09
ORD004659,2024-04-08,West,Technology,Laptop,Customer 12238,2,126000.0,126000.0,107716.52,18283.48
ORD004512,2024-04-08,East,Technology,Laptop,Customer 16437,4,266000.0,266000.0,218710.59,47289.41
ORD003655,2024-04-08,East,Technology,Mouse,Customer 19567,1,2200.0,2200.0,1034.39,1165.61
ORD002709,2024-04-08,East,Technology,Monitor,Customer 15834,3,84000.0,84000.0,58205.36,25794.64
ORD001054,2024-04-09,South,Furniture,Desk,Customer 15080,2,52000.0,52000.0,34386.71,17613.29
ORD004758,2024-04-09,West,Technology,Laptop,Customer 15294,4,280000.0,280000.0,218882.29,61117.71
ORD000572,2024-04-09,South,Technology,Monitor,Customer 18789,1,28000.0,28000.0,19262.7,8737.3
ORD004303,2024-04-09,South,Technology,Laptop,Customer 15729,3,210000.0,210000.0,168022.84,41977.16
ORD002046,2024-04-09,South,Technology,Monitor,Customer 10874,3,75600.0,75600.0,62557.52,13042.48
ORD001017,2024-04-10,East,Technology,Monitor,Customer 12875,1,26600.0,26600.0,18424.87,8175.13
ORD004959,2024-04-10,West,Technology,Mouse,Customer 10534,6,11880.0,11880.0,6564.33,5315.67
ORD002561,2024-04-10,South,Office Supplies,Printer,Customer 13816,6,153000.0,153000.0,142909.01,10090.99
ORD001129,2024-04-11,South,Furniture,Desk,Customer 11059,1,24700.0,24700.0,17001.45,7698.55
ORD002540,2024-04-11,East,Office Supplies,Printer,Customer 12882,2,51000.0,51000.0,48907.31,2092.69
ORD000944,2024-04-11,South,Technology,Laptop,Customer 18920,1,70000.0,70000.0,54297.37,15702.63
ORD001696,2024-04-11,South,Furniture,Desk,Customer 13611,4,104000.0,104000.0,69089.55,34910.45
ORD002487,2024-04-11,South,Office Supplies,Printer,Customer 13441,5,127500.0,127500.0,130998.83,-3498.83
ORD001692,2024-04-11,South,Furniture,Desk,Customer 15684,2,49400.0,49400.0,36997.71,12402.29
ORD004121,2024-04-12,North,Technology,Laptop,Customer 12728,6,399000.0,399000.0,341452.89,57547.11
ORD000320,2024-04-12,East,Technology,Mouse,Customer 13522,2,4400.0,4400.0,2191.73,2208.27
ORD003248,2024-04-12,West,Furniture,Desk,Customer 11116,5,117000.0,117000.0,86302.73,30697.27
ORD002782,2024-04-12,North,Furniture,Desk,Customer 19920,2,52000.0,52000.0,34609.04,17390.96
ORD001441,2024-04-12,South,Technology,Mouse,Customer 17926,2,4400.0,4400.0,2073.48,2326.52
ORD004602,2024-04-12,North,Furniture,Desk,Customer 16181,1,23400.0,23400.0,17462.82,5937.18
ORD001061,2024-04-13,South,Technology,Mouse,Customer 10025,5,11000.0,11000.0,5592.35,5407.65
ORD002829,2024-04-13,North,Office Supplies,Printer,Customer 13853,10,300000.0,300000.0,241989.37,58010.63
ORD000843,2024-04-13,East,Furniture,Chair,Customer 13500,1,13775.0,13775.0,9599.03,4175.97
ORD002849,2024-04-13,North,Furniture,Desk,Customer 17321,4,104000.0,104000.0,76819.37,27180.63
ORD003447,2024-04-13,West,Technology,Laptop,Customer 12622,1,59500.0,59500.0,52951.54,6548.46
ORD000728,2024-04-13,West,Technology,Mouse,Customer 18420,2,4400.0,4400.0,2266.93,2133.07
ORD000154,2024-04-13,East,Technology,Mouse,Customer 18519,1,2200.0,2200.0,1038.85,1161.15
ORD000188,2024-04-13,East,Office Supplies,Printer,Customer 10952,3,72000.0,72000.0,76559.16,-4559.16
ORD004046,2024-04-14,North,Technology,Laptop,Customer 17257,5,350000.0,350000.0,272698.93,77301.07
ORD001722,2024-04-14,East,Technology,Laptop,Customer 16354,5,315000.0,315000.0,267783.16,47216.84
ORD000102,2024-04-14,South,Technology,Mouse,Customer 19845,3,5940.0,5940.0,3433.83,2506.17
ORD003662,2024-04-14,West,Technology,Monitor,Customer 14750,2,56000.0,56000.0,42987.49,13012.51
ORD002224,2024-04-14,East,Office Supplies,Printer,Customer 13609,1,30000.0,30000.0,25628.21,4371.79
ORD003180,2024-04-14,South,Technology,Mouse,Customer 18423,4,8360.0,8360.0,4476.11,3883.89
ORD001453,2024-04-15,West,Technology,Monitor,Customer 17979,3,79800.0,79800.0,59443.89,20356.11
ORD003706,2024-04-15,South,Furniture,Chair,Customer 16772,6,78300.0,78300.0,55844.47,22455.53
ORD002633,2024-04-15,North,Technology,Laptop,Customer 19153,2,140000.0,140000.0,108588.06,31411.94
ORD002552,2024-04-15,West,Technology,Laptop,Customer 12756,2,119000.0,119000.0,110644.89,8355.11
ORD003224,2024-04-16,East,Office Supplies,Printer,Customer 19076,2,48000.0,48000.0,52322.82,-4322.82
ORD003569,2024-04-16,South,Technology,Keyboard,Customer 11050,4,19800.0,19800.0,12828.74,6971.26
ORD003417,2024-04-16,South,Technology,Laptop,Customer 14315,3,210000.0,210000.0,159438.0,50562.0
ORD001782,2024-04-16,West,Technology,Laptop,Customer 14968,5,315000.0,315000.0,271483.04,43516.96
ORD003453,2024-04-16,North,Furniture,Desk,Customer 19660,1,20800.0,20800.0,17646.99,3153.01
ORD000424,2024-04-16,West,Technology,Monitor,Customer 16437,2,53200.0,53200.0,43414.9,9785.1
ORD004587,2024-04-16,East,Furniture,Desk,Customer 13706,3,74100.0,74100.0,50682.29,23417.71
ORD001374,2024-04-16,North,Technology,Keyboard,Customer 14591,1,4950.0,4950.0,3503.56,1446.44
ORD003573,2024-04-17,West,Office Supplies,Printer,Customer 15855,2,51000.0,51000.0,48982.85,2017.15
ORD000835,2024-04-17,West,Technology,Keyboard,Customer 10075,2,9900.0,9900.0,6678.93,3221.07
ORD002005,2024-04-17,East,Furniture,Chair,Customer 10730,4,52200.0,52200.0,38585.04,13614.96
ORD001447,2024-04-17,South,Furniture,Chair,Customer 12234,2,29000.0,29000.0,18819.86,10180.14
ORD002093,2024-04-17,South,Technology,Laptop,Customer 15571,4,280000.0,280000.0,212630.08,67369.92
ORD002118,2024-04-18,South,Technology,Keyboard,Customer 11075,4,20900.0,20900.0,13651.61,7248.39
ORD003395,2024-04-18,West,Technology,Laptop,Customer 17784,4,238000.0,238000.0,219700.78,18299.22
ORD000155,2024-04-18,West,Furniture,Desk,Customer 17600,2,49400.0,49400.0,35866.6,13533.4
ORD004950,2024-04-18,North,Furniture,Desk,Customer 16457,3,74100.0,74100.0,55887.86,18212.14
ORD002411,2024-04-18,North,Furniture,Chair,Customer 12116,6,87000.0,87000.0,58547.76,28452.24
ORD002111,2024-04-18,North,Technology,Monitor,Customer 10965,1,28000.0,28000.0,20758.23,7241.77
ORD002345,2024-04-19,West,Technology,Mouse,Customer 19575,6,12540.0,12540.0,6576.97,5963.03
ORD002359,2024-04-19,West,Technology,Monitor,Customer 16620,2,53200.0,53200.0,40399.52,12800.48
ORD003461,2024-04-19,North,Furniture,Chair,Customer 15032,4,52200.0,52200.0,37368.59,14831.41
ORD003608,2024-04-19,East,Technology,Laptop,Customer 14265,1,70000.0,70000.0,53761.41,16238.59
ORD000393,2024-04-19,East,Furniture,Chair,Customer 16652,1,13775.0,13775.0,9590.28,4184.72
ORD001069,2024-04-19,South,Office Supplies,Printer,Customer 12953,2,54000.0,54000.0,49311.37,4688.63
ORD002018,2024-04-20,West,Technology,Laptop,Customer 14663,4,280000.0,280000.0,233479.39,46520.61
ORD004562,2024-04-20,North,Technology,Mouse,Customer 16861,1,2090.0,2090.0,1016.79,1073.21
ORD000131,2024-04-20,North,Technology,Keyboard,Customer 16007,5,26125.0,26125.0,17489.74,8635.26
ORD001652,2024-04-20,North,Technology,Keyboard,Customer 19764,2,10450.0,10450.0,6843.93,3606.07
ORD004456,2024-04-20,West,Furniture,Chair,Customer 14216,2,27550.0,27550.0,19326.81,8223.19
ORD000042,2024-04-20,West,Office Supplies,Printer,Customer 16519,2,57000.0,57000.0,50885.79,6114.21
ORD002628,2024-04-20,South,Furniture,Desk,Customer 16952,1,22100.0,22100.0,18518.99,3581.01
ORD000656,2024-04-21,West,Technology,Monitor,Customer 14254,1,23800.0,23800.0,19874.28,3925.72
ORD003458,2024-04-21,West,Technology,Mouse,Customer 15495,1,1980.0,1980.0,1021.34,958.66
ORD003934,2024-04-21,West,Technology,Monitor,Customer 11205,1,25200.0,25200.0,19732.96,5467.04
ORD000984,2024-04-21,South,Furniture,Desk,Customer 19924,5,110500.0,110500.0,86961.79,23538.21
ORD004673,2024-04-22,South,Technology,Laptop,Customer 15576,1,63000.0,63000.0,55547.11,7452.89
ORD000184,2024-04-22,West,Furniture,Chair,Customer 13901,1,13050.0,13050.0,9165.95,3884.05
ORD004073,2024-04-22,South,Technology,Monitor,Customer 17363,2,53200.0,53200.0,38992.32,14207.68
ORD001769,2024-04-22,North,Technology,Monitor,Customer 11799,3,79800.0,79800.0,59145.1,20654.9
ORD002001,2024-04-22,South,Technology,Laptop,Customer 13252,4,252000.0,252000.0,222934.84,29065.16
ORD001009,2024-04-23,North,Technology,Laptop,Customer 15727,5,350000.0,350000.0,275146.86,74853.14
ORD003002,2024-04-23,North,Furniture,Desk,Customer 14084,3,74100.0,74100.0,52608.07,21491.93
ORD003132,2024-04-23,North,Furniture,Desk,Customer 10541,3,78000.0,78000.0,54247.8,23752.2
ORD001777,2024-04-24,West,Technology,Mouse,Customer 15076,1,1980.0,1980.0,1071.97,908.03
ORD001679,2024-04-24,North,Technology,Laptop,Customer 19501,1,66500.0,66500.0,54734.69,11765.31
ORD002399,2024-04-25,East,Technology,Mouse,Customer 12670,4,8800.0,8800.0,4311.6,4488.4
ORD004570,2024-04-25,East,Furniture,Desk,Customer 19576,3,66300.0,66300.0,52012.37,14287.63
ORD002936,2024-04-25,East,Technology,Mouse,Customer 17950,2,3740.0,3740.0,2267.63,1472.37
ORD000484,2024-04-25,North,Furniture,Desk,Customer 14563,1,24700.0,24700.0,18191.03,6508.97
ORD001064,2024-04-25,South,Technology,Mouse,Customer 13413,1,1870.0,1870.0,994.71,875.29
ORD000674,2024-04-25,West,Furniture,Chair,Customer 13951,5,68875.0,68875.0,47025.1,21849.9
ORD001161,2024-04-25,North,Technology,Mouse,Customer 10539,6,12540.0,12540.0,5960.37,6579.63
ORD002101,2024-04-26,South,Furniture,Chair,Customer 11993,2,27550.0,27550.0,18683.7,8866.3
ORD004921,2024-04-26,South,Technology,Keyboard,Customer 12564,2,10450.0,10450.0,6546.4,3903.6
ORD004274,2024-04-26,West,Technology,Laptop,Customer 17857,1,66500.0,66500.0,54009.64,12490.36
ORD001794,2024-04-27,South,Technology,Laptop,Customer 12650,1,63000.0,63000.0,53621.06,9378.94
ORD000072,2024-04-27,East,Furniture,Chair,Customer 17721,1,12325.0,12325.0,9466.73,2858.27
ORD003597,2024-04-27,West,Technology,Keyboard,Customer 13205,2,11000.0,11000.0,6855.26,4144.74
ORD002180,2024-04-27,West,Technology,Laptop,Customer 12985,8,560000.0,560000.0,446016.75,113983.25
ORD000278,2024-04-28,West,Technology,Monitor,Customer 17808,3,75600.0,75600.0,60444.22,15155.78
ORD000540,2024-04-28,East,Technology,Keyboard,Customer 19713,5,23375.0,23375.0,17584.06,5790.94
ORD003471,2024-04-28,West,Furniture,Desk,Customer 13511,2,46800.0,46800.0,35134.15,11665.85
ORD003135,2024-04-28,South,Technology,Laptop,Customer 19016,3,189000.0,189000.0,150206.65,38793.35
ORD004767,2024-04-28,West,Office Supplies,Printer,Customer 15129,1,30000.0,30000.0,26033.88,3966.12
ORD000356,2024-04-28,West,Furniture,Desk,Customer 17668,5,110500.0,110500.0,91060.98,19439.02
ORD004244,2024-04-29,North,Technology,Monitor,Customer 15186,2,53200.0,53200.0,40548.25,12651.75
ORD004899,2024-04-29,East,Technology,Keyboard,Customer 13055,1,4950.0,4950.0,3391.7,1558.3
ORD000375,2024-04-29,West,Technology,Keyboard,Customer 19098,3,13200.0,13200.0,10108.58,3091.42
ORD004608,2024-04-29,East,Technology,Laptop,Customer 19570,4,280000.0,280000.0,228518.14,51481.86
ORD002915,2024-04-29,East,Technology,Mouse,Customer 11776,1,1980.0,1980.0,1115.46,864.54
ORD003693,2024-04-29,West,Furniture,Chair,Customer 16602,4,52200.0,52200.0,40599.84,11600.16
ORD000583,2024-04-30,West,Office Supplies,Printer,Customer 19879,1,24000.0,24000.0,25194.38,-1194.38
ORD000807,2024-04-30,South,Office Supplies,Printer,Customer 18862,1,30000.0,30000.0,24521.41,5478.59
ORD004404,2024-04-30,South,Technology,Laptop,Customer 16833,1,70000.0,70000.0,55266.29,14733.71
ORD001938,2024-04-30,West,Technology,Keyboard,Customer 18441,2,9350.0,9350.0,6505.16,2844.84
ORD001139,2024-04-30,North,Technology,Mouse,Customer 13502,4,7920.0,7920.0,3960.0,3960.0
ORD000330,2024-04-30,East,Furniture,Chair,Customer 12579,1,13050.0,13050.0,9107.95,3942.05
ORD001936,2024-04-30,West,Technology,Mouse,Customer 14748,3,6270.0,6270.0,3196.82,3073.18
ORD000520,2024-05-01,West,Technology,Mouse,Customer 14268,1,1980.0,1980.0,993.39,986.61
ORD004068,2024-05-01,East,Furniture,Chair,Customer 14815,4,58000.0,58000.0,37194.89,20805.11
ORD004145,2024-05-01,West,Furniture,Chair,Customer 13082,5,72500.0,72500.0,44828.09,27671.91
ORD001186,2024-05-01,East,Furniture,Desk,Customer 11655,5,104000.0,104000.0,86581.72,17418.28
ORD002953,2024-05-01,East,Technology,Mouse,Customer 17616,8,16720.0,16720.0,8789.5,7930.5
ORD000687,2024-05-01,West,Technology,Keyboard,Customer 15030,2,10450.0,10450.0,6778.43,3671.57
ORD004695,2024-05-02,South,Technology,Mouse,Customer 19965,4,7480.0,7480.0,3977.77,3502.23
ORD004465,2024-05-02,West,Technology,Laptop,Customer 16283,1,63000.0,63000.0,55458.69,7541.31
ORD004930,2024-05-02,North,Furniture,Desk,Customer 10034,1,24700.0,24700.0,17793.27,6906.73
ORD004261,2024-05-02,West,Furniture,Chair,Customer 17099,10,137750.0,137750.0,91557.72,46192.28
ORD001887,2024-05-02,East,Furniture,Chair,Customer 13008,1,14500.0,14500.0,9663.19,4836.81
ORD001517,2024-05-02,South,Technology,Monitor,Customer 13456,2,53200.0,53200.0,42209.19,10990.81
ORD003570,2024-05-03,West,Office Supplies,Printer,Customer 15294,4,102000.0,102000.0,95916.68,6083.32
ORD002179,2024-05-03,South,Technology,Mouse,Customer 13452,1,1980.0,1980.0,1099.15,880.85
ORD004988,2024-05-03,North,Office Supplies,Printer,Customer 19789,1,30000.0,30000.0,25684.46,4315.54
ORD003493,2024-05-03,North,Technology,Laptop,Customer 15395,4,252000.0,252000.0,210191.03,41808.97
ORD001798,2024-05-03,West,Technology,Laptop,Customer 12443,4,252000.0,252000.0,218825.36,33174.64
ORD004645,2024-05-04,North,Office Supplies,Printer,Customer 19269,3,81000.0,81000.0,73568.03,7431.97
ORD003541,2024-05-04,South,Technology,Laptop,Customer 18842,10,595000.0,595000.0,546412.75,48587.25
ORD004451,2024-05-04,North,Technology,Keyboard,Customer 15592,2,9900.0,9900.0,7007.66,2892.34
ORD004130,2024-05-04,West,Technology,Mouse,Customer 19469,6,13200.0,13200.0,6327.45,6872.55
ORD001545,2024-05-04,West,Furniture,Chair,Customer 10955,6,82650.0,82650.0,58334.55,24315.45
ORD000811,2024-05-04,North,Technology,Mouse,Customer 18454,3,6270.0,6270.0,3004.78,3265.22
ORD002395,2024-05-04,North,Office Supplies,Printer,Customer 18775,2,54000.0,54000.0,50634.97,3365.03
ORD001216,2024-05-05,South,Office Supplies,Printer,Customer 15468,2,60000.0,60000.0,49531.78,10468.22
ORD001704,2024-05-05,North,Technology,Keyboard,Customer 14691,1,5500.0,5500.0,3582.24,1917.76
ORD002869,2024-05-05,East,Technology,Laptop,Customer 15290,3,189000.0,189000.0,153392.68,35607.32
ORD000514,2024-05-05,North,Furniture,Chair,Customer 14655,6,73950.0,73950.0,54754.77,19195.23
ORD003967,2024-05-05,West,Technology,Monitor,Customer 12221,1,28000.0,28000.0,19715.01,8284.99
ORD001208,2024-05-06,North,Technology,Mouse,Customer 18289,1,2090.0,2090.0,1066.23,1023.77
ORD003388,2024-05-06,West,Technology,Laptop,Customer 18266,2,119000.0,119000.0,111911.93,7088.07
ORD001429,2024-05-06,East,Technology,Laptop,Customer 11962,4,238000.0,238000.0,216277.26,21722.74
ORD001432,2024-05-06,West,Technology,Monitor,Customer 12846,2,53200.0,53200.0,40077.84,13122.16
ORD000658,2024-05-06,South,Technology,Laptop,Customer 16948,2,133000.0,133000.0,109261.38,23738.62
ORD000806,2024-05-06,South,Furniture,Desk,Customer 19495,5,130000.0,130000.0,85861.29,44138.71
ORD001830,2024-05-07,West,Technology,Keyboard,Customer 18631,1,4400.0,4400.0,3342.57,1057.43
ORD000739,2024-05-07,West,Technology,Keyboard,Customer 18422,2,10450.0,10450.0,6918.58,3531.42
ORD004453,2024-05-07,East,Technology,Mouse,Customer 17884,1,1980.0,1980.0,990.28,989.72
ORD004871,2024-05-07,South,Furniture,Desk,Customer 11208,1,24700.0,24700.0,17529.71,7170.29
ORD000537,2024-05-08,North,Office Supplies,Printer,Customer 15183,2,57000.0,57000.0,53207.65,3792.35
ORD000539,2024-05-08,East,Furniture,Chair,Customer 11149,3,36975.0,36975.0,27711.99,9263.01
ORD002105,2024-05-08,East,Technology,Laptop,Customer 11459,2,126000.0,126000.0,107679.94,18320.06
ORD003671,2024-05-08,West,Technology,Mouse,Customer 15767,8,14960.0,14960.0,8779.66,6180.34
ORD000631,2024-05-08,North,Office Supplies,Printer,Customer 10156,4,114000.0,114000.0,97958.78,16041.22
ORD001746,2024-05-09,North,Furniture,Chair,Customer 16956,3,43500.0,43500.0,28883.9,14616.1
ORD000334,2024-05-09,South,Technology,Mouse,Customer 10474,1,2200.0,2200.0,1015.61,1184.39
ORD003285,2024-05-09,East,Technology,Laptop,Customer 11839,5,350000.0,350000.0,285065.71,64934.29
ORD002711,2024-05-09,North,Furniture,Desk,Customer 15009,2,52000.0,52000.0,35006.38,16993.62
ORD000387,2024-05-09,South,Technology,Monitor,Customer 15736,10,280000.0,280000.0,214803.32,65196.68
ORD001573,2024-05-10,West,Furniture,Desk,Customer 19564,1,23400.0,23400.0,17552.75,5847.25
ORD004652,2024-05-10,North,Technology,Laptop,Customer 15004,1,63000.0,63000.0,53336.49,9663.51
ORD001577,2024-05-10,West,Furniture,Desk,Customer 12503,1,23400.0,23400.0,17907.19,5492.81
ORD000921,2024-05-10,South,Technology,Monitor,Customer 14548,10,252000.0,252000.0,205886.41,46113.59
ORD000229,2024-05-10,North,Office Supplies,Printer,Customer 14311,6,162000.0,162000.0,144009.53,17990.47
ORD004712,2024-05-10,East,Technology,Monitor,Customer 18522,2,53200.0,53200.0,38650.66,14549.34
ORD002216,2024-05-10,East,Furniture,Desk,Customer 18041,6,140400.0,140400.0,113092.21,27307.79
ORD003580,2024-05-11,West,Office Supplies,Printer,Customer 14013,3,76500.0,76500.0,71257.4,5242.6
ORD004620,2024-05-11,West,Technology,Laptop,Customer 18466,2,133000.0,133000.0,111704.64,21295.36
ORD001117,2024-05-11,North,Technology,Mouse,Customer 13621,5,10450.0,10450.0,5689.06,4760.94
ORD000151,2024-05-11,West,Office Supplies,Printer,Customer 12948,2,60000.0,60000.0,49181.52,10818.48
ORD003557,2024-05-12,North,Furniture,Desk,Customer 18608,8,208000.0,208000.0,133595.63,74404.37
ORD003163,2024-05-12,West,Technology,Keyboard,Customer 14690,2,10450.0,10450.0,7029.22,3420.78
ORD004239,2024-05-12,South,Technology,Laptop,Customer 13845,1,63000.0,63000.0,55040.04,7959.96
ORD002768,2024-05-12,South,Technology,Keyboard,Customer 16099,6,31350.0,31350.0,20172.68,11177.32
ORD000951,2024-05-12,West,Furniture,Chair,Customer 16808,2,29000.0,29000.0,19003.54,9996.46
ORD000795,2024-05-13,South,Furniture,Chair,Customer 16845,2,26100.0,26100.0,19065.81,7034.19
ORD000402,2024-05-13,West,Technology,Mouse,Customer 10674,1,2200.0,2200.0,1034.67,1165.33
ORD002804,2024-05-13,South,Technology,Laptop,Customer 19346,4,252000.0,252000.0,207076.15,44923.85
ORD002866,2024-05-13,South,Technology,Laptop,Customer 14703,2,126000.0,126000.0,108491.56,17508.44
ORD003392,2024-05-13,West,Furniture,Chair,Customer 18803,4,55100.0,55100.0,38732.69,16367.31
ORD001350,2024-05-14,North,Office Supplies,Printer,Customer 18263,3,90000.0,90000.0,74514.42,15485.58
ORD003096,2024-05-14,North,Furniture,Chair,Customer 15769,1,13775.0,13775.0,9446.71,4328.29
ORD003440,2024-05-14,West,Office Supplies,Printer,Customer 14775,2,57000.0,57000.0,50722.96,6277.04
ORD004443,2024-05-15,North,Technology,Laptop,Customer 16133,3,178500.0,178500.0,164068.78,14431.22
ORD002129,2024-05-16,North,Furniture,Desk,Customer 10495,1,24700.0,24700.0,17958.67,6741.33
ORD004888,2024-05-16,East,Office Supplies,Printer,Customer 12828,10,285000.0,285000.0,243859.62,41140.38
ORD000497,2024-05-16,South,Technology,Laptop,Customer 13096,3,189000.0,189000.0,160249.7,28750.3
ORD000323,2024-05-16,West,Technology,Monitor,Customer 18244,2,53200.0,53200.0,39690.04,13509.96
ORD002173,2024-05-16,North,Technology,Mouse,Customer 10579,4,8360.0,8360.0,4104.64,4255.36
ORD001134,2024-05-16,East,Furniture,Chair,Customer 13393,4,46400.0,46400.0,35892.96,10507.04
ORD002140,2024-05-17,South,Office Supplies,Printer,Customer 17903,3,90000.0,90000.0,71963.98,18036.02
ORD004762,2024-05-17,North,Technology,Laptop,Customer 14941,3,199500.0,199500.0,154436.47,45063.53
ORD004521,2024-05-17,South,Technology,Monitor,Customer 17205,10,266000.0,266000.0,189010.97,76989.03
ORD004457,2024-05-17,South,Furniture,Chair,Customer 19756,2,27550.0,27550.0,18442.18,9107.82
ORD003966,2024-05-17,West,Technology,Mouse,Customer 19757,2,3960.0,3960.0,2102.24,1857.76
ORD001214,2024-05-17,South,Furniture,Desk,Customer 12768,2,41600.0,41600.0,35925.4,5674.6
ORD000163,2024-05-18,West,Technology,Keyboard,Customer 18183,3,16500.0,16500.0,9021.13,7478.87
ORD001107,2024-05-18,East,Furniture,Chair,Customer 18877,1,13775.0,13775.0,9719.88,4055.12
ORD004140,2024-05-18,South,Furniture,Desk,Customer 15273,4,98800.0,98800.0,68542.07,30257.93
ORD002214,2024-05-18,North,Furniture,Desk,Customer 10618,1,26000.0,26000.0,17414.05,8585.95
ORD003737,2024-05-18,South,Technology,Keyboard,Customer 16289,5,26125.0,26125.0,17959.15,8165.85
ORD004213,2024-05-18,West,Technology,Mouse,Customer 12122,2,3520.0,3520.0,2140.88,1379.12
ORD002429,2024-05-19,West,Technology,Laptop,Customer 13172,3,189000.0,189000.0,162811.6,26188.4
ORD004722,2024-05-19,West,Technology,Laptop,Customer 14253,10,665000.0,665000.0,596583.9,68416.1
ORD000644,2024-05-19,South,Furniture,Chair,Customer 10200,2,29000.0,29000.0,20431.39,8568.61
ORD001170,2024-05-19,South,Technology,Keyboard,Customer 10619,1,5500.0,5500.0,3392.68,2107.32
ORD002727,2024-05-19,South,Technology,Monitor,Customer 17088,5,119000.0,119000.0,104379.49,14620.51
ORD004412,2024-05-20,West,Technology,Laptop,Customer 14356,2,133000.0,133000.0,106352.3,26647.7
ORD004858,2024-05-20,West,Furniture,Desk,Customer 17875,8,208000.0,208000.0,150711.71,57288.29
ORD003340,2024-05-20,North,Office Supplies,Printer,Customer 15673,4,102000.0,102000.0,102249.48,-249.48
ORD002933,2024-05-20,West,Technology,Monitor,Customer 15088,5,126000.0,126000.0,100248.97,25751.03
ORD001790,2024-05-20,East,Furniture,Chair,Customer 11466,5,68875.0,68875.0,48785.24,20089.76
ORD001566,2024-05-20,South,Furniture,Desk,Customer 15427,2,46800.0,46800.0,34813.8,11986.2
ORD004660,2024-05-20,West,Furniture,Chair,Customer 19816,2,24650.0,24650.0,19178.25,5471.75
ORD004212,2024-05-21,North,Furniture,Chair,Customer 12180,5,72500.0,72500.0,46583.72,25916.28
ORD004467,2024-05-21,West,Technology,Laptop,Customer 11087,1,63000.0,63000.0,53850.56,9149.44
ORD002380,2024-05-21,South,Technology,Keyboard,Customer 13863,3,15675.0,15675.0,10439.53,5235.47
ORD003329,2024-05-21,North,Furniture,Chair,Customer 10444,3,34800.0,34800.0,29658.92,5141.08
ORD000634,2024-05-21,West,Technology,Keyboard,Customer 16858,2,10450.0,10450.0,6617.67,3832.33
ORD001373,2024-05-21,West,Technology,Keyboard,Customer 14011,2,11000.0,11000.0,6988.92,4011.08
ORD001472,2024-05-22,West,Furniture,Chair,Customer 17219,4,58000.0,58000.0,36398.19,21601.81
ORD003073,2024-05-22,North,Office Supplies,Printer,Customer 19237,2,57000.0,57000.0,50979.19,6020.81
ORD004021,2024-05-22,South,Furniture,Desk,Customer 13076,5,117000.0,117000.0,93921.73,23078.27
ORD003377,2024-05-22,West,Furniture,Chair,Customer 10690,3,34800.0,34800.0,31418.35,3381.65
ORD003363,2024-05-22,North,Technology,Laptop,Customer 19455,1,59500.0,59500.0,55378.38,4121.62
ORD003508,2024-05-23,North,Office Supplies,Printer,Customer 19216,4,114000.0,114000.0,96642.64,17357.36
ORD001396,2024-05-23,East,Technology,Monitor,Customer 13427,5,126000.0,126000.0,97636.94,28363.06
ORD002848,2024-05-23,North,Furniture,Chair,Customer 14274,3,39150.0,39150.0,28602.98,10547.02
ORD003668,2024-05-23,East,Furniture,Chair,Customer 19288,1,12325.0,12325.0,9311.5,3013.5
ORD000081,2024-05-24,East,Technology,Monitor,Customer 12256,1,26600.0,26600.0,21516.06,5083.94
ORD000523,2024-05-24,North,Furniture,Chair,Customer 18584,3,39150.0,39150.0,29548.13,9601.87
ORD000504,2024-05-25,East,Furniture,Desk,Customer 19853,1,26000.0,26000.0,16640.03,9359.97
ORD000436,2024-05-25,East,Furniture,Chair,Customer 14225,1,12325.0,12325.0,9228.69,3096.31
ORD003876,2024-05-25,West,Technology,Monitor,Customer 10112,4,112000.0,112000.0,83036.44,28963.56
ORD001686,2024-05-25,South,Furniture,Chair,Customer 11467,6,73950.0,73950.0,57931.37,16018.63
ORD001749,2024-05-26,South,Technology,Monitor,Customer 15564,5,126000.0,126000.0,98709.29,27290.71
ORD003048,2024-05-26,North,Furniture,Chair,Customer 16709,3,43500.0,43500.0,30120.16,13379.84
ORD003227,2024-05-26,West,Technology,Mouse,Customer 19923,1,2200.0,2200.0,1107.03,1092.97
ORD004372,2024-05-26,South,Furniture,Chair,Customer 18114,6,82650.0,82650.0,55089.55,27560.45
ORD004298,2024-05-26,West,Technology,Monitor,Customer 18205,2,53200.0,53200.0,38718.59,14481.41
ORD000935,2024-05-26,North,Technology,Monitor,Customer 10712,2,56000.0,56000.0,39629.77,16370.23
ORD000023,2024-05-27,South,Technology,Mouse,Customer 19585,2,3960.0,3960.0,2087.56,1872.44
ORD004006,2024-05-27,West,Furniture,Chair,Customer 10772,1,12325.0,12325.0,9681.92,2643.08
ORD000680,2024-05-27,South,Technology,Laptop,Customer 12193,4,238000.0,238000.0,209626.86,28373.14
ORD002355,2024-05-27,East,Technology,Keyboard,Customer 17920,4,18700.0,18700.0,13018.76,5681.24
ORD004577,2024-05-27,South,Technology,Laptop,Customer 12755,2,140000.0,140000.0,106771.68,33228.32
ORD004505,2024-05-27,North,Technology,Mouse,Customer 11492,3,5280.0,5280.0,3091.96,2188.04
ORD000030,2024-05-27,West,Technology,Laptop,Customer 18916,1,66500.0,66500.0,52363.61,14136.39
ORD001882,2024-05-28,South,Technology,Monitor,Customer 10573,4,106400.0,106400.0,84648.52,21751.48
ORD001594,2024-05-28,North,Office Supplies,Printer,Customer 14378,3,90000.0,90000.0,71634.67,18365.33
ORD001159,2024-05-28,West,Technology,Monitor,Customer 18383,6,159600.0,159600.0,116736.68,42863.32
ORD001022,2024-05-28,East,Technology,Mouse,Customer 16893,1,2200.0,2200.0,1008.28,1191.72
ORD004746,2024-05-28,West,Technology,Keyboard,Customer 14752,1,5225.0,5225.0,3470.47,1754.53
ORD002519,2024-05-28,West,Technology,Laptop,Customer 18023,3,210000.0,210000.0,168825.92,41174.08
ORD000679,2024-05-28,North,Technology,Mouse,Customer 10733,6,12540.0,12540.0,6108.19,6431.81
ORD002722,2024-05-28,South,Furniture,Chair,Customer 14905,1,12325.0,12325.0,9360.46,2964.54
ORD002074,2024-05-28,West,Technology,Monitor,Customer 12427,1,25200.0,25200.0,19719.55,5480.45
ORD000403,2024-05-29,East,Technology,Laptop,Customer 19002,1,63000.0,63000.0,57387.6,5612.4
ORD001230,2024-05-29,North,Technology,Laptop,Customer 17487,1,66500.0,66500.0,50502.04,15997.96
ORD002146,2024-05-29,South,Technology,Mouse,Customer 19921,3,6270.0,6270.0,3021.6,3248.4
ORD001865,2024-05-29,North,Technology,Laptop,Customer 14631,2,126000.0,126000.0,105825.59,20174.41
ORD003019,2024-05-31,North,Technology,Monitor,Customer 10408,2,53200.0,53200.0,39865.82,13334.18
ORD000270,2024-06-01,North,Furniture,Desk,Customer 13716,1,24700.0,24700.0,16626.41,8073.59
ORD003250,2024-06-01,South,Technology,Monitor,Customer 12411,2,50400.0,50400.0,40447.68,9952.32
ORD004113,2024-06-01,East,Technology,Laptop,Customer 12854,1,59500.0,59500.0,53804.0,5696.0
ORD003946,2024-06-01,East,Technology,Keyboard,Customer 11462,1,5500.0,5500.0,3389.09,2110.91
ORD004904,2024-06-02,North,Technology,Laptop,Customer 10629,6,420000.0,420000.0,316052.2,103947.8
ORD004352,2024-06-02,North,Office Supplies,Printer,Customer 15977,1,27000.0,27000.0,24830.79,2169.21
ORD003484,2024-06-02,South,Technology,Laptop,Customer 18113,1,59500.0,59500.0,54225.89,5274.11
ORD002631,2024-06-02,East,Technology,Keyboard,Customer 10900,8,37400.0,37400.0,27520.71,9879.29
ORD000797,2024-06-02,North,Technology,Mouse,Customer 12088,5,9900.0,9900.0,5108.61,4791.39
ORD004661,2024-06-02,East,Office Supplies,Printer,Customer 13983,2,60000.0,60000.0,48746.27,11253.73
ORD002504,2024-06-03,South,Furniture,Chair,Customer 15280,1,13050.0,13050.0,9418.79,3631.21
ORD000493,2024-06-03,North,Technology,Monitor,Customer 15738,3,79800.0,79800.0,59303.06,20496.94
ORD003144,2024-06-03,West,Technology,Keyboard,Customer 15388,5,24750.0,24750.0,17679.3,7070.7
ORD001297,2024-06-03,East,Furniture,Desk,Customer 19671,1,22100.0,22100.0,18238.61,3861.39
ORD003566,2024-06-04,North,Technology,Monitor,Customer 15803,3,75600.0,75600.0,62023.96,13576.04
ORD003080,2024-06-04,East,Technology,Keyboard,Customer 16035,4,20900.0,20900.0,13585.44,7314.56
ORD001206,2024-06-04,North,Technology,Keyboard,Customer 17186,3,14850.0,14850.0,9681.6,5168.4
ORD003627,2024-06-05,West,Furniture,Desk,Customer 18298,1,24700.0,24700.0,18406.68,6293.32
ORD001750,2024-06-05,West,Furniture,Chair,Customer 17692,1,12325.0,12325.0,9745.24,2579.76
ORD001924,2024-06-05,North,Technology,Keyboard,Customer 18488,2,9900.0,9900.0,6378.28,3521.72
ORD003823,2024-06-05,North,Furniture,Chair,Customer 15440,5,72500.0,72500.0,48498.23,24001.77
ORD002269,2024-06-05,East,Furniture,Desk,Customer 11959,6,132600.0,132600.0,97701.99,34898.01
ORD000412,2024-06-05,West,Technology,Keyboard,Customer 13734,1,5500.0,5500.0,3565.9,1934.1
ORD000589,2024-06-06,West,Technology,Keyboard,Customer 11145,2,10450.0,10450.0,7387.57,3062.43
ORD001930,2024-06-06,East,Technology,Monitor,Customer 17733,1,26600.0,26600.0,20105.41,6494.59
ORD000202,2024-06-07,East,Technology,Mouse,Customer 13148,2,4400.0,4400.0,2157.92,2242.08
ORD003513,2024-06-07,West,Technology,Laptop,Customer 18449,1,66500.0,66500.0,55842.78,10657.22
ORD002445,2024-06-07,South,Furniture,Desk,Customer 16738,1,26000.0,26000.0,16943.29,9056.71
ORD000174,2024-06-07,West,Office Supplies,Printer,Customer 17781,1,28500.0,28500.0,25681.73,2818.27
ORD002198,2024-06-07,North,Furniture,Chair,Customer 19633,1,13775.0,13775.0,9784.55,3990.45
ORD002827,2024-06-08,North,Technology,Mouse,Customer 19640,3,6270.0,6270.0,3161.0,3109.0
ORD004556,2024-06-08,South,Technology,Mouse,Customer 18953,1,1760.0,1760.0,1001.98,758.02
ORD003937,2024-06-08,South,Technology,Monitor,Customer 13015,2,53200.0,53200.0,39797.12,13402.88
ORD004074,2024-06-08,North,Technology,Mouse,Customer 16833,2,4180.0,4180.0,2232.7,1947.3
ORD000643,2024-06-08,North,Office Supplies,Printer,Customer 11116,2,57000.0,57000.0,47782.12,9217.88
ORD003124,2024-06-08,South,Technology,Monitor,Customer 16796,3,75600.0,75600.0,59726.31,15873.69
ORD003922,2024-06-09,East,Technology,Laptop,Customer 14068,1,66500.0,66500.0,55105.19,11394.81
ORD004509,2024-06-09,North,Technology,Laptop,Customer 11472,5,332500.0,332500.0,276391.24,56108.76
ORD003128,2024-06-09,East,Furniture,Chair,Customer 16417,1,13775.0,13775.0,10108.88,3666.12
ORD004503,2024-06-10,West,Furniture,Desk,Customer 14314,4,98800.0,98800.0,71023.52,27776.48
ORD003501,2024-06-10,West,Furniture,Chair,Customer 10916,3,39150.0,39150.0,29850.63,9299.37
ORD003871,2024-06-10,South,Technology,Monitor,Customer 15851,2,56000.0,56000.0,41190.66,14809.34
ORD003056,2024-06-11,North,Technology,Monitor,Customer 19173,4,100800.0,100800.0,76782.65,24017.35
ORD003699,2024-06-11,West,Technology,Keyboard,Customer 10366,2,9900.0,9900.0,7120.41,2779.59
ORD002505,2024-06-11,East,Office Supplies,Printer,Customer 19572,1,27000.0,27000.0,24885.52,2114.48
ORD003109,2024-06-11,North,Furniture,Chair,Customer 13218,1,14500.0,14500.0,9094.3,5405.7
ORD002043,2024-06-11,South,Technology,Monitor,Customer 18438,2,50400.0,50400.0,41581.9,8818.1
ORD001440,2024-06-11,West,Technology,Monitor,Customer 10320,1,25200.0,25200.0,20227.12,4972.88
ORD003554,2024-06-12,West,Technology,Mouse,Customer 15047,10,19800.0,19800.0,10322.82,9477.18
ORD001263,2024-06-12,West,Technology,Laptop,Customer 19477,1,66500.0,66500.0,56653.73,9846.27
ORD002156,2024-06-12,South,Technology,Mouse,Customer 18026,2,4180.0,4180.0,2213.74,1966.26
ORD003558,2024-06-13,South,Technology,Monitor,Customer 11370,2,47600.0,47600.0,37953.6,9646.4
ORD004004,2024-06-13,South,Technology,Monitor,Customer 18291,1,28000.0,28000.0,20029.33,7970.67
ORD000292,2024-06-14,West,Technology,Keyboard,Customer 19029,3,16500.0,16500.0,9812.27,6687.73
ORD000253,2024-06-14,North,Technology,Monitor,Customer 17081,3,71400.0,71400.0,61172.88,10227.12
ORD001747,2024-06-14,West,Technology,Keyboard,Customer 16899,4,22000.0,22000.0,14091.23,7908.77
ORD000440,2024-06-14,West,Furniture,Chair,Customer 18463,4,52200.0,52200.0,39185.07,13014.93
ORD002114,2024-06-14,East,Technology,Keyboard,Customer 12057,4,18700.0,18700.0,13764.27,4935.73
ORD004133,2024-06-14,South,Office Supplies,Printer,Customer 17484,1,25500.0,25500.0,24963.23,536.77
ORD004096,2024-06-14,North,Furniture,Chair,Customer 17215,1,14500.0,14500.0,9415.17,5084.83
ORD004362,2024-06-15,West,Technology,Mouse,Customer 18325,2,4180.0,4180.0,2086.22,2093.78
ORD001509,2024-06-15,East,Technology,Mouse,Customer 14804,10,20900.0,20900.0,10461.94,10438.06
ORD003356,2024-06-15,West,Furniture,Chair,Customer 18690,1,13050.0,13050.0,9512.77,3537.23
ORD004475,2024-06-15,West,Technology,Monitor,Customer 16588,4,112000.0,112000.0,81356.28,30643.72
ORD002182,2024-06-15,West,Furniture,Chair,Customer 17374,1,13775.0,13775.0,8984.01,4790.99
ORD004245,2024-06-16,North,Technology,Monitor,Customer 12513,1,28000.0,28000.0,19862.77,8137.23
ORD001536,2024-06-16,South,Technology,Laptop,Customer 17144,4,238000.0,238000.0,216123.22,21876.78
ORD003547,2024-06-16,West,Technology,Keyboard,Customer 15469,2,8800.0,8800.0,6955.95,1844.05
ORD003045,2024-06-16,South,Technology,Laptop,Customer 15675,2,133000.0,133000.0,107035.13,25964.87
ORD003919,2024-06-16,West,Office Supplies,Printer,Customer 18847,4,102000.0,102000.0,103232.19,-1232.19
ORD001381,2024-06-16,East,Technology,Monitor,Customer 12127,3,84000.0,84000.0,58460.44,25539.56
ORD001755,2024-06-17,East,Furniture,Desk,Customer 14311,2,49400.0,49400.0,33571.84,15828.16
ORD003225,2024-06-17,North,Technology,Laptop,Customer 16146,5,315000.0,315000.0,270085.57,44914.43
ORD004731,2024-06-17,East,Technology,Keyboard,Customer 13015,1,4950.0,4950.0,3247.87,1702.13
ORD004697,2024-06-17,East,Technology,Mouse,Customer 10144,3,5280.0,5280.0,3052.93,2227.07
ORD002200,2024-06-17,West,Furniture,Desk,Customer 10468,1,24700.0,24700.0,17987.54,6712.46
ORD002491,2024-06-18,West,Furniture,Chair,Customer 13046,2,27550.0,27550.0,19317.23,8232.77
ORD003108,2024-06-18,West,Technology,Mouse,Customer 18922,3,5610.0,5610.0,3073.74,2536.26
ORD000527,2024-06-18,West,Technology,Laptop,Customer 17107,3,168000.0,168000.0,160353.45,7646.55
ORD001896,2024-06-18,East,Technology,Laptop,Customer 10351,1,59500.0,59500.0,54697.95,4802.05
ORD000273,2024-06-18,South,Furniture,Desk,Customer 11854,1,24700.0,24700.0,16755.85,7944.15
ORD000495,2024-06-18,South,Office Supplies,Printer,Customer 16136,4,108000.0,108000.0,98396.64,9603.36
ORD003782,2024-06-18,East,Technology,Keyboard,Customer 17227,3,15675.0,15675.0,10252.61,5422.39
ORD002049,2024-06-18,East,Furniture,Chair,Customer 14617,1,12325.0,12325.0,9549.7,2775.3
ORD000837,2024-06-19,South,Furniture,Chair,Customer 13163,4,58000.0,58000.0,37790.66,20209.34
ORD001980,2024-06-19,West,Technology,Laptop,Customer 18956,3,178500.0,178500.0,164745.68,13754.32
ORD000257,2024-06-19,South,Technology,Mouse,Customer 13139,2,4400.0,4400.0,2107.26,2292.74
ORD002241,2024-06-19,North,Technology,Monitor,Customer 16636,3,84000.0,84000.0,60460.84,23539.16
ORD004480,2024-06-19,North,Technology,Monitor,Customer 11880,1,26600.0,26600.0,20061.14,6538.86
ORD002585,2024-06-19,East,Technology,Laptop,Customer 12141,3,199500.0,199500.0,155184.53,44315.47
ORD000945,2024-06-19,West,Technology,Laptop,Customer 11239,3,178500.0,178500.0,172330.12,6169.88
ORD000506,2024-06-20,East,Furniture,Desk,Customer 14610,2,46800.0,46800.0,33612.06,13187.94
ORD004122,2024-06-20,North,Furniture,Chair,Customer 12133,2,29000.0,29000.0,19802.05,9197.95
ORD001011,2024-06-20,South,Technology,Laptop,Customer 19724,1,63000.0,63000.0,50621.94,12378.06
ORD001397,2024-06-20,North,Furniture,Desk,Customer 10079,1,20800.0,20800.0,17242.78,3557.22
ORD002667,2024-06-20,East,Technology,Laptop,Customer 13203,1,66500.0,66500.0,52445.7,14054.3
ORD002516,2024-06-20,South,Technology,Keyboard,Customer 13666,3,16500.0,16500.0,9971.22,6528.78
ORD003255,2024-06-21,South,Technology,Keyboard,Customer 14097,2,11000.0,11000.0,6807.06,4192.94
ORD003794,2024-06-21,West,Technology,Laptop,Customer 19451,5,315000.0,315000.0,266013.4,48986.6
ORD001565,2024-06-21,West,Technology,Monitor,Customer 15631,4,106400.0,106400.0,78063.57,28336.43
ORD004934,2024-06-21,South,Technology,Mouse,Customer 14071,3,6270.0,6270.0,3159.84,3110.16
ORD003639,2024-06-21,South,Furniture,Chair,Customer 12240,3,43500.0,43500.0,28067.29,15432.71
ORD003278,2024-06-22,North,Furniture,Desk,Customer 16423,1,22100.0,22100.0,17237.3,4862.7
ORD002263,2024-06-22,West,Technology,Laptop,Customer 12606,4,280000.0,280000.0,217862.5,62137.5
ORD002495,2024-06-22,West,Technology,Mouse,Customer 10088,1,2200.0,2200.0,1139.69,1060.31
ORD003918,2024-06-22,South,Technology,Mouse,Customer 14163,2,3960.0,3960.0,2104.0,1856.0
ORD001538,2024-06-23,South,Office Supplies,Printer,Customer 10464,3,90000.0,90000.0,76164.55,13835.45
ORD004979,2024-06-23,South,Technology,Keyboard,Customer 19654,10,49500.0,49500.0,36078.78,13421.22
ORD000673,2024-06-23,South,Technology,Keyboard,Customer 15472,4,18700.0,18700.0,14180.78,4519.22
ORD004919,2024-06-23,South,Furniture,Desk,Customer 10994,2,52000.0,52000.0,35609.55,16390.45
ORD004983,2024-06-23,South,Technology,Mouse,Customer 16051,5,11000.0,11000.0,5789.76,5210.24
ORD004811,2024-06-23,South,Technology,Laptop,Customer 10238,1,63000.0,63000.0,50797.35,12202.65
ORD003796,2024-06-24,West,Office Supplies,Printer,Customer 19040,4,102000.0,102000.0,96295.19,5704.81
ORD004306,2024-06-24,South,Furniture,Chair,Customer 18270,1,13775.0,13775.0,9262.05,4512.95
ORD004440,2024-06-24,South,Furniture,Desk,Customer 11918,1,24700.0,24700.0,17861.54,6838.46
ORD001690,2024-06-24,North,Technology,Monitor,Customer 14715,8,224000.0,224000.0,156898.97,67101.03
ORD001395,2024-06-24,North,Technology,Laptop,Customer 13339,5,297500.0,297500.0,263377.88,34122.12
ORD003341,2024-06-24,West,Technology,Laptop,Customer 12564,2,126000.0,126000.0,113920.7,12079.3
ORD004769,2024-06-25,North,Technology,Laptop,Customer 15680,2,112000.0,112000.0,106031.88,5968.12
ORD002426,2024-06-25,South,Technology,Keyboard,Customer 16108,4,20900.0,20900.0,13853.83,7046.17
ORD001741,2024-06-25,North,Technology,Keyboard,Customer 13659,4,19800.0,19800.0,13549.43,6250.57
ORD000936,2024-06-25,South,Office Supplies,Printer,Customer 15627,1,27000.0,27000.0,24214.91,2785.09
ORD003769,2024-06-26,West,Technology,Mouse,Customer 16184,1,2200.0,2200.0,1065.88,1134.12
ORD001893,2024-06-26,West,Technology,Monitor,Customer 15554,1,28000.0,28000.0,20911.89,7088.11
ORD003083,2024-06-26,West,Furniture,Chair,Customer 12312,2,29000.0,29000.0,18930.18,10069.82
ORD002940,2024-06-26,East,Technology,Mouse,Customer 10390,1,2090.0,2090.0,1128.67,961.33
ORD000136,2024-06-26,North,Furniture,Chair,Customer 12732,6,82650.0,82650.0,55065.72,27584.28
ORD002534,2024-06-26,East,Technology,Laptop,Customer 16787,2,126000.0,126000.0,112461.98,13538.02
ORD004600,2024-06-26,West,Technology,Mouse,Customer 18075,4,8360.0,8360.0,4687.0,3673.0
ORD001540,2024-06-27,South,Technology,Laptop,Customer 10796,6,378000.0,378000.0,323083.0,54917.0
ORD002053,2024-06-27,West,Technology,Laptop,Customer 10775,1,70000.0,70000.0,53920.85,16079.15
ORD001851,2024-06-27,South,Furniture,Chair,Customer 17195,1,14500.0,14500.0,9891.92,4608.08
ORD001077,2024-06-27,East,Furniture,Chair,Customer 13741,1,13775.0,13775.0,8923.4,4851.6
ORD004870,2024-06-27,South,Technology,Laptop,Customer 17368,2,126000.0,126000.0,104273.4,21726.6
ORD002573,2024-06-27,South,Technology,Laptop,Customer 11094,5,297500.0,297500.0,278709.64,18790.36
ORD004534,2024-06-27,West,Technology,Laptop,Customer 19474,3,210000.0,210000.0,160484.31,49515.69
ORD000198,2024-06-27,West,Technology,Laptop,Customer 18750,3,199500.0,199500.0,164380.72,35119.28
ORD002618,2024-06-27,North,Furniture,Chair,Customer 13950,1,11600.0,11600.0,9374.36,2225.64
ORD002384,2024-06-28,West,Technology,Mouse,Customer 19176,1,1980.0,1980.0,1056.1,923.9
ORD000243,2024-06-29,East,Furniture,Desk,Customer 16532,3,78000.0,78000.0,55772.31,22227.69
ORD004818,2024-06-29,East,Furniture,Chair,Customer 18332,1,13775.0,13775.0,9959.6,3815.4
ORD000138,2024-06-29,South,Technology,Monitor,Customer 15535,6,168000.0,168000.0,117410.81,50589.19
ORD002257,2024-06-29,South,Furniture,Chair,Customer 10529,2,26100.0,26100.0,19914.8,6185.2
ORD000157,2024-06-29,East,Furniture,Chair,Customer 12453,1,13775.0,13775.0,9771.4,4003.6
ORD003210,2024-06-29,West,Furniture,Chair,Customer 10541,3,41325.0,41325.0,29481.62,11843.38
ORD003010,2024-06-29,North,Technology,Mouse,Customer 19574,2,3960.0,3960.0,1980.0,1980.0
ORD004665,2024-06-30,South,Technology,Mouse,Customer 19283,3,6270.0,6270.0,3366.98,2903.02
ORD004926,2024-06-30,South,Furniture,Desk,Customer 19451,6,140400.0,140400.0,103357.7,37042.3
ORD003436,2024-06-30,East,Furniture,Chair,Customer 18391,3,39150.0,39150.0,29188.62,9961.38
ORD002469,2024-06-30,West,Technology,Keyboard,Customer 10993,4,18700.0,18700.0,14825.41,3874.59
ORD003789,2024-06-30,West,Technology,Mouse,Customer 17898,1,2090.0,2090.0,1079.29,1010.71
ORD002155,2024-07-01,North,Technology,Keyboard,Customer 16277,4,18700.0,18700.0,13868.88,4831.12
ORD000293,2024-07-01,North,Technology,Keyboard,Customer 11201,1,5500.0,5500.0,3554.01,1945.99
ORD004236,2024-07-01,South,Technology,Keyboard,Customer 19897,1,5225.0,5225.0,3410.46,1814.54
ORD004985,2024-07-02,South,Furniture,Chair,Customer 16293,1,11600.0,11600.0,10061.38,1538.62
ORD004915,2024-07-02,South,Office Supplies,Printer,Customer 15854,2,57000.0,57000.0,48618.18,8381.82
ORD000659,2024-07-02,North,Technology,Keyboard,Customer 14321,1,5225.0,5225.0,3354.48,1870.52
ORD003600,2024-07-02,West,Furniture,Chair,Customer 18152,2,29000.0,29000.0,18375.63,10624.37
ORD004057,2024-07-02,East,Technology,Laptop,Customer 15335,2,140000.0,140000.0,111097.38,28902.62
ORD004034,2024-07-02,South,Office Supplies,Printer,Customer 10902,1,28500.0,28500.0,24921.84,3578.16
ORD000938,2024-07-03,South,Technology,Monitor,Customer 13604,6,159600.0,159600.0,124370.8,35229.2
ORD002220,2024-07-03,West,Furniture,Chair,Customer 17930,6,87000.0,87000.0,55691.4,31308.6
ORD002878,2024-07-03,North,Technology,Laptop,Customer 15833,3,199500.0,199500.0,174140.67,25359.33
ORD000137,2024-07-03,East,Technology,Mouse,Customer 10182,2,3960.0,3960.0,1980.0,1980.0
ORD004334,2024-07-03,North,Technology,Monitor,Customer 13845,2,56000.0,56000.0,40302.13,15697.87
ORD000172,2024-07-03,South,Furniture,Desk,Customer 16471,2,44200.0,44200.0,36430.88,7769.12
ORD000333,2024-07-03,West,Furniture,Chair,Customer 11159,2,23200.0,23200.0,18932.38,4267.62
ORD001357,2024-07-03,West,Technology,Keyboard,Customer 16684,2,9900.0,9900.0,6659.2,3240.8
ORD004029,2024-07-04,East,Furniture,Chair,Customer 15040,1,14500.0,14500.0,9983.15,4516.85
ORD003433,2024-07-04,East,Furniture,Desk,Customer 13235,1,24700.0,24700.0,18345.21,6354.79
ORD002919,2024-07-04,North,Technology,Mouse,Customer 13412,1,2090.0,2090.0,1037.1,1052.9
ORD000325,2024-07-05,North,Furniture,Desk,Customer 15503,10,221000.0,221000.0,171727.18,49272.82
ORD001653,2024-07-05,East,Technology,Laptop,Customer 15332,2,126000.0,126000.0,107466.32,18533.68
ORD002361,2024-07-05,West,Furniture,Chair,Customer 13601,1,13775.0,13775.0,9698.44,4076.56
ORD004593,2024-07-05,East,Technology,Keyboard,Customer 19334,2,8800.0,8800.0,6745.07,2054.93
ORD002911,2024-07-06,South,Technology,Laptop,Customer 17804,2,133000.0,133000.0,106734.48,26265.52
ORD002139,2024-07-06,North,Furniture,Chair,Customer 12777,2,26100.0,26100.0,18351.66,7748.34
ORD003665,2024-07-06,South,Furniture,Desk,Customer 14189,4,104000.0,104000.0,70350.2,33649.8
ORD001902,2024-07-06,West,Furniture,Chair,Customer 18159,4,55100.0,55100.0,36815.27,18284.73
ORD001630,2024-07-06,East,Technology,Mouse,Customer 12245,2,4180.0,4180.0,2217.14,1962.86
ORD003999,2024-07-06,West,Technology,Monitor,Customer 13004,6,151200.0,151200.0,121799.21,29400.79
ORD000480,2024-07-07,West,Technology,Laptop,Customer 11466,8,560000.0,560000.0,436928.43,123071.57
ORD003688,2024-07-08,North,Technology,Monitor,Customer 10446,2,53200.0,53200.0,40510.96,12689.04
ORD000789,2024-07-08,West,Technology,Laptop,Customer 14825,1,66500.0,66500.0,52501.05,13998.95
ORD001284,2024-07-08,West,Technology,Monitor,Customer 19028,5,119000.0,119000.0,99561.52,19438.48
ORD002836,2024-07-08,West,Technology,Mouse,Customer 10927,2,4180.0,4180.0,2166.52,2013.48
ORD004667,2024-07-08,North,Technology,Keyboard,Customer 13912,3,15675.0,15675.0,9741.18,5933.82
ORD001776,2024-07-09,South,Furniture,Chair,Customer 18304,3,39150.0,39150.0,28159.21,10990.79
ORD002357,2024-07-09,West,Technology,Mouse,Customer 11139,3,5610.0,5610.0,3149.86,2460.14
ORD003545,2024-07-10,North,Technology,Laptop,Customer 10747,6,378000.0,378000.0,317381.22,60618.78
ORD002531,2024-07-10,East,Technology,Laptop,Customer 10709,4,280000.0,280000.0,224139.24,55860.76
ORD004686,2024-07-11,West,Technology,Monitor,Customer 14673,3,75600.0,75600.0,53643.22,21956.78
ORD004981,2024-07-11,North,Technology,Laptop,Customer 10842,2,133000.0,133000.0,105720.18,27279.82
ORD003365,2024-07-11,North,Technology,Monitor,Customer 11839,4,112000.0,112000.0,78105.5,33894.5
ORD003893,2024-07-11,South,Technology,Laptop,Customer 13157,1,63000.0,63000.0,52966.22,10033.78
ORD002657,2024-07-12,South,Furniture,Desk,Customer 12275,2,49400.0,49400.0,34097.12,15302.88
ORD001126,2024-07-12,West,Technology,Keyboard,Customer 15555,4,19800.0,19800.0,13577.05,6222.95
ORD003244,2024-07-12,East,Technology,Mouse,Customer 10608,3,6600.0,6600.0,3424.16,3175.84
ORD002997,2024-07-12,East,Furniture,Desk,Customer 17316,1,22100.0,22100.0,17447.09,4652.91
ORD002723,2024-07-12,West,Technology,Monitor,Customer 11539,2,50400.0,50400.0,41577.38,8822.62
ORD001804,2024-07-13,West,Furniture,Chair,Customer 13354,3,43500.0,43500.0,30487.28,13012.72
ORD002943,2024-07-13,North,Furniture,Chair,Customer 15411,1,13050.0,13050.0,9980.52,3069.48
ORD001325,2024-07-13,West,Technology,Laptop,Customer 12323,2,140000.0,140000.0,104381.16,35618.84
ORD001649,2024-07-13,West,Technology,Monitor,Customer 10355,4,100800.0,100800.0,80030.59,20769.41
ORD003261,2024-07-13,South,Technology,Laptop,Customer 19085,2,133000.0,133000.0,114001.1,18998.9
ORD000430,2024-07-13,South,Technology,Laptop,Customer 14511,2,133000.0,133000.0,107303.06,25696.94
ORD003532,2024-07-13,West,Technology,Monitor,Customer 14898,3,71400.0,71400.0,62658.98,8741.02
ORD000557,2024-07-13,South,Technology,Laptop,Customer 14955,1,70000.0,70000.0,56281.91,13718.09
ORD003061,2024-07-14,West,Technology,Mouse,Customer 11372,1,2090.0,2090.0,991.12,1098.88
ORD004341,2024-07-14,West,Technology,Laptop,Customer 17126,2,140000.0,140000.0,114629.28,25370.72
ORD001593,2024-07-14,West,Furniture,Chair,Customer 13664,2,27550.0,27550.0,21082.11,6467.89
ORD000467,2024-07-14,East,Furniture,Desk,Customer 18732,1,26000.0,26000.0,17571.6,8428.4
ORD002255,2024-07-14,North,Furniture,Chair,Customer 15182,2,26100.0,26100.0,19347.52,6752.48
ORD002231,2024-07-15,West,Furniture,Desk,Customer 12948,1,24700.0,24700.0,17775.07,6924.93
ORD003962,2024-07-15,North,Technology,Monitor,Customer 19936,3,79800.0,79800.0,60596.17,19203.83
ORD001268,2024-07-15,West,Technology,Mouse,Customer 17934,1,2200.0,2200.0,1064.19,1135.81
ORD000657,2024-07-15,West,Furniture,Chair,Customer 19890,4,58000.0,58000.0,35792.15,22207.85
ORD000195,2024-07-15,West,Technology,Keyboard,Customer 15042,4,22000.0,22000.0,13660.48,8339.52
ORD004023,2024-07-15,South,Technology,Keyboard,Customer 16720,2,9900.0,9900.0,7022.55,2877.45
ORD004060,2024-07-15,South,Office Supplies,Printer,Customer 10466,5,135000.0,135000.0,123590.28,11409.72
ORD000001,2024-07-15,West,Furniture,Desk,Customer 10942,2,44200.0,44200.0,36582.73,7617.27
ORD003978,2024-07-16,North,Technology,Mouse,Customer 16354,4,8360.0,8360.0,4022.36,4337.64
ORD003949,2024-07-16,East,Furniture,Desk,Customer 13483,1,23400.0,23400.0,17689.65,5710.35
ORD002532,2024-07-16,South,Technology,Monitor,Customer 19412,1,28000.0,28000.0,19502.76,8497.24
ORD002756,2024-07-16,South,Technology,Laptop,Customer 18553,8,560000.0,560000.0,431532.79,128467.21
ORD002913,2024-07-16,North,Technology,Laptop,Customer 16412,6,357000.0,357000.0,327817.33,29182.67
ORD004813,2024-07-16,South,Technology,Mouse,Customer 18268,4,8800.0,8800.0,4313.23,4486.77
ORD002500,2024-07-16,West,Furniture,Chair,Customer 16458,3,43500.0,43500.0,28688.08,14811.92
ORD000715,2024-07-16,East,Furniture,Desk,Customer 11257,10,247000.0,247000.0,175127.43,71872.57
ORD000828,2024-07-16,North,Technology,Monitor,Customer 19194,2,50400.0,50400.0,39060.78,11339.22
ORD002300,2024-07-17,South,Technology,Mouse,Customer 18618,6,12540.0,12540.0,6307.75,6232.25
ORD002363,2024-07-17,West,Technology,Mouse,Customer 10670,3,6600.0,6600.0,3031.8,3568.2
ORD004310,2024-07-17,North,Technology,Laptop,Customer 19106,1,66500.0,66500.0,55828.39,10671.61
ORD001626,2024-07-17,South,Furniture,Desk,Customer 10567,1,22100.0,22100.0,18169.29,3930.71
ORD000230,2024-07-17,South,Technology,Mouse,Customer 17058,10,17600.0,17600.0,10739.76,6860.24
ORD002371,2024-07-17,West,Technology,Laptop,Customer 13724,3,210000.0,210000.0,157883.39,52116.61
ORD000622,2024-07-17,West,Furniture,Chair,Customer 12502,2,29000.0,29000.0,18482.47,10517.53
ORD002080,2024-07-17,East,Technology,Monitor,Customer 18543,8,212800.0,212800.0,166597.52,46202.48
ORD004785,2024-07-17,West,Office Supplies,Printer,Customer 13746,4,96000.0,96000.0,95480.44,519.56
ORD001772,2024-07-18,West,Furniture,Desk,Customer 18278,5,117000.0,117000.0,86901.39,30098.61
ORD004291,2024-07-18,West,Technology,Monitor,Customer 18060,5,133000.0,133000.0,96940.79,36059.21
ORD004436,2024-07-18,North,Furniture,Desk,Customer 19701,1,22100.0,22100.0,17905.5,4194.5
ORD002375,2024-07-19,West,Technology,Keyboard,Customer 14827,1,5500.0,5500.0,3367.89,2132.11
ORD002370,2024-07-19,South,Technology,Keyboard,Customer 16979,2,11000.0,11000.0,7219.1,3780.9
ORD000979,2024-07-19,North,Technology,Laptop,Customer 18332,5,332500.0,332500.0,267787.6,64712.4
ORD003141,2024-07-19,East,Furniture,Chair,Customer 18732,3,39150.0,39150.0,27669.73,11480.27
ORD001972,2024-07-19,North,Technology,Monitor,Customer 17959,2,44800.0,44800.0,38946.93,5853.07
ORD002901,2024-07-20,West,Office Supplies,Printer,Customer 16067,2,60000.0,60000.0,48678.42,11321.58
ORD002870,2024-07-20,South,Technology,Monitor,Customer 19442,10,280000.0,280000.0,201043.01,78956.99
ORD003252,2024-07-20,South,Furniture,Chair,Customer 14829,2,29000.0,29000.0,19520.23,9479.77
ORD003319,2024-07-20,North,Furniture,Chair,Customer 19958,3,43500.0,43500.0,26724.47,16775.53
ORD004468,2024-07-20,West,Furniture,Chair,Customer 12227,3,34800.0,34800.0,28557.2,6242.8
ORD001682,2024-07-20,North,Furniture,Chair,Customer 19208,2,29000.0,29000.0,18859.07,10140.93
ORD001966,2024-07-20,West,Technology,Laptop,Customer 13677,1,70000.0,70000.0,54592.43,15407.57
ORD003385,2024-07-21,North,Office Supplies,Printer,Customer 19725,8,192000.0,192000.0,198074.71,-6074.71
ORD004284,2024-07-21,West,Office Supplies,Printer,Customer 12670,6,153000.0,153000.0,150043.23,2956.77
ORD000285,2024-07-21,East,Furniture,Chair,Customer 13369,6,82650.0,82650.0,56925.36,25724.64
ORD003908,2024-07-21,East,Furniture,Desk,Customer 11383,5,110500.0,110500.0,91194.96,19305.04
ORD004890,2024-07-21,South,Furniture,Desk,Customer 10082,8,187200.0,187200.0,139934.03,47265.97
ORD001663,2024-07-22,East,Technology,Laptop,Customer 16504,6,420000.0,420000.0,327810.18,92189.82
ORD002758,2024-07-22,East,Furniture,Chair,Customer 14626,3,39150.0,39150.0,29176.21,9973.79
ORD000269,2024-07-22,South,Technology,Laptop,Customer 12080,3,168000.0,168000.0,165615.06,2384.94
ORD002861,2024-07-22,East,Furniture,Desk,Customer 12311,2,49400.0,49400.0,35246.71,14153.29
ORD004166,2024-07-22,South,Technology,Monitor,Customer 14217,4,100800.0,100800.0,87466.25,13333.75
ORD000675,2024-07-22,West,Furniture,Chair,Customer 11188,4,58000.0,58000.0,36779.65,21220.35
ORD004330,2024-07-23,South,Technology,Keyboard,Customer 14725,1,5500.0,5500.0,3443.65,2056.35
ORD000189,2024-07-23,East,Furniture,Chair,Customer 10515,2,27550.0,27550.0,19585.22,7964.78
ORD003828,2024-07-23,East,Technology,Keyboard,Customer 11983,3,14025.0,14025.0,10135.63,3889.37
ORD004561,2024-07-23,North,Technology,Laptop,Customer 17341,4,280000.0,280000.0,221619.61,58380.39
ORD002890,2024-07-24,North,Technology,Monitor,Customer 17812,3,79800.0,79800.0,63948.62,15851.38
ORD000824,2024-07-24,North,Technology,Laptop,Customer 12357,1,66500.0,66500.0,51911.85,14588.15
ORD004107,2024-07-24,North,Technology,Monitor,Customer 15437,3,84000.0,84000.0,58866.84,25133.16
ORD003798,2024-07-24,South,Technology,Mouse,Customer 10779,8,16720.0,16720.0,7920.0,8800.0
ORD004836,2024-07-24,East,Technology,Keyboard,Customer 11757,2,9350.0,9350.0,6252.76,3097.24
ORD001651,2024-07-24,South,Technology,Mouse,Customer 11344,4,8360.0,8360.0,3960.0,4400.0
ORD004037,2024-07-25,North,Furniture,Desk,Customer 16963,1,26000.0,26000.0,17408.93,8591.07
ORD001249,2024-07-25,West,Technology,Laptop,Customer 16484,1,59500.0,59500.0,54858.11,4641.89
ORD000746,2024-07-25,North,Technology,Monitor,Customer 19961,3,79800.0,79800.0,61763.1,18036.9
ORD001709,2024-07-25,North,Furniture,Chair,Customer 17032,3,41325.0,41325.0,31274.0,10051.0
ORD003050,2024-07-25,East,Furniture,Chair,Customer 13123,6,87000.0,87000.0,58358.3,28641.7
ORD004138,2024-07-25,West,Furniture,Desk,Customer 11092,1,23400.0,23400.0,17794.35,5605.65
ORD001624,2024-07-25,North,Technology,Laptop,Customer 16082,1,70000.0,70000.0,56214.39,13785.61
ORD004382,2024-07-25,West,Furniture,Chair,Customer 15553,8,110200.0,110200.0,68749.62,41450.38
ORD002004,2024-07-25,East,Technology,Laptop,Customer 13236,2,119000.0,119000.0,109131.26,9868.74
ORD001999,2024-07-25,South,Technology,Mouse,Customer 10895,4,8360.0,8360.0,4175.49,4184.51
ORD002650,2024-07-25,East,Technology,Monitor,Customer 16955,1,25200.0,25200.0,19888.21,5311.79
ORD000533,2024-07-25,North,Furniture,Chair,Customer 11095,2,29000.0,29000.0,18687.89,10312.11
ORD004724,2024-07-25,North,Office Supplies,Printer,Customer 12397,2,60000.0,60000.0,50686.99,9313.01
ORD003595,2024-07-26,East,Office Supplies,Printer,Customer 15958,5,142500.0,142500.0,127806.91,14693.09
ORD001174,2024-07-26,North,Technology,Monitor,Customer 12716,3,75600.0,75600.0,65368.39,10231.61
ORD004571,2024-07-26,North,Technology,Laptop,Customer 13009,4,280000.0,280000.0,216655.17,63344.83
ORD001275,2024-07-26,East,Technology,Monitor,Customer 11114,3,79800.0,79800.0,58856.5,20943.5
ORD003372,2024-07-26,South,Technology,Keyboard,Customer 11602,6,29700.0,29700.0,20248.65,9451.35
ORD001926,2024-07-27,West,Technology,Laptop,Customer 12309,1,70000.0,70000.0,54774.79,15225.21
ORD003357,2024-07-27,North,Furniture,Chair,Customer 14065,4,52200.0,52200.0,37308.37,14891.63
ORD003531,2024-07-28,North,Furniture,Chair,Customer 18422,5,68875.0,68875.0,47678.05,21196.95
ORD000221,2024-07-28,West,Technology,Monitor,Customer 15365,1,25200.0,25200.0,18669.56,6530.44
ORD004968,2024-07-28,West,Technology,Keyboard,Customer 19273,1,4950.0,4950.0,3476.92,1473.08
ORD003724,2024-07-28,South,Technology,Keyboard,Customer 10472,2,10450.0,10450.0,6845.17,3604.83
ORD004377,2024-07-29,South,Technology,Keyboard,Customer 15807,2,10450.0,10450.0,7036.64,3413.36
ORD004460,2024-07-29,East,Furniture,Chair,Customer 16895,3,41325.0,41325.0,28635.18,12689.82
ORD001802,2024-07-29,North,Technology,Monitor,Customer 10333,1,26600.0,26600.0,19934.67,6665.33
ORD003952,2024-07-29,South,Technology,Laptop,Customer 10140,8,560000.0,560000.0,446782.21,113217.79
ORD002430,2024-07-30,West,Office Supplies,Printer,Customer 11451,4,108000.0,108000.0,102026.75,5973.25
ORD003673,2024-07-30,North,Office Supplies,Printer,Customer 14223,5,127500.0,127500.0,121158.49,6341.51
ORD003956,2024-07-31,West,Technology,Monitor,Customer 14214,1,26600.0,26600.0,19044.5,7555.5
ORD004559,2024-07-31,West,Technology,Mouse,Customer 17267,3,6600.0,6600.0,3167.02,3432.98
ORD004953,2024-07-31,North,Furniture,Chair,Customer 19407,4,49300.0,49300.0,37295.51,12004.49
ORD000794,2024-08-01,West,Office Supplies,Printer,Customer 15853,2,48000.0,48000.0,50528.53,-2528.53
ORD002211,2024-08-01,East,Technology,Monitor,Customer 16595,1,25200.0,25200.0,19229.34,5970.66
ORD002374,2024-08-01,South,Technology,Monitor,Customer 19877,8,212800.0,212800.0,160284.37,52515.63
ORD000747,2024-08-01,West,Technology,Monitor,Customer 18562,2,53200.0,53200.0,39027.57,14172.43
ORD000919,2024-08-01,South,Technology,Keyboard,Customer 16067,5,24750.0,24750.0,17212.44,7537.56
ORD000075,2024-08-01,East,Office Supplies,Printer,Customer 18841,1,27000.0,27000.0,24956.02,2043.98
ORD002079,2024-08-01,South,Office Supplies,Printer,Customer 13754,1,30000.0,30000.0,25622.91,4377.09
ORD001743,2024-08-02,South,Technology,Laptop,Customer 11628,4,266000.0,266000.0,214142.15,51857.85
ORD001166,2024-08-03,East,Office Supplies,Printer,Customer 19265,1,27000.0,27000.0,24657.23,2342.77
ORD002215,2024-08-03,East,Technology,Laptop,Customer 16147,5,297500.0,297500.0,275401.56,22098.44
ORD003591,2024-08-03,South,Technology,Monitor,Customer 18858,1,28000.0,28000.0,19590.83,8409.17
ORD001388,2024-08-03,West,Technology,Monitor,Customer 17231,2,50400.0,50400.0,40999.3,9400.7
ORD001919,2024-08-03,West,Technology,Mouse,Customer 18325,4,8360.0,8360.0,4521.54,3838.46
ORD001975,2024-08-03,West,Technology,Mouse,Customer 16178,2,4400.0,4400.0,1984.78,2415.22
ORD004689,2024-08-03,South,Office Supplies,Printer,Customer 16013,1,30000.0,30000.0,24464.68,5535.32
ORD004308,2024-08-04,West,Technology,Monitor,Customer 14461,3,84000.0,84000.0,63274.5,20725.5
ORD003119,2024-08-04,South,Technology,Monitor,Customer 19353,10,280000.0,280000.0,194748.34,85251.66
ORD002513,2024-08-04,South,Technology,Keyboard,Customer 14497,3,14025.0,14025.0,10625.42,3399.58
ORD001786,2024-08-04,South,Technology,Monitor,Customer 10334,2,47600.0,47600.0,42209.23,5390.77
ORD003176,2024-08-04,West,Furniture,Chair,Customer 17039,5,72500.0,72500.0,46539.37,25960.63
ORD002254,2024-08-05,South,Technology,Monitor,Customer 16393,2,56000.0,56000.0,39554.96,16445.04
ORD002559,2024-08-05,South,Technology,Laptop,Customer 10149,3,210000.0,210000.0,160814.0,49186.0
ORD000264,2024-08-05,North,Technology,Keyboard,Customer 11952,3,15675.0,15675.0,10393.15,5281.85
ORD003904,2024-08-05,North,Technology,Laptop,Customer 15553,2,126000.0,126000.0,115368.57,10631.43
ORD004963,2024-08-05,South,Furniture,Chair,Customer 17448,4,46400.0,46400.0,35984.07,10415.93
ORD003897,2024-08-05,North,Technology,Monitor,Customer 18376,1,28000.0,28000.0,20279.4,7720.6
ORD002958,2024-08-05,East,Furniture,Chair,Customer 14006,1,13775.0,13775.0,9567.78,4207.22
ORD003106,2024-08-06,West,Technology,Mouse,Customer 19385,1,2200.0,2200.0,1086.24,1113.76
ORD004823,2024-08-06,North,Furniture,Desk,Customer 12880,5,117000.0,117000.0,81155.01,35844.99
ORD000464,2024-08-06,West,Technology,Keyboard,Customer 19884,5,27500.0,27500.0,16245.89,11254.11
ORD004847,2024-08-06,South,Technology,Laptop,Customer 18755,3,189000.0,189000.0,170639.11,18360.89
ORD004938,2024-08-07,East,Technology,Laptop,Customer 16118,2,133000.0,133000.0,108099.86,24900.14
ORD002666,2024-08-07,South,Technology,Keyboard,Customer 18299,2,9350.0,9350.0,6934.4,2415.6
ORD000955,2024-08-07,South,Furniture,Desk,Customer 11429,4,104000.0,104000.0,77310.98,26689.02
ORD001351,2024-08-07,West,Technology,Mouse,Customer 16239,3,5940.0,5940.0,3135.32,2804.68
ORD002988,2024-08-08,West,Furniture,Chair,Customer 17632,2,29000.0,29000.0,20088.03,8911.97
ORD004083,2024-08-08,South,Office Supplies,Printer,Customer 14018,3,81000.0,81000.0,76935.49,4064.51
ORD000354,2024-08-08,West,Technology,Keyboard,Customer 12021,2,11000.0,11000.0,6926.44,4073.56
ORD003011,2024-08-08,West,Furniture,Desk,Customer 18492,1,22100.0,22100.0,17019.23,5080.77
ORD004954,2024-08-08,West,Technology,Keyboard,Customer 15524,5,26125.0,26125.0,17219.28,8905.72
ORD004812,2024-08-09,East,Technology,Monitor,Customer 15183,2,50400.0,50400.0,40295.75,10104.25
ORD001033,2024-08-09,South,Technology,Mouse,Customer 14523,1,2090.0,2090.0,1006.82,1083.18
ORD004822,2024-08-10,South,Office Supplies,Printer,Customer 19565,3,85500.0,85500.0,75293.93,10206.07
ORD000842,2024-08-10,South,Technology,Monitor,Customer 14528,2,53200.0,53200.0,41901.96,11298.04
ORD001833,2024-08-11,South,Technology,Keyboard,Customer 18719,1,5500.0,5500.0,3666.07,1833.93
ORD003212,2024-08-11,West,Technology,Laptop,Customer 15787,1,70000.0,70000.0,53215.73,16784.27
ORD003781,2024-08-12,North,Technology,Laptop,Customer 19701,3,210000.0,210000.0,164123.44,45876.56
ORD000954,2024-08-12,South,Technology,Monitor,Customer 10368,8,179200.0,179200.0,165597.5,13602.5
ORD003913,2024-08-12,North,Furniture,Desk,Customer 14712,3,78000.0,78000.0,49048.15,28951.85
ORD004531,2024-08-12,East,Technology,Keyboard,Customer 15849,1,5225.0,5225.0,3353.44,1871.56
ORD002884,2024-08-12,West,Furniture,Desk,Customer 14863,4,98800.0,98800.0,72308.07,26491.93
ORD000719,2024-08-12,North,Technology,Mouse,Customer 19203,1,1980.0,1980.0,1019.24,960.76
ORD002096,2024-08-12,East,Technology,Keyboard,Customer 10974,4,17600.0,17600.0,12858.78,4741.22
ORD004111,2024-08-12,South,Furniture,Chair,Customer 19728,2,29000.0,29000.0,19116.02,9883.98
ORD001211,2024-08-12,South,Technology,Laptop,Customer 13868,4,280000.0,280000.0,219435.71,60564.29
ORD003588,2024-08-12,North,Technology,Laptop,Customer 17765,2,126000.0,126000.0,105490.32,20509.68
ORD003658,2024-08-13,South,Furniture,Chair,Customer 13246,2,24650.0,24650.0,18942.67,5707.33
ORD001361,2024-08-13,North,Technology,Keyboard,Customer 12371,10,49500.0,49500.0,35680.15,13819.85
ORD000526,2024-08-13,North,Technology,Laptop,Customer 10962,4,252000.0,252000.0,213744.57,38255.43
ORD002360,2024-08-14,South,Technology,Laptop,Customer 19538,2,133000.0,133000.0,114100.62,18899.38
ORD003791,2024-08-14,East,Technology,Laptop,Customer 16739,3,210000.0,210000.0,163638.55,46361.45
ORD003617,2024-08-14,North,Technology,Mouse,Customer 14259,2,3960.0,3960.0,1994.92,1965.08
ORD000593,2024-08-15,South,Furniture,Chair,Customer 13071,2,26100.0,26100.0,18967.99,7132.01
ORD002356,2024-08-15,West,Furniture,Chair,Customer 13139,6,78300.0,78300.0,58501.89,19798.11
ORD002779,2024-08-15,East,Office Supplies,Printer,Customer 19493,1,27000.0,27000.0,23558.34,3441.66
ORD003133,2024-08-15,East,Technology,Mouse,Customer 13874,2,4180.0,4180.0,2345.36,1834.64
ORD004282,2024-08-15,West,Office Supplies,Printer,Customer 10710,5,135000.0,135000.0,115196.33,19803.67
ORD002391,2024-08-15,South,Furniture,Chair,Customer 16971,2,26100.0,26100.0,19172.76,6927.24
ORD001354,2024-08-15,South,Technology,Monitor,Customer 15923,2,44800.0,44800.0,39463.77,5336.23
ORD000796,2024-08-15,North,Technology,Laptop,Customer 11815,1,56000.0,56000.0,55268.6,731.4
ORD003740,2024-08-15,South,Furniture,Desk,Customer 18051,4,93600.0,93600.0,71193.06,22406.94
ORD000756,2024-08-16,East,Furniture,Desk,Customer 10017,2,52000.0,52000.0,35911.52,16088.48
ORD002524,2024-08-16,East,Furniture,Chair,Customer 12392,2,26100.0,26100.0,19155.0,6945.0
ORD004357,2024-08-16,South,Technology,Mouse,Customer 14865,6,11880.0,11880.0,5999.71,5880.29
ORD004131,2024-08-16,North,Furniture,Chair,Customer 18028,6,87000.0,87000.0,56303.66,30696.34
ORD001133,2024-08-16,West,Furniture,Chair,Customer 16362,2,29000.0,29000.0,19728.53,9271.47
ORD002761,2024-08-16,South,Technology,Keyboard,Customer 14168,10,46750.0,46750.0,34386.76,12363.24
ORD003683,2024-08-16,North,Technology,Monitor,Customer 10086,3,75600.0,75600.0,58269.22,17330.78
ORD003246,2024-08-17,North,Technology,Laptop,Customer 14690,1,63000.0,63000.0,54422.65,8577.35
ORD002157,2024-08-17,East,Furniture,Chair,Customer 13856,2,24650.0,24650.0,18719.2,5930.8
ORD000696,2024-08-17,East,Technology,Laptop,Customer 10808,1,70000.0,70000.0,52526.31,17473.69
ORD000060,2024-08-17,West,Technology,Mouse,Customer 15996,4,7920.0,7920.0,4579.57,3340.43
ORD000653,2024-08-17,North,Technology,Laptop,Customer 15102,6,399000.0,399000.0,313081.25,85918.75
ORD003079,2024-08-17,West,Furniture,Chair,Customer 13162,5,65250.0,65250.0,50567.81,14682.19
ORD004414,2024-08-18,West,Technology,Monitor,Customer 11327,5,126000.0,126000.0,100206.9,25793.1
ORD001005,2024-08-18,West,Technology,Laptop,Customer 18082,1,70000.0,70000.0,55524.03,14475.97
ORD001703,2024-08-18,East,Technology,Monitor,Customer 18517,5,140000.0,140000.0,98182.49,41817.51
ORD001013,2024-08-18,North,Furniture,Chair,Customer 19797,5,68875.0,68875.0,45307.62,23567.38
ORD002119,2024-08-19,North,Office Supplies,Printer,Customer 16954,1,28500.0,28500.0,24490.85,4009.15
ORD001345,2024-08-19,East,Technology,Laptop,Customer 13971,8,504000.0,504000.0,413350.75,90649.25
ORD003446,2024-08-20,West,Furniture,Chair,Customer 19839,1,12325.0,12325.0,10357.13,1967.87
ORD003444,2024-08-20,East,Furniture,Desk,Customer 16208,3,62400.0,62400.0,52685.15,9714.85
ORD003344,2024-08-20,West,Technology,Mouse,Customer 13996,1,1870.0,1870.0,990.0,880.0
ORD004605,2024-08-20,South,Furniture,Desk,Customer 17472,3,74100.0,74100.0,52464.25,21635.75
ORD000016,2024-08-20,East,Technology,Laptop,Customer 13015,4,266000.0,266000.0,217710.6,48289.4
ORD003035,2024-08-20,South,Technology,Laptop,Customer 19068,5,332500.0,332500.0,257815.16,74684.84
ORD002603,2024-08-21,North,Technology,Monitor,Customer 19733,8,212800.0,212800.0,160713.81,52086.19
ORD001091,2024-08-21,South,Furniture,Chair,Customer 11781,5,65250.0,65250.0,50315.62,14934.38
ORD002405,2024-08-21,South,Technology,Laptop,Customer 18920,4,252000.0,252000.0,217295.6,34704.4
ORD002995,2024-08-21,North,Office Supplies,Printer,Customer 19902,2,51000.0,51000.0,49504.65,1495.35
ORD003504,2024-08-21,East,Technology,Monitor,Customer 16241,1,25200.0,25200.0,19802.09,5397.91
ORD000087,2024-08-21,North,Furniture,Chair,Customer 16008,5,68875.0,68875.0,49472.52,19402.48
ORD002443,2024-08-21,East,Technology,Laptop,Customer 17229,2,119000.0,119000.0,105352.21,13647.79
ORD000219,2024-08-21,South,Technology,Mouse,Customer 14964,1,1980.0,1980.0,990.0,990.0
ORD002786,2024-08-21,East,Technology,Mouse,Customer 12430,2,4400.0,4400.0,2183.78,2216.22
ORD001961,2024-08-22,East,Technology,Laptop,Customer 17844,2,126000.0,126000.0,114305.16,11694.84
ORD000255,2024-08-22,West,Technology,Mouse,Customer 17822,4,8800.0,8800.0,3981.12,4818.88
ORD001842,2024-08-22,South,Office Supplies,Printer,Customer 14501,5,150000.0,150000.0,123760.89,26239.11
ORD002460,2024-08-22,West,Technology,Laptop,Customer 14801,3,199500.0,199500.0,162023.91,37476.09
ORD001125,2024-08-22,South,Technology,Mouse,Customer 18462,2,3960.0,3960.0,2096.57,1863.43
ORD004241,2024-08-23,North,Technology,Monitor,Customer 17704,1,25200.0,25200.0,19952.53,5247.47
ORD000104,2024-08-23,West,Technology,Mouse,Customer 14116,10,20900.0,20900.0,9900.0,11000.0
ORD004891,2024-08-23,West,Technology,Monitor,Customer 11608,2,44800.0,44800.0,42074.32,2725.68
ORD002818,2024-08-23,North,Furniture,Chair,Customer 11540,8,98600.0,98600.0,78687.06,19912.94
ORD004867,2024-08-23,East,Technology,Laptop,Customer 10782,2,140000.0,140000.0,114890.42,25109.58
ORD000311,2024-08-23,West,Technology,Mouse,Customer 19856,5,10450.0,10450.0,5516.65,4933.35
ORD002806,2024-08-24,South,Technology,Keyboard,Customer 14625,6,31350.0,31350.0,19421.24,11928.76
ORD002506,2024-08-24,West,Office Supplies,Printer,Customer 13904,5,150000.0,150000.0,122691.69,27308.31
ORD000866,2024-08-24,North,Furniture,Chair,Customer 13751,6,82650.0,82650.0,54505.05,28144.95
ORD004636,2024-08-24,North,Furniture,Desk,Customer 10842,5,110500.0,110500.0,92760.73,17739.27
ORD001621,2024-08-24,East,Technology,Mouse,Customer 16575,4,8800.0,8800.0,4818.43,3981.57
ORD003647,2024-08-24,North,Technology,Laptop,Customer 17293,2,140000.0,140000.0,107751.5,32248.5
ORD003712,2024-08-24,North,Technology,Monitor,Customer 14217,5,126000.0,126000.0,102811.66,23188.34
ORD000538,2024-08-24,South,Technology,Laptop,Customer 13552,1,56000.0,56000.0,55570.89,429.11
ORD000809,2024-08-24,South,Office Supplies,Printer,Customer 15845,2,60000.0,60000.0,51877.42,8122.58
ORD002122,2024-08-24,North,Furniture,Desk,Customer 16539,4,93600.0,93600.0,71138.95,22461.05
ORD004464,2024-08-24,South,Furniture,Chair,Customer 17126,2,26100.0,26100.0,18961.14,7138.86
ORD001153,2024-08-24,South,Technology,Mouse,Customer 19091,2,4180.0,4180.0,1980.0,2200.0
ORD000092,2024-08-25,North,Technology,Keyboard,Customer 19071,2,11000.0,11000.0,6561.19,4438.81
ORD002133,2024-08-25,North,Technology,Laptop,Customer 10381,1,59500.0,59500.0,54783.16,4716.84
ORD003830,2024-08-25,West,Technology,Keyboard,Customer 18496,2,11000.0,11000.0,7434.76,3565.24
ORD002528,2024-08-26,East,Furniture,Chair,Customer 19125,1,13775.0,13775.0,9367.42,4407.58
ORD001531,2024-08-26,South,Furniture,Desk,Customer 13051,3,66300.0,66300.0,57196.63,9103.37
ORD003679,2024-08-26,South,Technology,Monitor,Customer 19916,2,50400.0,50400.0,39457.59,10942.41
ORD003700,2024-08-26,South,Technology,Laptop,Customer 12936,4,280000.0,280000.0,230569.87,49430.13
ORD003270,2024-08-27,South,Technology,Laptop,Customer 18161,2,126000.0,126000.0,112042.64,13957.36
ORD001410,2024-08-27,West,Office Supplies,Printer,Customer 19463,1,27000.0,27000.0,23552.26,3447.74
ORD003879,2024-08-28,South,Technology,Mouse,Customer 14904,6,13200.0,13200.0,6827.1,6372.9
ORD001811,2024-08-28,East,Technology,Keyboard,Customer 15270,3,14025.0,14025.0,10239.46,3785.54
ORD001563,2024-08-28,West,Office Supplies,Printer,Customer 16886,4,120000.0,120000.0,96416.77,23583.23
ORD004708,2024-08-28,East,Furniture,Desk,Customer 10283,1,24700.0,24700.0,17681.29,7018.71
ORD000254,2024-08-29,North,Technology,Keyboard,Customer 13084,2,11000.0,11000.0,6869.15,4130.85
ORD001321,2024-08-29,West,Office Supplies,Printer,Customer 17799,1,28500.0,28500.0,24457.69,4042.31
ORD000965,2024-08-30,North,Office Supplies,Printer,Customer 13003,4,114000.0,114000.0,99094.64,14905.36
ORD000652,2024-08-30,West,Technology,Keyboard,Customer 15366,6,33000.0,33000.0,21640.66,11359.34
ORD003201,2024-08-30,North,Technology,Laptop,Customer 10459,1,59500.0,59500.0,50763.62,8736.38
ORD003156,2024-08-30,South,Office Supplies,Printer,Customer 18580,2,60000.0,60000.0,51739.73,8260.27
ORD004937,2024-08-30,West,Technology,Monitor,Customer 12728,2,47600.0,47600.0,40633.85,6966.15
ORD000858,2024-08-30,South,Office Supplies,Printer,Customer 11242,4,114000.0,114000.0,102517.16,11482.84
ORD000512,2024-08-31,West,Office Supplies,Printer,Customer 16593,1,30000.0,30000.0,26369.83,3630.17
ORD003065,2024-08-31,North,Technology,Mouse,Customer 16324,4,7480.0,7480.0,4261.32,3218.68
ORD002941,2024-08-31,West,Technology,Monitor,Customer 19616,1,25200.0,25200.0,18422.62,6777.38
ORD004815,2024-08-31,West,Furniture,Desk,Customer 11395,4,88400.0,88400.0,65991.56,22408.44
ORD001710,2024-08-31,West,Technology,Laptop,Customer 17123,2,126000.0,126000.0,100411.75,25588.25
ORD002710,2024-08-31,West,Technology,Laptop,Customer 19316,1,70000.0,70000.0,57846.61,12153.39
ORD004642,2024-09-01,South,Technology,Monitor,Customer 19005,1,28000.0,28000.0,20728.53,7271.47
ORD001427,2024-09-01,East,Technology,Monitor,Customer 11545,4,112000.0,112000.0,82409.35,29590.65
ORD001875,2024-09-01,South,Furniture,Chair,Customer 15776,8,98600.0,98600.0,77250.78,21349.22
ORD001871,2024-09-01,South,Technology,Laptop,Customer 16043,2,133000.0,133000.0,113301.33,19698.67
ORD002452,2024-09-01,South,Technology,Mouse,Customer 17663,2,3740.0,3740.0,2187.13,1552.87
ORD001196,2024-09-02,North,Office Supplies,Printer,Customer 12139,4,120000.0,120000.0,101850.67,18149.33
ORD004710,2024-09-02,East,Technology,Mouse,Customer 11803,4,7480.0,7480.0,4082.43,3397.57
ORD002956,2024-09-02,South,Technology,Keyboard,Customer 12361,5,24750.0,24750.0,18302.79,6447.21
ORD001557,2024-09-02,North,Technology,Monitor,Customer 15528,1,25200.0,25200.0,20993.6,4206.4
ORD001057,2024-09-02,South,Technology,Monitor,Customer 12914,1,26600.0,26600.0,20154.14,6445.86
ORD003134,2024-09-02,West,Technology,Keyboard,Customer 16863,4,19800.0,19800.0,13925.87,5874.13
ORD003933,2024-09-03,South,Furniture,Desk,Customer 16535,3,70200.0,70200.0,51327.09,18872.91
ORD004001,2024-09-03,South,Technology,Mouse,Customer 12119,2,3960.0,3960.0,2071.96,1888.04
ORD001173,2024-09-03,West,Furniture,Chair,Customer 18389,1,11600.0,11600.0,9739.01,1860.99
ORD003177,2024-09-03,West,Technology,Monitor,Customer 16933,4,100800.0,100800.0,80748.56,20051.44
ORD002610,2024-09-03,North,Office Supplies,Printer,Customer 15392,6,144000.0,144000.0,149866.31,-5866.31
ORD001937,2024-09-03,South,Technology,Laptop,Customer 15070,1,66500.0,66500.0,56450.99,10049.01
ORD001857,2024-09-04,North,Technology,Mouse,Customer 11745,3,5940.0,5940.0,3114.6,2825.4
ORD002262,2024-09-04,West,Technology,Monitor,Customer 18544,6,159600.0,159600.0,120013.94,39586.06
ORD003869,2024-09-04,North,Technology,Mouse,Customer 17185,8,16720.0,16720.0,8746.82,7973.18
ORD004908,2024-09-04,West,Technology,Keyboard,Customer 15995,2,8800.0,8800.0,6936.09,1863.91
ORD001744,2024-09-04,West,Furniture,Chair,Customer 15945,1,14500.0,14500.0,9468.29,5031.71
ORD004541,2024-09-04,West,Technology,Laptop,Customer 15014,1,66500.0,66500.0,52576.4,13923.6
ORD000425,2024-09-05,North,Technology,Monitor,Customer 14637,4,112000.0,112000.0,81336.96,30663.04
ORD001298,2024-09-05,East,Technology,Laptop,Customer 12608,4,252000.0,252000.0,228021.3,23978.7
ORD000486,2024-09-05,East,Technology,Laptop,Customer 16840,3,210000.0,210000.0,156089.64,53910.36
ORD004242,2024-09-05,South,Office Supplies,Printer,Customer 10561,1,30000.0,30000.0,25868.41,4131.59
ORD001430,2024-09-05,West,Technology,Keyboard,Customer 14111,1,5225.0,5225.0,3358.57,1866.43
ORD000315,2024-09-05,South,Technology,Mouse,Customer 16559,1,2090.0,2090.0,1020.72,1069.28
ORD004295,2024-09-05,South,Furniture,Chair,Customer 11241,2,26100.0,26100.0,18225.7,7874.3
ORD003771,2024-09-06,South,Technology,Monitor,Customer 11717,2,53200.0,53200.0,41853.86,11346.14
ORD004958,2024-09-06,East,Technology,Mouse,Customer 17096,4,8360.0,8360.0,4239.25,4120.75
ORD002581,2024-09-06,North,Office Supplies,Printer,Customer 12488,4,108000.0,108000.0,91253.73,16746.27
ORD004514,2024-09-06,South,Technology,Mouse,Customer 11916,1,1980.0,1980.0,1108.16,871.84
ORD001903,2024-09-06,North,Technology,Keyboard,Customer 10540,2,11000.0,11000.0,7030.11,3969.89
ORD001036,2024-09-06,West,Technology,Laptop,Customer 19375,5,350000.0,350000.0,281898.94,68101.06
ORD001279,2024-09-06,South,Furniture,Desk,Customer 10568,2,52000.0,52000.0,37378.08,14621.92
ORD004182,2024-09-06,West,Technology,Laptop,Customer 18139,1,70000.0,70000.0,55112.19,14887.81
ORD004558,2024-09-07,East,Technology,Laptop,Customer 18412,4,238000.0,238000.0,215733.03,22266.97
ORD002596,2024-09-07,East,Technology,Laptop,Customer 17846,5,350000.0,350000.0,272921.62,77078.38
ORD000531,2024-09-07,North,Technology,Mouse,Customer 15550,4,7920.0,7920.0,4264.81,3655.19
ORD002287,2024-09-07,East,Furniture,Chair,Customer 19857,1,13050.0,13050.0,9501.73,3548.27
ORD002250,2024-09-08,North,Technology,Laptop,Customer 17151,3,168000.0,168000.0,172001.22,-4001.22
ORD002147,2024-09-08,South,Technology,Keyboard,Customer 16767,2,9900.0,9900.0,6282.3,3617.7
ORD001637,2024-09-08,North,Furniture,Chair,Customer 12498,1,12325.0,12325.0,9852.91,2472.09
ORD002154,2024-09-08,East,Technology,Laptop,Customer 17495,5,350000.0,350000.0,258336.38,91663.62
ORD002742,2024-09-08,North,Technology,Laptop,Customer 15115,5,350000.0,350000.0,261128.78,88871.22
ORD003209,2024-09-08,South,Furniture,Chair,Customer 15211,5,65250.0,65250.0,48280.52,16969.48
ORD000500,2024-09-08,West,Technology,Mouse,Customer 12930,1,2200.0,2200.0,1057.34,1142.66
ORD002319,2024-09-08,North,Furniture,Desk,Customer 14312,5,123500.0,123500.0,87834.49,35665.51
ORD000201,2024-09-08,West,Office Supplies,Printer,Customer 17579,2,60000.0,60000.0,47703.22,12296.78
ORD002767,2024-09-08,West,Furniture,Chair,Customer 19199,1,13775.0,13775.0,9633.9,4141.1
ORD003746,2024-09-09,South,Technology,Keyboard,Customer 14893,1,4400.0,4400.0,3259.1,1140.9
ORD000792,2024-09-09,North,Technology,Mouse,Customer 13973,1,1980.0,1980.0,1031.36,948.64
ORD000854,2024-09-09,West,Office Supplies,Printer,Customer 13312,3,85500.0,85500.0,76260.45,9239.55
ORD000098,2024-09-09,West,Office Supplies,Printer,Customer 10249,1,28500.0,28500.0,25154.56,3345.44
ORD000923,2024-09-09,North,Technology,Keyboard,Customer 13639,3,16500.0,16500.0,10645.14,5854.86
ORD001188,2024-09-10,West,Technology,Monitor,Customer 15453,3,84000.0,84000.0,60551.84,23448.16
ORD002052,2024-09-10,North,Furniture,Chair,Customer 18994,1,13775.0,13775.0,9331.42,4443.58
ORD003972,2024-09-10,East,Furniture,Chair,Customer 16382,2,24650.0,24650.0,18981.73,5668.27
ORD000428,2024-09-11,West,Furniture,Desk,Customer 16967,5,123500.0,123500.0,82837.71,40662.29
ORD000366,2024-09-11,North,Technology,Monitor,Customer 18947,3,84000.0,84000.0,58221.3,25778.7
ORD003173,2024-09-12,North,Office Supplies,Printer,Customer 19837,2,57000.0,57000.0,50432.68,6567.32
ORD000885,2024-09-12,South,Furniture,Chair,Customer 17425,2,27550.0,27550.0,18969.66,8580.34
ORD001460,2024-09-12,West,Furniture,Desk,Customer 19094,3,78000.0,78000.0,54650.94,23349.06
ORD000604,2024-09-13,South,Technology,Mouse,Customer 18045,1,1870.0,1870.0,990.0,880.0
ORD003529,2024-09-13,South,Technology,Keyboard,Customer 11969,2,10450.0,10450.0,7231.07,3218.93
ORD004435,2024-09-13,North,Technology,Monitor,Customer 15985,5,133000.0,133000.0,104174.01,28825.99
ORD000121,2024-09-13,South,Technology,Laptop,Customer 15161,1,70000.0,70000.0,52998.48,17001.52
ORD002459,2024-09-13,South,Technology,Laptop,Customer 15211,2,126000.0,126000.0,106536.87,19463.13
ORD003271,2024-09-13,North,Furniture,Chair,Customer 12417,2,29000.0,29000.0,17570.94,11429.06
ORD004490,2024-09-14,West,Technology,Mouse,Customer 17009,4,8360.0,8360.0,4371.57,3988.43
ORD003950,2024-09-14,North,Technology,Mouse,Customer 17100,3,6600.0,6600.0,3240.75,3359.25
ORD000394,2024-09-14,South,Technology,Monitor,Customer 14622,2,53200.0,53200.0,39941.44,13258.56
ORD004447,2024-09-15,North,Furniture,Desk,Customer 14366,2,46800.0,46800.0,34500.57,12299.43
ORD003581,2024-09-15,East,Technology,Monitor,Customer 17392,4,112000.0,112000.0,83661.47,28338.53
ORD001530,2024-09-15,North,Furniture,Chair,Customer 13903,10,130500.0,130500.0,94233.08,36266.92
ORD003150,2024-09-15,South,Technology,Keyboard,Customer 18172,3,16500.0,16500.0,10229.95,6270.05
ORD003677,2024-09-16,North,Technology,Monitor,Customer 10015,5,133000.0,133000.0,106051.82,26948.18
ORD003895,2024-09-16,West,Furniture,Desk,Customer 18705,2,44200.0,44200.0,37104.93,7095.07
ORD001960,2024-09-16,North,Furniture,Chair,Customer 16438,10,137750.0,137750.0,97718.82,40031.18
ORD003477,2024-09-16,West,Furniture,Desk,Customer 19163,1,26000.0,26000.0,16741.83,9258.17
ORD003948,2024-09-17,North,Technology,Mouse,Customer 11443,3,6270.0,6270.0,3486.7,2783.3
ORD003764,2024-09-17,East,Technology,Monitor,Customer 15762,2,53200.0,53200.0,39488.01,13711.99
ORD000191,2024-09-17,West,Furniture,Desk,Customer 11439,5,123500.0,123500.0,87618.58,35881.42
ORD003890,2024-09-17,South,Technology,Mouse,Customer 13537,4,8800.0,8800.0,3973.53,4826.47
ORD001389,2024-09-17,South,Technology,Keyboard,Customer 11084,2,10450.0,10450.0,6883.87,3566.13
ORD001324,2024-09-17,West,Office Supplies,Printer,Customer 10940,5,135000.0,135000.0,119630.85,15369.15
ORD004230,2024-09-17,North,Technology,Laptop,Customer 10462,1,66500.0,66500.0,54944.33,11555.67
ORD001050,2024-09-18,South,Furniture,Chair,Customer 15092,3,41325.0,41325.0,27875.02,13449.98
ORD004581,2024-09-18,South,Office Supplies,Printer,Customer 12655,1,24000.0,24000.0,24016.27,-16.27
ORD003758,2024-09-18,West,Technology,Keyboard,Customer 14478,5,23375.0,23375.0,16909.1,6465.9
ORD003695,2024-09-18,West,Technology,Mouse,Customer 16638,10,19800.0,19800.0,10404.65,9395.35
ORD000335,2024-09-18,North,Technology,Laptop,Customer 12797,2,133000.0,133000.0,108374.58,24625.42
ORD000084,2024-09-18,South,Furniture,Chair,Customer 17998,6,82650.0,82650.0,57049.36,25600.64
ORD001043,2024-09-18,West,Furniture,Chair,Customer 13345,3,41325.0,41325.0,27558.73,13766.27
ORD003361,2024-09-19,North,Technology,Keyboard,Customer 11687,2,9350.0,9350.0,7150.13,2199.87
ORD002276,2024-09-19,East,Office Supplies,Printer,Customer 11524,10,285000.0,285000.0,249876.88,35123.12
ORD003298,2024-09-19,West,Technology,Mouse,Customer 17331,4,8800.0,8800.0,3960.0,4840.0
ORD001503,2024-09-19,East,Technology,Mouse,Customer 13587,4,8800.0,8800.0,3960.0,4840.0
ORD002167,2024-09-20,West,Technology,Laptop,Customer 13045,3,199500.0,199500.0,162080.94,37419.06
ORD001605,2024-09-20,West,Furniture,Desk,Customer 10278,2,49400.0,49400.0,36137.13,13262.87
ORD000065,2024-09-20,East,Furniture,Chair,Customer 18505,4,46400.0,46400.0,39083.47,7316.53
ORD003800,2024-09-21,North,Technology,Mouse,Customer 13110,3,6270.0,6270.0,3010.84,3259.16
ORD003130,2024-09-21,North,Furniture,Desk,Customer 17795,1,22100.0,22100.0,18645.01,3454.99
ORD003222,2024-09-21,West,Office Supplies,Printer,Customer 18566,2,57000.0,57000.0,46431.16,10568.84
ORD000969,2024-09-22,South,Furniture,Chair,Customer 13770,2,27550.0,27550.0,19574.15,7975.85
ORD004393,2024-09-22,North,Technology,Mouse,Customer 15028,2,3960.0,3960.0,2074.87,1885.13
ORD003281,2024-09-22,North,Technology,Laptop,Customer 16281,1,70000.0,70000.0,54149.84,15850.16
ORD001084,2024-09-22,South,Technology,Laptop,Customer 18923,3,199500.0,199500.0,160331.45,39168.55
ORD004148,2024-09-22,West,Technology,Mouse,Customer 10440,3,5940.0,5940.0,3139.77,2800.23
ORD001669,2024-09-22,North,Technology,Laptop,Customer 19601,3,178500.0,178500.0,162795.57,15704.43
ORD004254,2024-09-22,South,Office Supplies,Printer,Customer 10310,1,30000.0,30000.0,23988.45,6011.55
ORD003759,2024-09-22,North,Technology,Mouse,Customer 12291,10,19800.0,19800.0,10489.97,9310.03
ORD001467,2024-09-23,North,Furniture,Desk,Customer 13910,3,70200.0,70200.0,49461.3,20738.7
ORD003006,2024-09-23,East,Technology,Monitor,Customer 13692,1,28000.0,28000.0,20212.64,7787.36
ORD004510,2024-09-23,West,Office Supplies,Printer,Customer 14862,1,30000.0,30000.0,24563.35,5436.65
ORD001881,2024-09-23,South,Technology,Mouse,Customer 11812,2,4400.0,4400.0,2231.54,2168.46
ORD001907,2024-09-23,South,Office Supplies,Printer,Customer 15334,2,60000.0,60000.0,45793.66,14206.34
ORD002542,2024-09-23,South,Technology,Laptop,Customer 16078,2,140000.0,140000.0,105946.93,34053.07
ORD004677,2024-09-23,East,Technology,Keyboard,Customer 13719,1,5500.0,5500.0,3417.48,2082.52
ORD000870,2024-09-23,South,Technology,Monitor,Customer 11387,1,26600.0,26600.0,20722.32,5877.68
ORD001018,2024-09-23,North,Furniture,Desk,Customer 19568,1,24700.0,24700.0,16299.48,8400.52
ORD002031,2024-09-24,East,Office Supplies,Printer,Customer 18602,1,28500.0,28500.0,24152.71,4347.29
ORD003813,2024-09-24,East,Technology,Laptop,Customer 19167,2,126000.0,126000.0,109210.34,16789.66
ORD000385,2024-09-24,West,Technology,Keyboard,Customer 11746,1,5225.0,5225.0,3518.54,1706.46
ORD003847,2024-09-24,East,Furniture,Chair,Customer 18374,1,13775.0,13775.0,9419.13,4355.87
ORD002493,2024-09-25,West,Technology,Keyboard,Customer 16698,5,23375.0,23375.0,16959.93,6415.07
ORD004327,2024-09-25,North,Technology,Mouse,Customer 13599,2,4180.0,4180.0,2214.3,1965.7
ORD003873,2024-09-25,West,Furniture,Chair,Customer 13595,3,41325.0,41325.0,29034.64,12290.36
ORD001917,2024-09-25,East,Furniture,Desk,Customer 17196,2,52000.0,52000.0,33241.93,18758.07
ORD001501,2024-09-25,West,Technology,Laptop,Customer 18362,3,178500.0,178500.0,168011.67,10488.33
ORD002206,2024-09-25,South,Furniture,Desk,Customer 10111,3,70200.0,70200.0,56055.96,14144.04
ORD002609,2024-09-25,South,Technology,Laptop,Customer 12336,5,315000.0,315000.0,265144.22,49855.78
ORD002757,2024-09-25,East,Technology,Keyboard,Customer 18230,1,4950.0,4950.0,3282.44,1667.56
ORD001032,2024-09-25,North,Technology,Monitor,Customer 15650,2,53200.0,53200.0,38455.0,14745.0
ORD001479,2024-09-25,South,Furniture,Chair,Customer 10070,4,55100.0,55100.0,39987.32,15112.68
ORD003681,2024-09-26,East,Furniture,Desk,Customer 19574,1,26000.0,26000.0,19302.73,6697.27
ORD003675,2024-09-26,South,Technology,Mouse,Customer 19112,6,11220.0,11220.0,6780.53,4439.47
ORD002120,2024-09-26,West,Technology,Mouse,Customer 14691,1,2090.0,2090.0,1073.21,1016.79
ORD001329,2024-09-26,South,Technology,Keyboard,Customer 19474,3,16500.0,16500.0,10151.46,6348.54
ORD001261,2024-09-26,West,Furniture,Desk,Customer 14033,4,93600.0,93600.0,69859.75,23740.25
ORD004328,2024-09-27,East,Technology,Keyboard,Customer 18613,5,27500.0,27500.0,18001.19,9498.81
ORD000466,2024-09-27,South,Technology,Mouse,Customer 12448,1,1980.0,1980.0,1010.27,969.73
ORD004889,2024-09-27,South,Technology,Laptop,Customer 18441,1,70000.0,70000.0,55193.18,14806.82
ORD000642,2024-09-27,South,Office Supplies,Printer,Customer 15638,2,51000.0,51000.0,47840.35,3159.65
ORD003488,2024-09-27,South,Technology,Monitor,Customer 18512,6,159600.0,159600.0,115171.76,44428.24
ORD000933,2024-09-27,East,Furniture,Chair,Customer 13118,3,43500.0,43500.0,27637.86,15862.14
ORD003523,2024-09-27,North,Furniture,Chair,Customer 12669,5,72500.0,72500.0,47759.51,24740.49
ORD001582,2024-09-27,South,Furniture,Desk,Customer 14422,1,20800.0,20800.0,18770.32,2029.68
ORD002615,2024-09-28,South,Technology,Laptop,Customer 19935,4,280000.0,280000.0,213828.41,66171.59
ORD000628,2024-09-29,North,Furniture,Desk,Customer 19329,8,208000.0,208000.0,148110.52,59889.48
ORD001638,2024-09-29,North,Technology,Keyboard,Customer 13535,5,23375.0,23375.0,17426.4,5948.6
ORD002814,2024-09-29,North,Office Supplies,Printer,Customer 17678,1,30000.0,30000.0,25992.83,4007.17
ORD001398,2024-09-30,West,Furniture,Chair,Customer 14205,3,39150.0,39150.0,28532.11,10617.89
ORD002289,2024-09-30,South,Office Supplies,Printer,Customer 16375,2,51000.0,51000.0,49395.09,1604.91
ORD000706,2024-09-30,North,Technology,Laptop,Customer 11499,1,59500.0,59500.0,53132.0,6368.0
ORD000166,2024-09-30,North,Technology,Keyboard,Customer 12809,3,16500.0,16500.0,9667.04,6832.96
ORD002775,2024-09-30,West,Technology,Keyboard,Customer 11576,1,4950.0,4950.0,3425.09,1524.91
ORD000778,2024-09-30,West,Technology,Laptop,Customer 14531,4,252000.0,252000.0,220579.61,31420.39
ORD004719,2024-09-30,South,Technology,Mouse,Customer 15512,6,13200.0,13200.0,6039.98,7160.02
ORD000590,2024-09-30,West,Furniture,Chair,Customer 12925,3,41325.0,41325.0,28380.27,12944.73
ORD001319,2024-10-01,East,Technology,Laptop,Customer 16911,8,560000.0,560000.0,435961.32,124038.68
ORD004325,2024-10-01,North,Technology,Mouse,Customer 17353,2,4180.0,4180.0,2023.57,2156.43
ORD002642,2024-10-01,East,Furniture,Chair,Customer 16180,1,13050.0,13050.0,9098.98,3951.02
ORD004433,2024-10-01,South,Technology,Monitor,Customer 17720,5,140000.0,140000.0,98835.48,41164.52
ORD004616,2024-10-01,East,Office Supplies,Printer,Customer 15701,2,57000.0,57000.0,50881.93,6118.07
ORD000048,2024-10-01,South,Technology,Monitor,Customer 10493,1,25200.0,25200.0,20430.09,4769.91
ORD003426,2024-10-01,West,Furniture,Chair,Customer 10638,3,41325.0,41325.0,29068.84,12256.16
ORD003690,2024-10-01,South,Furniture,Desk,Customer 15702,2,44200.0,44200.0,34097.8,10102.2
ORD004185,2024-10-01,South,Furniture,Desk,Customer 19785,6,148200.0,148200.0,111186.27,37013.73
ORD002544,2024-10-02,North,Technology,Monitor,Customer 15657,5,126000.0,126000.0,100627.22,25372.78
ORD004783,2024-10-02,North,Furniture,Chair,Customer 12499,1,13050.0,13050.0,9343.2,3706.8
ORD001739,2024-10-02,East,Technology,Monitor,Customer 19934,3,84000.0,84000.0,62932.71,21067.29
ORD000568,2024-10-02,South,Office Supplies,Printer,Customer 18607,4,120000.0,120000.0,103462.66,16537.34
ORD004755,2024-10-02,East,Furniture,Chair,Customer 10486,6,87000.0,87000.0,57493.01,29506.99
ORD004725,2024-10-02,South,Technology,Monitor,Customer 12453,5,133000.0,133000.0,102697.88,30302.12
ORD003193,2024-10-03,North,Furniture,Chair,Customer 11171,4,52200.0,52200.0,39974.74,12225.26
ORD001946,2024-10-03,North,Furniture,Desk,Customer 19643,1,22100.0,22100.0,17690.91,4409.09
ORD001250,2024-10-03,North,Technology,Mouse,Customer 11124,2,4180.0,4180.0,2061.12,2118.88
ORD004773,2024-10-03,South,Technology,Laptop,Customer 12219,8,532000.0,532000.0,432455.87,99544.13
ORD004648,2024-10-03,South,Furniture,Chair,Customer 12949,5,65250.0,65250.0,46857.89,18392.11
ORD000578,2024-10-03,East,Furniture,Chair,Customer 14422,6,73950.0,73950.0,59214.24,14735.76
ORD000645,2024-10-03,North,Furniture,Desk,Customer 19744,6,140400.0,140400.0,100319.14,40080.86
ORD001676,2024-10-03,South,Technology,Monitor,Customer 13595,2,47600.0,47600.0,37810.13,9789.87
ORD003735,2024-10-03,West,Technology,Mouse,Customer 13841,1,2200.0,2200.0,990.0,1210.0
ORD001065,2024-10-03,South,Office Supplies,Printer,Customer 11145,4,120000.0,120000.0,98554.66,21445.34
ORD004685,2024-10-03,East,Technology,Keyboard,Customer 17591,6,31350.0,31350.0,20422.37,10927.63
ORD002551,2024-10-04,West,Technology,Laptop,Customer 13300,8,532000.0,532000.0,449799.28,82200.72
ORD001313,2024-10-04,South,Furniture,Desk,Customer 11850,3,66300.0,66300.0,51134.15,15165.85
ORD002986,2024-10-04,South,Technology,Laptop,Customer 18586,1,63000.0,63000.0,57315.24,5684.76
ORD003821,2024-10-04,East,Office Supplies,Printer,Customer 17063,1,27000.0,27000.0,25655.4,1344.6
ORD002649,2024-10-04,East,Technology,Mouse,Customer 18007,3,5280.0,5280.0,3441.0,1839.0
ORD000882,2024-10-04,South,Technology,Monitor,Customer 16382,2,53200.0,53200.0,40317.8,12882.2
ORD004410,2024-10-04,North,Furniture,Chair,Customer 16709,1,14500.0,14500.0,9740.16,4759.84
ORD000922,2024-10-04,South,Technology,Laptop,Customer 18790,2,140000.0,140000.0,108575.77,31424.23
ORD002698,2024-10-05,West,Office Supplies,Printer,Customer 10801,1,25500.0,25500.0,24242.84,1257.16
ORD003767,2024-10-05,West,Office Supplies,Printer,Customer 11884,1,27000.0,27000.0,24512.65,2487.35
ORD002638,2024-10-05,North,Furniture,Chair,Customer 14909,1,14500.0,14500.0,9066.28,5433.72
ORD002950,2024-10-05,South,Technology,Monitor,Customer 18926,1,26600.0,26600.0,20683.22,5916.78
ORD004501,2024-10-05,West,Technology,Keyboard,Customer 17166,5,24750.0,24750.0,16551.44,8198.56
ORD000666,2024-10-05,North,Technology,Mouse,Customer 12638,1,2200.0,2200.0,1020.18,1179.82
ORD003480,2024-10-05,West,Office Supplies,Printer,Customer 10654,3,85500.0,85500.0,74747.81,10752.19
ORD000439,2024-10-06,South,Technology,Monitor,Customer 18629,4,100800.0,100800.0,81591.46,19208.54
ORD004952,2024-10-06,South,Technology,Keyboard,Customer 10078,5,23375.0,23375.0,17013.56,6361.44
ORD001846,2024-10-07,North,Technology,Monitor,Customer 12827,1,25200.0,25200.0,19240.88,5959.12
ORD002236,2024-10-07,South,Furniture,Desk,Customer 15928,1,26000.0,26000.0,18203.09,7796.91
ORD004379,2024-10-07,East,Furniture,Desk,Customer 14498,6,140400.0,140400.0,109727.71,30672.29
ORD000734,2024-10-07,North,Technology,Mouse,Customer 13050,1,2200.0,2200.0,1053.11,1146.89
ORD002808,2024-10-07,West,Technology,Laptop,Customer 18179,1,70000.0,70000.0,53673.35,16326.65
ORD002414,2024-10-08,North,Technology,Laptop,Customer 10870,3,199500.0,199500.0,165913.75,33586.25
ORD002306,2024-10-08,South,Furniture,Chair,Customer 17544,6,82650.0,82650.0,58075.73,24574.27
ORD003068,2024-10-08,West,Technology,Mouse,Customer 10116,1,2090.0,2090.0,1049.82,1040.18
ORD001029,2024-10-08,East,Technology,Mouse,Customer 11472,10,20900.0,20900.0,10914.48,9985.52
ORD003409,2024-10-09,West,Technology,Mouse,Customer 18849,1,2200.0,2200.0,1154.83,1045.17
ORD000123,2024-10-09,West,Technology,Monitor,Customer 11121,2,53200.0,53200.0,40300.89,12899.11
ORD003389,2024-10-09,North,Technology,Monitor,Customer 17784,8,201600.0,201600.0,160657.56,40942.44
ORD001285,2024-10-09,East,Technology,Keyboard,Customer 13479,6,33000.0,33000.0,20917.37,12082.63
ORD000530,2024-10-10,North,Furniture,Desk,Customer 11951,5,130000.0,130000.0,90833.65,39166.35
ORD002038,2024-10-10,West,Furniture,Chair,Customer 15475,1,13050.0,13050.0,9120.23,3929.77
ORD001988,2024-10-10,North,Technology,Mouse,Customer 11083,1,2200.0,2200.0,1084.83,1115.17
ORD001874,2024-10-11,South,Furniture,Chair,Customer 16422,4,49300.0,49300.0,36480.02,12819.98
ORD003266,2024-10-11,South,Technology,Monitor,Customer 12121,1,23800.0,23800.0,19386.46,4413.54
ORD001246,2024-10-11,North,Technology,Laptop,Customer 11894,2,133000.0,133000.0,107502.51,25497.49
ORD003623,2024-10-12,West,Technology,Laptop,Customer 10456,1,63000.0,63000.0,55891.76,7108.24
ORD001124,2024-10-12,East,Furniture,Desk,Customer 10609,2,49400.0,49400.0,37548.87,11851.13
ORD003628,2024-10-12,South,Technology,Laptop,Customer 18681,2,112000.0,112000.0,111080.91,919.09
ORD002259,2024-10-12,West,Technology,Monitor,Customer 16958,6,159600.0,159600.0,112183.33,47416.67
ORD000678,2024-10-12,South,Technology,Laptop,Customer 17292,2,133000.0,133000.0,110739.73,22260.27
ORD002338,2024-10-12,South,Technology,Keyboard,Customer 11885,1,5500.0,5500.0,3581.77,1918.23
ORD002980,2024-10-12,South,Furniture,Chair,Customer 19288,4,52200.0,52200.0,38380.61,13819.39
ORD002803,2024-10-12,North,Technology,Laptop,Customer 13574,4,280000.0,280000.0,225047.45,54952.55
ORD003202,2024-10-12,East,Technology,Monitor,Customer 18822,1,26600.0,26600.0,20291.69,6308.31
ORD004340,2024-10-12,South,Technology,Mouse,Customer 11256,5,11000.0,11000.0,5275.36,5724.64
ORD003723,2024-10-13,East,Office Supplies,Printer,Customer 18958,5,142500.0,142500.0,127513.09,14986.91
ORD001089,2024-10-13,South,Technology,Mouse,Customer 16993,2,3960.0,3960.0,2092.07,1867.93
ORD000931,2024-10-13,North,Technology,Mouse,Customer 17090,1,1980.0,1980.0,1007.51,972.49
ORD001720,2024-10-13,West,Technology,Monitor,Customer 17259,1,28000.0,28000.0,19358.85,8641.15
ORD004217,2024-10-14,East,Technology,Mouse,Customer 17309,2,3740.0,3740.0,2216.49,1523.51
ORD000574,2024-10-14,West,Technology,Laptop,Customer 19375,1,56000.0,56000.0,54111.36,1888.64
ORD000889,2024-10-14,East,Furniture,Desk,Customer 19283,3,70200.0,70200.0,52432.09,17767.91
ORD000801,2024-10-14,North,Technology,Monitor,Customer 14022,3,75600.0,75600.0,61366.59,14233.41
ORD001400,2024-10-15,West,Furniture,Chair,Customer 11105,1,13775.0,13775.0,9651.32,4123.68
ORD000901,2024-10-15,West,Technology,Laptop,Customer 18174,8,504000.0,504000.0,426070.56,77929.44
ORD004157,2024-10-15,North,Technology,Laptop,Customer 13627,1,70000.0,70000.0,54259.83,15740.17
ORD004222,2024-10-15,West,Technology,Keyboard,Customer 17049,2,11000.0,11000.0,6927.12,4072.88
ORD002661,2024-10-15,South,Technology,Monitor,Customer 13041,1,23800.0,23800.0,20599.75,3200.25
ORD002877,2024-10-15,East,Furniture,Chair,Customer 16301,1,12325.0,12325.0,9853.39,2471.61
ORD003387,2024-10-15,North,Furniture,Chair,Customer 13923,3,39150.0,39150.0,27928.22,11221.78
ORD002525,2024-10-15,North,Office Supplies,Printer,Customer 17735,1,28500.0,28500.0,24399.74,4100.26
ORD004998,2024-10-15,North,Furniture,Desk,Customer 13077,3,66300.0,66300.0,53130.01,13169.99
ORD002261,2024-10-16,East,Technology,Mouse,Customer 16145,4,7040.0,7040.0,4061.33,2978.67
ORD003867,2024-10-16,South,Furniture,Desk,Customer 19698,2,52000.0,52000.0,37173.7,14826.3
ORD001468,2024-10-16,West,Technology,Laptop,Customer 18821,3,199500.0,199500.0,162388.53,37111.47
ORD004523,2024-10-16,North,Technology,Monitor,Customer 14171,2,50400.0,50400.0,42124.34,8275.66
ORD000542,2024-10-17,South,Technology,Mouse,Customer 10718,1,2200.0,2200.0,1002.04,1197.96
ORD000103,2024-10-17,West,Furniture,Desk,Customer 10410,4,98800.0,98800.0,66425.43,32374.57
ORD001393,2024-10-17,East,Technology,Mouse,Customer 11890,5,9350.0,9350.0,5631.91,3718.09
ORD000266,2024-10-18,West,Furniture,Desk,Customer 16777,1,22100.0,22100.0,17770.95,4329.05
ORD000714,2024-10-18,South,Technology,Keyboard,Customer 16880,2,9900.0,9900.0,6907.53,2992.47
ORD000899,2024-10-18,North,Furniture,Desk,Customer 14685,2,52000.0,52000.0,36565.43,15434.57
ORD004277,2024-10-18,West,Furniture,Chair,Customer 12582,3,43500.0,43500.0,28435.22,15064.78
ORD003684,2024-10-18,West,Technology,Laptop,Customer 10926,6,378000.0,378000.0,330178.54,47821.46
ORD002164,2024-10-19,East,Technology,Laptop,Customer 11079,10,560000.0,560000.0,518675.46,41324.54
ORD002855,2024-10-19,West,Furniture,Chair,Customer 12109,1,13050.0,13050.0,9666.54,3383.46
ORD003305,2024-10-19,North,Furniture,Desk,Customer 19291,1,22100.0,22100.0,17543.55,4556.45
ORD003082,2024-10-19,North,Technology,Keyboard,Customer 16485,3,14850.0,14850.0,10162.45,4687.55
ORD002492,2024-10-19,North,Furniture,Desk,Customer 18643,2,44200.0,44200.0,35205.61,8994.39
ORD004466,2024-10-19,North,Technology,Laptop,Customer 14939,4,238000.0,238000.0,219632.65,18367.35
ORD000235,2024-10-19,South,Furniture,Chair,Customer 15457,8,116000.0,116000.0,77617.15,38382.85
ORD000896,2024-10-19,East,Technology,Mouse,Customer 13257,2,4180.0,4180.0,2207.97,1972.03
ORD003843,2024-10-20,North,Furniture,Chair,Customer 18615,2,24650.0,24650.0,19502.76,5147.24
ORD002718,2024-10-20,South,Technology,Laptop,Customer 19988,2,140000.0,140000.0,105459.3,34540.7
ORD003825,2024-10-20,South,Technology,Monitor,Customer 11980,5,126000.0,126000.0,99531.62,26468.38
ORD002230,2024-10-20,North,Furniture,Chair,Customer 13266,2,27550.0,27550.0,19519.52,8030.48
ORD003577,2024-10-20,North,Technology,Mouse,Customer 11307,1,1980.0,1980.0,1078.05,901.95
ORD004124,2024-10-20,West,Technology,Monitor,Customer 14661,3,75600.0,75600.0,60616.64,14983.36
ORD004049,2024-10-20,South,Technology,Laptop,Customer 15337,1,56000.0,56000.0,57460.6,-1460.6
ORD000665,2024-10-20,North,Furniture,Desk,Customer 15384,2,44200.0,44200.0,38509.18,5690.82
ORD000693,2024-10-20,South,Technology,Mouse,Customer 19956,2,3520.0,3520.0,2021.29,1498.71
ORD003486,2024-10-20,South,Furniture,Desk,Customer 12316,4,93600.0,93600.0,74250.76,19349.24
ORD004997,2024-10-20,East,Furniture,Chair,Customer 16944,2,27550.0,27550.0,19997.25,7552.75
ORD002249,2024-10-21,West,Technology,Monitor,Customer 19677,1,25200.0,25200.0,20753.88,4446.12
ORD001455,2024-10-21,North,Office Supplies,Printer,Customer 18663,1,28500.0,28500.0,24941.29,3558.71
ORD004118,2024-10-22,West,Furniture,Chair,Customer 11242,3,43500.0,43500.0,28666.88,14833.12
ORD002343,2024-10-22,South,Technology,Laptop,Customer 12732,5,350000.0,350000.0,266054.29,83945.71
ORD004051,2024-10-22,West,Furniture,Desk,Customer 10878,2,52000.0,52000.0,34535.52,17464.48
ORD001348,2024-10-22,North,Furniture,Desk,Customer 15538,5,130000.0,130000.0,90118.0,39882.0
ORD000347,2024-10-22,South,Office Supplies,Printer,Customer 17167,1,28500.0,28500.0,25095.03,3404.97
ORD001095,2024-10-23,East,Technology,Laptop,Customer 10102,5,350000.0,350000.0,278325.97,71674.03
ORD002984,2024-10-23,South,Furniture,Chair,Customer 10271,4,52200.0,52200.0,37478.67,14721.33
ORD004848,2024-10-23,East,Technology,Keyboard,Customer 19951,3,14850.0,14850.0,9663.86,5186.14
ORD004816,2024-10-23,West,Furniture,Chair,Customer 15125,6,69600.0,69600.0,56604.35,12995.65
ORD001383,2024-10-24,North,Office Supplies,Printer,Customer 16270,2,51000.0,51000.0,49017.38,1982.62
ORD003916,2024-10-24,North,Office Supplies,Printer,Customer 18166,3,90000.0,90000.0,72864.73,17135.27
ORD000096,2024-10-24,West,Furniture,Desk,Customer 15871,5,123500.0,123500.0,87401.98,36098.02
ORD004603,2024-10-25,West,Technology,Laptop,Customer 14150,5,332500.0,332500.0,261995.68,70504.32
ORD000398,2024-10-25,West,Technology,Mouse,Customer 15952,4,8360.0,8360.0,4182.51,4177.49
ORD001192,2024-10-25,North,Technology,Monitor,Customer 19559,3,79800.0,79800.0,61505.23,18294.77
ORD002587,2024-10-25,East,Furniture,Desk,Customer 14828,3,78000.0,78000.0,51905.25,26094.75
ORD002509,2024-10-26,South,Technology,Mouse,Customer 14184,1,1870.0,1870.0,990.0,880.0
ORD003856,2024-10-26,West,Technology,Laptop,Customer 13893,1,63000.0,63000.0,53505.34,9494.66
ORD000453,2024-10-26,South,Technology,Keyboard,Customer 11367,1,4950.0,4950.0,3351.9,1598.1
ORD000760,2024-10-26,North,Technology,Laptop,Customer 18213,2,119000.0,119000.0,110242.77,8757.23
ORD000482,2024-10-26,West,Office Supplies,Printer,Customer 11493,2,57000.0,57000.0,50031.5,6968.5
ORD000307,2024-10-27,West,Technology,Laptop,Customer 14123,3,199500.0,199500.0,162201.76,37298.24
ORD004732,2024-10-27,East,Furniture,Desk,Customer 17572,1,23400.0,23400.0,17751.97,5648.03
ORD001745,2024-10-27,South,Furniture,Chair,Customer 18961,4,58000.0,58000.0,39794.54,18205.46
ORD001244,2024-10-27,East,Office Supplies,Printer,Customer 10594,3,81000.0,81000.0,75314.22,5685.78
ORD000280,2024-10-27,South,Furniture,Desk,Customer 15029,2,52000.0,52000.0,33420.26,18579.74
ORD002110,2024-10-27,North,Technology,Laptop,Customer 13983,1,66500.0,66500.0,52745.9,13754.1
ORD003234,2024-10-27,South,Office Supplies,Printer,Customer 18032,1,25500.0,25500.0,25200.04,299.96
ORD004442,2024-10-28,West,Technology,Keyboard,Customer 19131,1,4675.0,4675.0,3575.25,1099.75
ORD000737,2024-10-28,South,Technology,Mouse,Customer 12964,3,5610.0,5610.0,3336.55,2273.45
ORD003539,2024-10-28,South,Furniture,Chair,Customer 11859,4,55100.0,55100.0,38753.32,16346.68
ORD000028,2024-10-28,West,Technology,Monitor,Customer 18298,1,26600.0,26600.0,21649.93,4950.07
ORD003959,2024-10-29,South,Technology,Laptop,Customer 10118,2,133000.0,133000.0,106008.27,26991.73
ORD003814,2024-10-29,East,Technology,Monitor,Customer 19158,2,56000.0,56000.0,41116.82,14883.18
ORD004907,2024-10-29,West,Technology,Laptop,Customer 13074,1,63000.0,63000.0,56226.01,6773.99
ORD001636,2024-10-29,North,Furniture,Chair,Customer 17861,1,13775.0,13775.0,9574.13,4200.87
ORD001303,2024-10-29,North,Technology,Laptop,Customer 10173,2,126000.0,126000.0,104711.09,21288.91
ORD002967,2024-10-29,South,Technology,Mouse,Customer 10028,2,4180.0,4180.0,2038.95,2141.05
ORD004814,2024-10-29,East,Technology,Monitor,Customer 18595,2,50400.0,50400.0,41890.2,8509.8
ORD001327,2024-10-29,East,Technology,Mouse,Customer 19659,5,9350.0,9350.0,4950.0,4400.0
ORD001339,2024-10-29,East,Furniture,Chair,Customer 10770,10,145000.0,145000.0,90680.79,54319.21
ORD000983,2024-10-29,North,Technology,Mouse,Customer 15615,1,1980.0,1980.0,1085.48,894.52
ORD002142,2024-10-30,South,Furniture,Desk,Customer 15075,4,98800.0,98800.0,71167.97,27632.03
ORD003004,2024-10-30,South,Technology,Laptop,Customer 11124,2,140000.0,140000.0,110175.24,29824.76
ORD001056,2024-10-30,East,Technology,Keyboard,Customer 19733,1,5225.0,5225.0,3323.99,1901.01
ORD000434,2024-10-30,South,Technology,Keyboard,Customer 17729,6,28050.0,28050.0,18739.85,9310.15
ORD003512,2024-10-30,South,Furniture,Chair,Customer 13839,10,145000.0,145000.0,93228.67,51771.33
ORD004307,2024-10-30,South,Office Supplies,Printer,Customer 16825,3,85500.0,85500.0,78792.05,6707.95
ORD004711,2024-10-31,East,Furniture,Desk,Customer 13330,2,46800.0,46800.0,37275.29,9524.71
ORD002320,2024-10-31,East,Furniture,Desk,Customer 19088,1,22100.0,22100.0,16696.46,5403.54
ORD001510,2024-10-31,South,Furniture,Desk,Customer 18111,4,104000.0,104000.0,73034.12,30965.88
ORD001688,2024-11-01,North,Furniture,Desk,Customer 16096,1,23400.0,23400.0,16293.76,7106.24
ORD004550,2024-11-01,South,Technology,Mouse,Customer 19095,2,4400.0,4400.0,1990.82,2409.18
ORD003489,2024-11-02,South,Technology,Monitor,Customer 17010,3,67200.0,67200.0,60677.93,6522.07
ORD001608,2024-11-02,North,Technology,Keyboard,Customer 12203,2,10450.0,10450.0,6746.27,3703.73
ORD003522,2024-11-02,North,Furniture,Desk,Customer 12802,4,98800.0,98800.0,68473.45,30326.55
ORD002290,2024-11-02,South,Office Supplies,Printer,Customer 16059,1,28500.0,28500.0,24872.84,3627.16
ORD000180,2024-11-03,West,Technology,Keyboard,Customer 18433,1,4675.0,4675.0,3484.61,1190.39
ORD000026,2024-11-03,East,Furniture,Chair,Customer 11086,6,87000.0,87000.0,55167.45,31832.55
ORD001578,2024-11-03,North,Technology,Laptop,Customer 13052,8,476000.0,476000.0,423597.37,52402.63
ORD001202,2024-11-03,West,Furniture,Chair,Customer 14483,3,41325.0,41325.0,28346.9,12978.1
ORD004591,2024-11-03,South,Furniture,Chair,Customer 13489,3,41325.0,41325.0,29518.06,11806.94
ORD000902,2024-11-04,West,Office Supplies,Printer,Customer 14269,2,57000.0,57000.0,49401.93,7598.07
ORD001066,2024-11-04,West,Technology,Mouse,Customer 11091,1,2090.0,2090.0,1076.54,1013.46
ORD000510,2024-11-04,West,Technology,Keyboard,Customer 10163,1,4950.0,4950.0,3522.67,1427.33
ORD004862,2024-11-04,West,Technology,Keyboard,Customer 17161,2,9900.0,9900.0,6614.8,3285.2
ORD002847,2024-11-04,West,Office Supplies,Printer,Customer 15488,2,48000.0,48000.0,49294.43,-1294.43
ORD001993,2024-11-05,West,Furniture,Chair,Customer 19989,1,13775.0,13775.0,10044.2,3730.8
ORD001127,2024-11-05,South,Technology,Monitor,Customer 16640,3,84000.0,84000.0,59728.09,24271.91
ORD003112,2024-11-05,South,Furniture,Chair,Customer 14847,1,14500.0,14500.0,9474.89,5025.11
ORD000044,2024-11-06,North,Technology,Laptop,Customer 13104,3,210000.0,210000.0,172875.66,37124.34
ORD002196,2024-11-06,North,Technology,Mouse,Customer 17489,3,5940.0,5940.0,3091.35,2848.65
ORD004700,2024-11-06,South,Technology,Mouse,Customer 18332,8,15840.0,15840.0,8419.31,7420.69
ORD004753,2024-11-07,South,Technology,Laptop,Customer 19194,3,210000.0,210000.0,160849.75,49150.25
ORD004499,2024-11-07,West,Technology,Mouse,Customer 11293,8,16720.0,16720.0,8181.62,8538.38
ORD001855,2024-11-07,West,Technology,Laptop,Customer 13976,3,178500.0,178500.0,167117.28,11382.72
ORD000119,2024-11-07,East,Furniture,Chair,Customer 11019,4,58000.0,58000.0,39426.66,18573.34
ORD002112,2024-11-07,North,Furniture,Chair,Customer 19349,3,41325.0,41325.0,28973.24,12351.76
ORD003258,2024-11-07,East,Furniture,Chair,Customer 18188,2,29000.0,29000.0,19311.84,9688.16
ORD000509,2024-11-07,South,Technology,Mouse,Customer 13739,2,4400.0,4400.0,2105.51,2294.49
ORD003803,2024-11-07,North,Technology,Mouse,Customer 17324,2,4400.0,4400.0,2093.3,2306.7
ORD003516,2024-11-08,West,Technology,Laptop,Customer 13320,4,280000.0,280000.0,216346.53,63653.47
ORD000027,2024-11-08,West,Technology,Monitor,Customer 11078,3,75600.0,75600.0,60753.58,14846.42
ORD001609,2024-11-08,West,Technology,Laptop,Customer 11271,10,700000.0,700000.0,535295.46,164704.54
ORD000818,2024-11-08,South,Technology,Mouse,Customer 17166,2,4400.0,4400.0,2329.47,2070.53
ORD002494,2024-11-09,West,Furniture,Desk,Customer 15878,1,24700.0,24700.0,17893.03,6806.97
ORD000958,2024-11-09,North,Furniture,Desk,Customer 12235,6,156000.0,156000.0,107819.94,48180.06
ORD003795,2024-11-09,East,Furniture,Chair,Customer 17187,1,13775.0,13775.0,9301.23,4473.77
ORD002605,2024-11-09,South,Technology,Laptop,Customer 19353,3,210000.0,210000.0,161838.55,48161.45
ORD004336,2024-11-09,South,Technology,Laptop,Customer 17400,2,126000.0,126000.0,110563.56,15436.44
ORD003272,2024-11-09,South,Technology,Monitor,Customer 13029,5,119000.0,119000.0,107306.96,11693.04
ORD002496,2024-11-09,North,Technology,Laptop,Customer 18223,2,119000.0,119000.0,105628.58,13371.42
ORD000834,2024-11-10,East,Furniture,Chair,Customer 16350,5,61625.0,61625.0,47896.71,13728.29
ORD002089,2024-11-10,South,Technology,Mouse,Customer 17830,4,7920.0,7920.0,4706.24,3213.76
ORD004920,2024-11-10,South,Furniture,Chair,Customer 16731,1,13775.0,13775.0,9863.53,3911.47
ORD003249,2024-11-10,North,Office Supplies,Printer,Customer 14052,1,28500.0,28500.0,23742.11,4757.89
ORD002412,2024-11-10,West,Technology,Mouse,Customer 13596,2,3740.0,3740.0,2287.04,1452.96
ORD001733,2024-11-11,North,Technology,Laptop,Customer 17900,1,66500.0,66500.0,54351.95,12148.05
ORD004974,2024-11-11,South,Technology,Mouse,Customer 18989,2,3960.0,3960.0,2082.28,1877.72
ORD004015,2024-11-11,North,Furniture,Chair,Customer 17682,3,36975.0,36975.0,28822.43,8152.57
ORD002075,2024-11-12,East,Technology,Mouse,Customer 18545,1,1980.0,1980.0,1053.35,926.65
ORD000389,2024-11-12,North,Furniture,Chair,Customer 11704,2,26100.0,26100.0,17994.25,8105.75
ORD004237,2024-11-12,North,Technology,Laptop,Customer 15561,1,63000.0,63000.0,53857.33,9142.67
ORD000173,2024-11-12,East,Technology,Keyboard,Customer 16675,2,11000.0,11000.0,6913.56,4086.44
ORD001489,2024-11-12,West,Furniture,Desk,Customer 16387,3,74100.0,74100.0,54911.11,19188.89
ORD002035,2024-11-12,North,Furniture,Desk,Customer 10466,1,24700.0,24700.0,17420.3,7279.7
ORD004641,2024-11-13,North,Technology,Monitor,Customer 17622,5,126000.0,126000.0,103200.17,22799.83
ORD000369,2024-11-13,South,Technology,Laptop,Customer 13552,6,357000.0,357000.0,321130.16,35869.84
ORD001779,2024-11-13,West,Furniture,Chair,Customer 17770,10,130500.0,130500.0,99206.97,31293.03
ORD004519,2024-11-13,South,Technology,Mouse,Customer 16115,1,1980.0,1980.0,990.0,990.0
ORD003256,2024-11-13,North,Furniture,Desk,Customer 11013,3,70200.0,70200.0,54620.25,15579.75
ORD003487,2024-11-13,West,Furniture,Chair,Customer 19245,3,39150.0,39150.0,30118.08,9031.92
ORD000745,2024-11-14,North,Furniture,Desk,Customer 17758,1,22100.0,22100.0,17883.15,4216.85
ORD004008,2024-11-14,East,Technology,Keyboard,Customer 12377,4,20900.0,20900.0,13331.38,7568.62
ORD002907,2024-11-14,East,Technology,Monitor,Customer 14993,3,84000.0,84000.0,59668.07,24331.93
ORD001451,2024-11-14,North,Furniture,Desk,Customer 11373,2,46800.0,46800.0,38195.79,8604.21
ORD000159,2024-11-15,South,Technology,Laptop,Customer 15177,8,476000.0,476000.0,428799.71,47200.29
ORD003290,2024-11-15,South,Furniture,Chair,Customer 11865,2,26100.0,26100.0,20259.15,5840.85
ORD004266,2024-11-15,West,Furniture,Chair,Customer 17342,1,14500.0,14500.0,8922.27,5577.73
ORD003143,2024-11-15,East,Technology,Monitor,Customer 13161,10,266000.0,266000.0,205745.45,60254.55
ORD000091,2024-11-16,West,Furniture,Chair,Customer 10801,1,13775.0,13775.0,9409.58,4365.42
ORD001466,2024-11-16,East,Technology,Laptop,Customer 17788,1,70000.0,70000.0,55757.61,14242.39
ORD004116,2024-11-16,North,Furniture,Chair,Customer 16082,8,104400.0,104400.0,80990.92,23409.08
ORD004909,2024-11-16,West,Technology,Monitor,Customer 19658,1,22400.0,22400.0,19362.32,3037.68
ORD001092,2024-11-16,South,Technology,Monitor,Customer 15137,1,22400.0,22400.0,18289.19,4110.81
ORD003494,2024-11-17,North,Technology,Monitor,Customer 16162,3,84000.0,84000.0,59093.8,24906.2
ORD000861,2024-11-17,South,Technology,Laptop,Customer 10227,3,210000.0,210000.0,158673.98,51326.02
ORD000422,2024-11-17,South,Furniture,Chair,Customer 10124,3,39150.0,39150.0,28671.04,10478.96
ORD002081,2024-11-17,West,Technology,Keyboard,Customer 14314,3,16500.0,16500.0,10375.05,6124.95
ORD000478,2024-11-17,North,Technology,Laptop,Customer 15290,1,70000.0,70000.0,53864.11,16135.89
ORD001758,2024-11-17,West,Technology,Laptop,Customer 18745,6,378000.0,378000.0,326637.34,51362.66
ORD002221,2024-11-18,South,Technology,Monitor,Customer 16590,2,56000.0,56000.0,39659.3,16340.7
ORD004056,2024-11-18,East,Technology,Laptop,Customer 10894,1,59500.0,59500.0,53073.58,6426.42
ORD004829,2024-11-18,South,Furniture,Chair,Customer 10696,1,12325.0,12325.0,10134.81,2190.19
ORD003935,2024-11-18,South,Technology,Monitor,Customer 17661,1,23800.0,23800.0,19601.28,4198.72
ORD001168,2024-11-18,South,Technology,Keyboard,Customer 12212,2,10450.0,10450.0,6486.61,3963.39
ORD002517,2024-11-18,South,Technology,Monitor,Customer 16678,1,25200.0,25200.0,19144.08,6055.92
ORD001071,2024-11-19,South,Technology,Mouse,Customer 17151,4,8800.0,8800.0,4569.52,4230.48
ORD002835,2024-11-19,South,Furniture,Desk,Customer 18919,2,49400.0,49400.0,34191.47,15208.53
ORD001387,2024-11-19,South,Technology,Laptop,Customer 14219,4,266000.0,266000.0,208865.56,57134.44
ORD002652,2024-11-19,South,Furniture,Chair,Customer 10850,1,14500.0,14500.0,9729.65,4770.35
ORD002322,2024-11-19,East,Furniture,Chair,Customer 10007,5,72500.0,72500.0,45560.1,26939.9
ORD004955,2024-11-19,South,Technology,Laptop,Customer 19231,1,63000.0,63000.0,52045.41,10954.59
ORD002981,2024-11-19,South,Furniture,Chair,Customer 15506,2,26100.0,26100.0,19432.55,6667.45
ORD001822,2024-11-19,West,Technology,Laptop,Customer 11180,1,63000.0,63000.0,52622.99,10377.01
ORD002681,2024-11-19,West,Technology,Mouse,Customer 19081,5,11000.0,11000.0,5238.06,5761.94
ORD001076,2024-11-19,North,Technology,Laptop,Customer 18491,10,700000.0,700000.0,538380.4,161619.6
ORD001007,2024-11-20,North,Technology,Mouse,Customer 19185,1,2090.0,2090.0,1050.32,1039.68
ORD001330,2024-11-20,East,Technology,Monitor,Customer 19621,2,53200.0,53200.0,41093.64,12106.36
ORD001925,2024-11-21,South,Technology,Monitor,Customer 16384,10,280000.0,280000.0,209990.56,70009.44
ORD002296,2024-11-21,West,Technology,Laptop,Customer 17889,2,119000.0,119000.0,111743.56,7256.44
ORD000554,2024-11-21,West,Technology,Laptop,Customer 15247,1,66500.0,66500.0,53066.01,13433.99
ORD001417,2024-11-22,East,Furniture,Desk,Customer 16086,3,70200.0,70200.0,54882.91,15317.09
ORD000397,2024-11-22,North,Technology,Laptop,Customer 17480,4,224000.0,224000.0,224241.68,-241.68
ORD004515,2024-11-22,East,Furniture,Chair,Customer 12071,2,27550.0,27550.0,18649.5,8900.5
ORD001476,2024-11-23,North,Technology,Monitor,Customer 19476,6,151200.0,151200.0,124367.94,26832.06
ORD001183,2024-11-23,West,Technology,Monitor,Customer 17129,4,112000.0,112000.0,81915.63,30084.37
ORD002175,2024-11-24,North,Technology,Keyboard,Customer 18003,4,18700.0,18700.0,14377.1,4322.9
ORD003373,2024-11-24,North,Furniture,Chair,Customer 18191,4,55100.0,55100.0,39152.89,15947.11
ORD004370,2024-11-25,North,Technology,Laptop,Customer 14293,1,56000.0,56000.0,53335.33,2664.67
ORD003692,2024-11-25,South,Technology,Laptop,Customer 10956,1,59500.0,59500.0,54749.57,4750.43
ORD003159,2024-11-25,West,Furniture,Chair,Customer 15897,3,43500.0,43500.0,29934.1,13565.9
ORD000147,2024-11-25,South,Office Supplies,Printer,Customer 13772,8,228000.0,228000.0,202251.61,25748.39
ORD000830,2024-11-25,East,Technology,Laptop,Customer 12182,2,133000.0,133000.0,111030.48,21969.52
ORD000961,2024-11-26,North,Furniture,Desk,Customer 11325,2,44200.0,44200.0,34647.39,9552.61
ORD001996,2024-11-26,West,Technology,Monitor,Customer 13184,3,75600.0,75600.0,60864.4,14735.6
ORD002623,2024-11-26,East,Furniture,Desk,Customer 11984,5,130000.0,130000.0,86522.33,43477.67
ORD001097,2024-11-26,North,Furniture,Chair,Customer 12734,1,14500.0,14500.0,9453.32,5046.68
ORD000256,2024-11-26,North,Furniture,Desk,Customer 13608,2,44200.0,44200.0,34548.02,9651.98
ORD001407,2024-11-27,West,Furniture,Chair,Customer 12071,1,13050.0,13050.0,9205.24,3844.76
ORD001932,2024-11-27,West,Technology,Mouse,Customer 13389,1,1980.0,1980.0,1138.38,841.62
ORD001997,2024-11-27,West,Technology,Mouse,Customer 10696,3,5940.0,5940.0,3138.58,2801.42
ORD001210,2024-11-27,South,Technology,Mouse,Customer 15313,3,5610.0,5610.0,3253.21,2356.79
ORD002694,2024-11-28,South,Technology,Monitor,Customer 18398,2,44800.0,44800.0,43353.59,1446.41
ORD003507,2024-11-28,South,Technology,Mouse,Customer 14307,2,4400.0,4400.0,2041.47,2358.53
ORD004048,2024-11-28,South,Technology,Monitor,Customer 11158,2,50400.0,50400.0,39691.58,10708.42
ORD001562,2024-11-28,North,Technology,Mouse,Customer 15686,10,22000.0,22000.0,10402.68,11597.32
ORD004865,2024-11-28,North,Furniture,Chair,Customer 11496,1,14500.0,14500.0,9372.25,5127.75
ORD003439,2024-11-28,South,Technology,Laptop,Customer 10270,1,66500.0,66500.0,53107.29,13392.71
ORD001976,2024-11-29,South,Technology,Keyboard,Customer 19200,3,14025.0,14025.0,10709.68,3315.32
ORD003747,2024-11-29,West,Technology,Laptop,Customer 14374,2,126000.0,126000.0,115202.83,10797.17
ORD004030,2024-11-29,South,Furniture,Chair,Customer 12089,4,46400.0,46400.0,39965.03,6434.97
ORD004267,2024-11-29,North,Furniture,Desk,Customer 12489,4,104000.0,104000.0,70793.62,33206.38
ORD000142,2024-11-29,West,Technology,Monitor,Customer 14698,5,119000.0,119000.0,96732.72,22267.28
ORD002975,2024-11-29,North,Furniture,Chair,Customer 14070,3,39150.0,39150.0,28484.16,10665.84
ORD002068,2024-11-30,North,Technology,Laptop,Customer 12881,1,59500.0,59500.0,55056.77,4443.23
ORD004797,2024-11-30,East,Technology,Keyboard,Customer 12050,3,15675.0,15675.0,10394.33,5280.67
ORD004013,2024-11-30,East,Technology,Monitor,Customer 19961,1,28000.0,28000.0,20432.56,7567.44
ORD002024,2024-11-30,West,Technology,Mouse,Customer 16282,4,7480.0,7480.0,4226.38,3253.62
ORD002431,2024-11-30,North,Technology,Monitor,Customer 15983,5,119000.0,119000.0,101887.73,17112.27
ORD003860,2024-11-30,West,Office Supplies,Printer,Customer 18706,1,27000.0,27000.0,23616.91,3383.09
ORD002127,2024-11-30,South,Furniture,Chair,Customer 11923,5,68875.0,68875.0,47356.67,21518.33
ORD001349,2024-11-30,South,Furniture,Desk,Customer 12834,2,49400.0,49400.0,35414.83,13985.17
ORD004651,2024-12-01,East,Office Supplies,Printer,Customer 18542,4,114000.0,114000.0,96923.38,17076.62
ORD000956,2024-12-01,West,Technology,Monitor,Customer 17446,1,28000.0,28000.0,20441.62,7558.38
ORD003887,2024-12-01,North,Technology,Laptop,Customer 17287,1,66500.0,66500.0,52946.82,13553.18
ORD000967,2024-12-01,West,Technology,Keyboard,Customer 15254,1,4950.0,4950.0,3659.05,1290.95
ORD002456,2024-12-01,East,Technology,Mouse,Customer 10580,1,1870.0,1870.0,990.0,880.0
ORD003040,2024-12-01,South,Technology,Keyboard,Customer 18174,1,4675.0,4675.0,3333.08,1341.92
ORD000543,2024-12-01,North,Technology,Keyboard,Customer 19515,1,5500.0,5500.0,3421.86,2078.14
ORD004171,2024-12-02,South,Furniture,Chair,Customer 14992,5,72500.0,72500.0,45426.4,27073.6
ORD002935,2024-12-02,West,Technology,Monitor,Customer 10195,5,140000.0,140000.0,100556.6,39443.4
ORD004332,2024-12-02,East,Technology,Laptop,Customer 17753,5,297500.0,297500.0,278524.14,18975.86
ORD001742,2024-12-03,North,Technology,Laptop,Customer 15837,3,189000.0,189000.0,163506.69,25493.31
ORD003136,2024-12-03,South,Furniture,Desk,Customer 17043,6,124800.0,124800.0,103308.89,21491.11
ORD000925,2024-12-03,South,Furniture,Chair,Customer 18627,1,14500.0,14500.0,9567.91,4932.09
ORD002331,2024-12-04,West,Furniture,Chair,Customer 12764,4,49300.0,49300.0,37245.64,12054.36
ORD003947,2024-12-04,West,Technology,Monitor,Customer 12091,2,50400.0,50400.0,40749.19,9650.81
ORD004385,2024-12-04,South,Office Supplies,Printer,Customer 19370,2,57000.0,57000.0,49127.78,7872.22
ORD002553,2024-12-04,East,Furniture,Chair,Customer 12152,1,13050.0,13050.0,9197.02,3852.98
ORD003094,2024-12-05,North,Office Supplies,Printer,Customer 11421,2,57000.0,57000.0,48688.02,8311.98
ORD001271,2024-12-05,South,Furniture,Chair,Customer 14680,1,12325.0,12325.0,9738.67,2586.33
ORD001664,2024-12-05,East,Furniture,Desk,Customer 18966,4,104000.0,104000.0,65836.46,38163.54
ORD004821,2024-12-05,West,Technology,Mouse,Customer 14077,6,13200.0,13200.0,5949.85,7250.15
ORD000575,2024-12-05,South,Technology,Laptop,Customer 10068,5,332500.0,332500.0,267147.04,65352.96
ORD002746,2024-12-05,North,Technology,Mouse,Customer 14782,2,4180.0,4180.0,2210.16,1969.84
ORD001207,2024-12-05,North,Technology,Laptop,Customer 17974,1,59500.0,59500.0,55203.43,4296.57
ORD003428,2024-12-06,North,Office Supplies,Printer,Customer 13236,2,57000.0,57000.0,48693.61,8306.39
ORD003663,2024-12-06,East,Furniture,Chair,Customer 11189,1,14500.0,14500.0,9663.12,4836.88
ORD001184,2024-12-06,East,Technology,Laptop,Customer 17638,5,315000.0,315000.0,282512.21,32487.79
ORD001418,2024-12-06,West,Furniture,Desk,Customer 16777,4,93600.0,93600.0,69852.12,23747.88
ORD002390,2024-12-06,West,Furniture,Desk,Customer 17383,1,24700.0,24700.0,17743.54,6956.46
ORD003183,2024-12-06,East,Technology,Mouse,Customer 18792,3,6600.0,6600.0,2970.0,3630.0
ORD000113,2024-12-07,North,Technology,Mouse,Customer 12020,1,2090.0,2090.0,995.29,1094.71
ORD002533,2024-12-07,North,Technology,Monitor,Customer 11101,1,28000.0,28000.0,19131.68,8868.32
ORD004103,2024-12-07,East,Technology,Mouse,Customer 12747,5,10450.0,10450.0,5202.59,5247.41
ORD001942,2024-12-07,East,Technology,Laptop,Customer 14626,2,133000.0,133000.0,111956.84,21043.16
ORD003328,2024-12-07,West,Office Supplies,Printer,Customer 10376,5,150000.0,150000.0,128122.45,21877.55
ORD002613,2024-12-07,North,Technology,Laptop,Customer 13555,3,189000.0,189000.0,161746.54,27253.46
ORD005000,2024-12-07,North,Technology,Mouse,Customer 11535,2,4400.0,4400.0,1980.0,2420.0
ORD000419,2024-12-08,East,Technology,Laptop,Customer 11632,1,66500.0,66500.0,53245.35,13254.65
ORD001829,2024-12-09,West,Technology,Monitor,Customer 14936,4,112000.0,112000.0,82437.96,29562.04
ORD002006,2024-12-09,South,Technology,Mouse,Customer 14955,1,2090.0,2090.0,1073.79,1016.21
ORD002099,2024-12-09,East,Technology,Monitor,Customer 11035,2,56000.0,56000.0,40650.41,15349.59
ORD002036,2024-12-09,South,Furniture,Chair,Customer 17355,1,14500.0,14500.0,9517.3,4982.7
ORD001888,2024-12-10,South,Technology,Monitor,Customer 15335,3,84000.0,84000.0,61391.2,22608.8
ORD004045,2024-12-10,South,Furniture,Desk,Customer 12440,8,187200.0,187200.0,139576.66,47623.34
ORD003499,2024-12-10,East,Technology,Mouse,Customer 18715,2,3960.0,3960.0,2038.58,1921.42
ORD002333,2024-12-10,North,Furniture,Chair,Customer 13764,2,29000.0,29000.0,18967.1,10032.9
ORD003584,2024-12-10,South,Technology,Laptop,Customer 16587,2,133000.0,133000.0,112299.81,20700.19
ORD004445,2024-12-10,South,Technology,Monitor,Customer 12309,1,26600.0,26600.0,19526.54,7073.46
ORD000471,2024-12-10,East,Technology,Mouse,Customer 16432,2,3740.0,3740.0,2175.44,1564.56
ORD000152,2024-12-11,North,Furniture,Chair,Customer 19530,6,69600.0,69600.0,55003.35,14596.65
ORD001807,2024-12-11,West,Furniture,Chair,Customer 12992,2,26100.0,26100.0,20049.16,6050.84
ORD002583,2024-12-11,South,Furniture,Chair,Customer 10029,4,55100.0,55100.0,36385.46,18714.54
ORD003172,2024-12-11,South,Office Supplies,Printer,Customer 16777,2,60000.0,60000.0,47886.51,12113.49
ORD000429,2024-12-11,North,Technology,Laptop,Customer 10768,6,420000.0,420000.0,308694.97,111305.03
ORD004288,2024-12-12,West,Technology,Laptop,Customer 16904,1,63000.0,63000.0,53940.16,9059.84
ORD004582,2024-12-12,East,Furniture,Chair,Customer 17240,2,23200.0,23200.0,18745.95,4454.05
ORD001658,2024-12-13,East,Technology,Mouse,Customer 14809,2,4400.0,4400.0,1980.0,2420.0
ORD000868,2024-12-13,North,Technology,Mouse,Customer 11930,2,4400.0,4400.0,2116.02,2283.98
ORD003301,2024-12-13,East,Technology,Laptop,Customer 14721,3,189000.0,189000.0,166321.28,22678.72
ORD001081,2024-12-13,North,Technology,Monitor,Customer 10445,2,44800.0,44800.0,41347.91,3452.09
ORD002715,2024-12-13,South,Technology,Mouse,Customer 18856,6,13200.0,13200.0,5985.83,7214.17
ORD002387,2024-12-13,South,Technology,Keyboard,Customer 16413,4,22000.0,22000.0,13935.26,8064.74
ORD002751,2024-12-14,West,Technology,Keyboard,Customer 10400,1,5500.0,5500.0,3172.84,2327.16
ORD001895,2024-12-14,West,Technology,Laptop,Customer 16929,3,210000.0,210000.0,158995.33,51004.67
ORD004381,2024-12-14,West,Furniture,Chair,Customer 19499,4,46400.0,46400.0,38323.2,8076.8
ORD003546,2024-12-14,South,Furniture,Desk,Customer 18588,4,93600.0,93600.0,70442.64,23157.36
ORD000741,2024-12-14,West,Technology,Laptop,Customer 13272,5,332500.0,332500.0,269827.15,62672.85
ORD003626,2024-12-15,West,Furniture,Desk,Customer 12715,1,26000.0,26000.0,16452.66,9547.34
ORD001177,2024-12-15,East,Technology,Monitor,Customer 10448,3,84000.0,84000.0,59997.0,24003.0
ORD003705,2024-12-15,West,Furniture,Desk,Customer 16249,1,23400.0,23400.0,17407.1,5992.9
ORD002895,2024-12-15,East,Furniture,Desk,Customer 12886,5,123500.0,123500.0,80644.18,42855.82
ORD004649,2024-12-15,West,Technology,Monitor,Customer 13888,3,71400.0,71400.0,61645.51,9754.49
ORD002423,2024-12-15,West,Technology,Mouse,Customer 15593,4,7920.0,7920.0,4545.38,3374.62
ORD002658,2024-12-15,North,Technology,Monitor,Customer 19957,1,25200.0,25200.0,20771.5,4428.5
ORD001394,2024-12-15,South,Furniture,Chair,Customer 16370,4,52200.0,52200.0,38280.77,13919.23
ORD004126,2024-12-15,East,Technology,Keyboard,Customer 13799,6,28050.0,28050.0,22273.09,5776.91
ORD004027,2024-12-15,South,Technology,Monitor,Customer 16427,1,25200.0,25200.0,19249.41,5950.59
ORD003031,2024-12-15,East,Technology,Mouse,Customer 11637,4,8360.0,8360.0,4076.34,4283.66
ORD002042,2024-12-16,South,Technology,Monitor,Customer 19141,5,126000.0,126000.0,103811.38,22188.62
ORD001497,2024-12-16,West,Furniture,Desk,Customer 13365,5,130000.0,130000.0,83560.99,46439.01
ORD002316,2024-12-16,North,Furniture,Desk,Customer 16291,6,132600.0,132600.0,109395.84,23204.16
ORD000141,2024-12-16,North,Furniture,Chair,Customer 19615,2,26100.0,26100.0,19338.07,6761.93
ORD001378,2024-12-16,West,Technology,Laptop,Customer 19187,2,140000.0,140000.0,107560.87,32439.13
ORD001698,2024-12-16,North,Technology,Laptop,Customer 10034,2,133000.0,133000.0,112102.04,20897.96
ORD004200,2024-12-16,East,Technology,Laptop,Customer 15705,1,66500.0,66500.0,54483.97,12016.03
ORD004999,2024-12-16,North,Furniture,Chair,Customer 19622,4,46400.0,46400.0,40375.71,6024.29
ORD000160,2024-12-16,West,Technology,Mouse,Customer 11257,3,6270.0,6270.0,3180.49,3089.51
ORD003037,2024-12-17,West,Furniture,Desk,Customer 17459,1,26000.0,26000.0,17685.33,8314.67
ORD001665,2024-12-17,South,Technology,Mouse,Customer 16587,3,6600.0,6600.0,2970.0,3630.0
ORD004346,2024-12-17,East,Furniture,Desk,Customer 16241,1,22100.0,22100.0,17766.95,4333.05
ORD004775,2024-12-17,East,Technology,Laptop,Customer 15888,3,189000.0,189000.0,155127.53,33872.47
ORD003427,2024-12-17,West,Furniture,Desk,Customer 13697,3,78000.0,78000.0,54735.35,23264.65
ORD004095,2024-12-17,East,Technology,Mouse,Customer 18493,2,4400.0,4400.0,2261.95,2138.05
ORD003535,2024-12-18,North,Office Supplies,Printer,Customer 13042,2,60000.0,60000.0,47524.02,12475.98
ORD003424,2024-12-18,West,Furniture,Desk,Customer 13220,8,197600.0,197600.0,139325.19,58274.81
ORD003009,2024-12-18,West,Technology,Monitor,Customer 13033,2,44800.0,44800.0,40789.61,4010.39
ORD003555,2024-12-18,West,Technology,Mouse,Customer 19532,3,5940.0,5940.0,3051.64,2888.36
ORD001243,2024-12-18,West,Technology,Monitor,Customer 19644,2,53200.0,53200.0,36736.12,16463.88
ORD000953,2024-12-18,North,Furniture,Desk,Customer 16800,3,70200.0,70200.0,53487.44,16712.56
ORD003199,2024-12-18,West,Technology,Keyboard,Customer 14596,3,14850.0,14850.0,9993.66,4856.34
ORD000182,2024-12-19,North,Office Supplies,Printer,Customer 14100,2,60000.0,60000.0,49867.09,10132.91
ORD002527,2024-12-19,East,Technology,Monitor,Customer 17715,2,50400.0,50400.0,40393.16,10006.84
ORD001204,2024-12-20,South,Technology,Mouse,Customer 19129,1,2090.0,2090.0,1053.68,1036.32
ORD000240,2024-12-20,South,Technology,Laptop,Customer 19124,1,70000.0,70000.0,55815.67,14184.33
ORD004407,2024-12-20,East,Technology,Mouse,Customer 13059,2,4180.0,4180.0,2149.57,2030.43
ORD004434,2024-12-20,West,Office Supplies,Printer,Customer 19753,10,285000.0,285000.0,244472.85,40527.15
ORD004293,2024-12-20,North,Technology,Laptop,Customer 16568,2,140000.0,140000.0,107482.49,32517.51
ORD001295,2024-12-21,South,Technology,Mouse,Customer 19728,2,4180.0,4180.0,2078.66,2101.34
ORD004795,2024-12-21,South,Technology,Mouse,Customer 17190,5,9900.0,9900.0,4950.0,4950.0
ORD001835,2024-12-21,South,Technology,Keyboard,Customer 12219,3,16500.0,16500.0,10123.27,6376.73
ORD003583,2024-12-22,South,Technology,Keyboard,Customer 14161,2,11000.0,11000.0,6904.39,4095.61
ORD003408,2024-12-22,South,Technology,Keyboard,Customer 15069,2,10450.0,10450.0,7045.44,3404.56
ORD004942,2024-12-22,South,Technology,Laptop,Customer 17195,3,210000.0,210000.0,163591.83,46408.17
ORD004190,2024-12-22,North,Technology,Laptop,Customer 16259,3,168000.0,168000.0,169377.66,-1377.66
ORD000340,2024-12-22,South,Office Supplies,Printer,Customer 14449,6,144000.0,144000.0,145566.22,-1566.22
ORD000017,2024-12-22,East,Technology,Keyboard,Customer 19085,1,5500.0,5500.0,3272.88,2227.12
ORD000769,2024-12-22,South,Furniture,Chair,Customer 12730,2,29000.0,29000.0,19040.04,9959.96
ORD002832,2024-12-22,South,Furniture,Desk,Customer 12962,3,66300.0,66300.0,52386.73,13913.27
ORD002082,2024-12-22,South,Furniture,Chair,Customer 15341,1,14500.0,14500.0,9435.62,5064.38
ORD000033,2024-12-23,West,Technology,Laptop,Customer 15994,5,350000.0,350000.0,269647.11,80352.89
ORD003242,2024-12-23,North,Furniture,Chair,Customer 15746,4,55100.0,55100.0,37371.65,17728.35
ORD000836,2024-12-23,North,Technology,Laptop,Customer 18957,3,189000.0,189000.0,170083.29,18916.71
ORD002309,2024-12-23,West,Technology,Keyboard,Customer 11025,3,16500.0,16500.0,9444.19,7055.81
ORD003333,2024-12-24,West,Office Supplies,Printer,Customer 15584,4,120000.0,120000.0,97246.12,22753.88
ORD003441,2024-12-24,East,Technology,Monitor,Customer 16558,5,119000.0,119000.0,101316.9,17683.1
ORD004747,2024-12-24,East,Technology,Monitor,Customer 16368,3,71400.0,71400.0,59505.3,11894.7
ORD003905,2024-12-25,South,Technology,Mouse,Customer 16230,10,20900.0,20900.0,9900.0,11000.0
ORD002790,2024-12-25,East,Furniture,Chair,Customer 19191,8,98600.0,98600.0,78754.93,19845.07
ORD004792,2024-12-25,West,Technology,Mouse,Customer 19206,1,2090.0,2090.0,1075.26,1014.74
ORD000580,2024-12-25,West,Technology,Mouse,Customer 11292,1,1870.0,1870.0,990.0,880.0
ORD002939,2024-12-26,South,Technology,Mouse,Customer 16741,10,20900.0,20900.0,11173.0,9727.0
ORD003808,2024-12-26,South,Technology,Laptop,Customer 16811,1,70000.0,70000.0,53760.55,16239.45
ORD003200,2024-12-26,South,Technology,Monitor,Customer 14769,1,23800.0,23800.0,19773.65,4026.35
ORD004417,2024-12-26,East,Furniture,Chair,Customer 12094,1,14500.0,14500.0,9481.29,5018.71
ORD001950,2024-12-26,South,Office Supplies,Printer,Customer 19594,3,81000.0,81000.0,74804.06,6195.94
ORD000290,2024-12-27,South,Technology,Laptop,Customer 17440,8,504000.0,504000.0,438779.87,65220.13
ORD001131,2024-12-27,North,Furniture,Chair,Customer 15583,2,29000.0,29000.0,20136.81,8863.19
ORD000732,2024-12-27,North,Technology,Mouse,Customer 18750,3,5610.0,5610.0,3169.69,2440.31
ORD000864,2024-12-27,North,Technology,Monitor,Customer 11702,1,28000.0,28000.0,19471.17,8528.83
ORD003707,2024-12-27,South,Technology,Mouse,Customer 13528,3,6270.0,6270.0,3101.55,3168.45
ORD003262,2024-12-27,South,Office Supplies,Printer,Customer 11132,4,120000.0,120000.0,101740.26,18259.74
ORD001981,2024-12-27,South,Technology,Keyboard,Customer 12399,4,20900.0,20900.0,13422.93,7477.07
ORD004135,2024-12-28,South,Technology,Mouse,Customer 13671,1,2200.0,2200.0,1113.36,1086.64
ORD004544,2024-12-28,West,Furniture,Chair,Customer 17770,3,43500.0,43500.0,30185.95,13314.05
ORD000661,2024-12-28,South,Technology,Laptop,Customer 10874,1,66500.0,66500.0,53876.19,12623.81
ORD003167,2024-12-28,South,Furniture,Desk,Customer 15986,1,22100.0,22100.0,17995.25,4104.75
ORD002330,2024-12-28,East,Office Supplies,Printer,Customer 13111,6,171000.0,171000.0,157070.85,13929.15
ORD001861,2024-12-28,North,Technology,Keyboard,Customer 16491,3,14850.0,14850.0,9145.07,5704.93
ORD002737,2024-12-28,East,Technology,Laptop,Customer 12556,3,189000.0,189000.0,167545.68,21454.32
ORD003853,2024-12-28,South,Office Supplies,Printer,Customer 18292,3,85500.0,85500.0,75467.02,10032.98
ORD003703,2024-12-29,West,Furniture,Chair,Customer 16438,3,39150.0,39150.0,29374.03,9775.97
ORD001805,2024-12-29,North,Technology,Laptop,Customer 18950,5,315000.0,315000.0,282222.58,32777.42
ORD004553,2024-12-29,West,Furniture,Desk,Customer 12712,2,49400.0,49400.0,31872.66,17527.34
ORD000251,2024-12-30,West,Technology,Monitor,Customer 16268,4,112000.0,112000.0,83790.12,28209.88
ORD003611,2024-12-30,West,Office Supplies,Printer,Customer 14721,6,153000.0,153000.0,154403.27,-1403.27
ORD001190,2024-12-30,North,Technology,Keyboard,Customer 13568,1,5225.0,5225.0,3507.22,1717.78
ORD000555,2024-12-30,North,Technology,Monitor,Customer 11576,3,79800.0,79800.0,59450.03,20349.97
ORD000361,2024-12-30,North,Technology,Keyboard,Customer 15027,2,10450.0,10450.0,6838.61,3611.39
ORD002641,2024-12-30,North,Office Supplies,Printer,Customer 12169,8,240000.0,240000.0,204755.09,35244.91
ORD000517,2024-12-31,East,Technology,Monitor,Customer 17111,8,212800.0,212800.0,160743.05,52056.95
ORD001670,2024-12-31,North,Technology,Laptop,Customer 18001,3,178500.0,178500.0,166734.47,11765.53
ORD000577,2024-12-31,South,Technology,Keyboard,Customer 15527,2,10450.0,10450.0,6985.3,3464.7
ORD002699,2024-12-31,North,Furniture,Chair,Customer 16647,1,11600.0,11600.0,9493.8,2106.2
ORD002570,2024-12-31,North,Technology,Laptop,Customer 17075,3,199500.0,199500.0,165561.18,33938.82
ORD003362,2024-12-31,West,Technology,Laptop,Customer 19330,4,266000.0,266000.0,232107.97,33892.03
ORD004203,2024-12-31,West,Technology,Keyboard,Customer 10663,1,5500.0,5500.0,3444.48,2055.52
ORD003811,2024-12-31,North,Technology,Keyboard,Customer 14056,6,31350.0,31350.0,20067.82,11282.18
ORD001318,2025-01-01,South,Furniture,Chair,Customer 13600,1,12325.0,12325.0,9743.68,2581.32
ORD001406,2025-01-01,West,Technology,Laptop,Customer 17736,1,59500.0,59500.0,55305.69,4194.31
ORD003058,2025-01-02,East,Technology,Mouse,Customer 15435,2,3960.0,3960.0,1980.0,1980.0
ORD000427,2025-01-02,East,Technology,Laptop,Customer 10159,1,63000.0,63000.0,56008.54,6991.46
ORD004894,2025-01-02,North,Furniture,Chair,Customer 10465,2,27550.0,27550.0,19480.54,8069.46
ORD004105,2025-01-02,North,Furniture,Chair,Customer 18251,3,41325.0,41325.0,29293.85,12031.15
ORD001238,2025-01-02,South,Technology,Laptop,Customer 13873,5,332500.0,332500.0,265554.25,66945.75
ORD003309,2025-01-02,North,Technology,Laptop,Customer 16866,2,133000.0,133000.0,111496.45,21503.55
ORD004493,2025-01-03,West,Furniture,Desk,Customer 13484,2,44200.0,44200.0,35327.35,8872.65
ORD003870,2025-01-03,North,Technology,Mouse,Customer 15755,5,10450.0,10450.0,5074.28,5375.72
ORD004078,2025-01-03,East,Technology,Laptop,Customer 17621,3,189000.0,189000.0,165663.59,23336.41
ORD003914,2025-01-03,South,Technology,Monitor,Customer 13359,2,56000.0,56000.0,40260.68,15739.32
ORD002660,2025-01-04,North,Furniture,Chair,Customer 18309,3,41325.0,41325.0,28160.5,13164.5
ORD004549,2025-01-04,North,Furniture,Chair,Customer 17106,2,29000.0,29000.0,19886.69,9113.31
ORD001094,2025-01-04,West,Technology,Keyboard,Customer 11599,1,5500.0,5500.0,3456.84,2043.16
ORD004406,2025-01-04,West,Furniture,Chair,Customer 17855,4,52200.0,52200.0,40000.84,12199.16
ORD001648,2025-01-04,West,Technology,Monitor,Customer 17061,2,56000.0,56000.0,40030.38,15969.62
ORD002922,2025-01-04,South,Technology,Keyboard,Customer 16052,1,5225.0,5225.0,3401.36,1823.64
ORD004469,2025-01-04,South,Technology,Mouse,Customer 19875,1,2200.0,2200.0,1107.11,1092.89
ORD000213,2025-01-04,West,Technology,Keyboard,Customer 19267,2,10450.0,10450.0,6838.7,3611.3
ORD002332,2025-01-04,West,Furniture,Chair,Customer 18361,2,29000.0,29000.0,19589.25,9410.75
ORD000786,2025-01-05,East,Furniture,Chair,Customer 17459,2,29000.0,29000.0,18413.01,10586.99
ORD000472,2025-01-05,South,Technology,Monitor,Customer 14330,2,56000.0,56000.0,39670.68,16329.32
ORD003120,2025-01-05,South,Technology,Monitor,Customer 14212,1,28000.0,28000.0,20565.27,7434.73
ORD003284,2025-01-05,West,Furniture,Chair,Customer 16561,4,55100.0,55100.0,38571.49,16528.51
ORD002620,2025-01-05,West,Technology,Keyboard,Customer 18885,2,9900.0,9900.0,6507.61,3392.39
ORD001894,2025-01-05,East,Furniture,Desk,Customer 19420,4,98800.0,98800.0,67591.78,31208.22
ORD001386,2025-01-05,West,Technology,Laptop,Customer 15537,6,399000.0,399000.0,315460.38,83539.62
ORD000617,2025-01-06,West,Furniture,Chair,Customer 17302,4,49300.0,49300.0,40059.06,9240.94
ORD004252,2025-01-06,West,Technology,Mouse,Customer 16497,4,8360.0,8360.0,4043.87,4316.13
ORD001812,2025-01-06,West,Furniture,Desk,Customer 15578,2,49400.0,49400.0,34749.56,14650.44
ORD001967,2025-01-06,South,Technology,Monitor,Customer 16171,2,56000.0,56000.0,41214.77,14785.23
ORD004180,2025-01-06,North,Technology,Laptop,Customer 12335,2,133000.0,133000.0,111953.5,21046.5
ORD004477,2025-01-07,North,Office Supplies,Printer,Customer 11768,3,85500.0,85500.0,74706.0,10794.0
ORD003072,2025-01-07,West,Furniture,Chair,Customer 17131,1,13775.0,13775.0,9619.85,4155.15
ORD000959,2025-01-07,West,Furniture,Desk,Customer 19955,3,70200.0,70200.0,54389.13,15810.87
ORD001272,2025-01-07,East,Technology,Monitor,Customer 19969,8,190400.0,190400.0,154215.18,36184.82
ORD002762,2025-01-07,East,Technology,Keyboard,Customer 13571,2,9900.0,9900.0,6723.48,3176.52
ORD003682,2025-01-07,South,Furniture,Desk,Customer 12828,1,22100.0,22100.0,18545.46,3554.54
ORD001659,2025-01-08,South,Furniture,Desk,Customer 11572,1,26000.0,26000.0,18018.83,7981.17
ORD001569,2025-01-08,North,Furniture,Chair,Customer 19756,1,14500.0,14500.0,9512.29,4987.71
ORD000214,2025-01-08,East,Technology,Keyboard,Customer 14618,2,10450.0,10450.0,7237.12,3212.88
ORD004014,2025-01-08,North,Furniture,Chair,Customer 10672,3,41325.0,41325.0,31003.9,10321.1
ORD002503,2025-01-09,South,Technology,Laptop,Customer 17603,2,133000.0,133000.0,111153.32,21846.68
ORD002085,2025-01-09,South,Technology,Keyboard,Customer 19900,1,5225.0,5225.0,3283.09,1941.91
ORD003775,2025-01-09,East,Furniture,Chair,Customer 14467,4,49300.0,49300.0,38646.23,10653.77
ORD004887,2025-01-09,South,Technology,Mouse,Customer 19955,6,12540.0,12540.0,6329.81,6210.19
ORD001424,2025-01-10,South,Technology,Mouse,Customer 18715,3,6270.0,6270.0,3198.44,3071.56
ORD002976,2025-01-10,South,Furniture,Chair,Customer 16469,1,13775.0,13775.0,9169.77,4605.23
ORD004738,2025-01-10,South,Furniture,Desk,Customer 19943,5,123500.0,123500.0,85816.96,37683.04
ORD004679,2025-01-10,South,Furniture,Chair,Customer 19736,3,43500.0,43500.0,28056.15,15443.85
ORD002194,2025-01-10,North,Office Supplies,Printer,Customer 16550,2,57000.0,57000.0,48324.36,8675.64
ORD002184,2025-01-10,North,Furniture,Chair,Customer 18276,1,14500.0,14500.0,10019.76,4480.24
ORD003582,2025-01-11,North,Technology,Laptop,Customer 14668,2,119000.0,119000.0,115467.03,3532.97
ORD000725,2025-01-11,East,Technology,Mouse,Customer 14753,3,5280.0,5280.0,3090.98,2189.02
ORD001471,2025-01-11,South,Technology,Mouse,Customer 10227,6,13200.0,13200.0,6256.64,6943.36
ORD000997,2025-01-11,East,Office Supplies,Printer,Customer 17600,5,135000.0,135000.0,130566.79,4433.21
ORD003845,2025-01-12,North,Office Supplies,Printer,Customer 16865,2,60000.0,60000.0,46911.12,13088.88
ORD000799,2025-01-12,South,Technology,Mouse,Customer 19406,2,3960.0,3960.0,2098.69,1861.31
ORD004778,2025-01-12,South,Technology,Monitor,Customer 17586,2,53200.0,53200.0,40461.29,12738.71
ORD001157,2025-01-12,South,Furniture,Desk,Customer 17664,8,166400.0,166400.0,139410.93,26989.07
ORD001444,2025-01-12,East,Technology,Laptop,Customer 17870,2,126000.0,126000.0,109374.3,16625.7
ORD000891,2025-01-13,West,Furniture,Chair,Customer 17840,6,69600.0,69600.0,55900.19,13699.81
ORD004090,2025-01-13,South,Technology,Mouse,Customer 18880,5,10450.0,10450.0,5392.09,5057.91
ORD000447,2025-01-13,West,Office Supplies,Printer,Customer 13813,1,28500.0,28500.0,23860.32,4639.68
ORD003497,2025-01-13,West,Technology,Laptop,Customer 10637,1,63000.0,63000.0,54518.07,8481.93
ORD001135,2025-01-14,West,Technology,Laptop,Customer 19535,1,66500.0,66500.0,55559.15,10940.85
ORD002027,2025-01-14,South,Technology,Keyboard,Customer 17213,2,8800.0,8800.0,6692.69,2107.31
ORD000872,2025-01-14,West,Technology,Laptop,Customer 12581,5,332500.0,332500.0,275304.97,57195.03
ORD002885,2025-01-14,East,Furniture,Desk,Customer 16858,1,26000.0,26000.0,16763.19,9236.81
ORD001990,2025-01-15,East,Technology,Laptop,Customer 18193,5,350000.0,350000.0,267289.51,82710.49
ORD002712,2025-01-15,North,Technology,Mouse,Customer 16216,3,6270.0,6270.0,3153.73,3116.27
ORD004584,2025-01-16,West,Technology,Laptop,Customer 11573,2,140000.0,140000.0,108876.64,31123.36
ORD004586,2025-01-16,North,Technology,Mouse,Customer 18221,4,8360.0,8360.0,4041.4,4318.6
ORD001580,2025-01-16,East,Technology,Mouse,Customer 15415,1,1870.0,1870.0,1042.76,827.24
ORD003613,2025-01-16,South,Technology,Keyboard,Customer 19919,2,8800.0,8800.0,6666.97,2133.03
ORD000481,2025-01-16,North,Office Supplies,Printer,Customer 19745,3,72000.0,72000.0,71740.74,259.26
ORD004033,2025-01-16,West,Technology,Mouse,Customer 11873,3,5940.0,5940.0,3278.8,2661.2
ORD003650,2025-01-17,West,Technology,Laptop,Customer 10194,1,70000.0,70000.0,53292.08,16707.92
ORD002325,2025-01-17,West,Furniture,Chair,Customer 16338,6,69600.0,69600.0,55871.44,13728.56
ORD002283,2025-01-18,North,Technology,Laptop,Customer 14259,2,119000.0,119000.0,110791.87,8208.13
ORD000171,2025-01-18,East,Technology,Monitor,Customer 14031,8,212800.0,212800.0,168642.92,44157.08
ORD004427,2025-01-18,West,Technology,Monitor,Customer 10798,3,79800.0,79800.0,59205.88,20594.12
ORD002302,2025-01-19,West,Furniture,Chair,Customer 14253,1,12325.0,12325.0,8976.96,3348.04
ORD003503,2025-01-19,South,Technology,Laptop,Customer 14499,4,280000.0,280000.0,214759.86,65240.14
ORD001172,2025-01-19,North,Technology,Monitor,Customer 14618,2,53200.0,53200.0,38634.96,14565.04
ORD002404,2025-01-19,South,Technology,Monitor,Customer 18158,2,50400.0,50400.0,41354.59,9045.41
ORD004764,2025-01-19,West,Office Supplies,Printer,Customer 11024,3,85500.0,85500.0,70560.1,14939.9
ORD000524,2025-01-20,South,Technology,Laptop,Customer 11862,3,199500.0,199500.0,169302.16,30197.84
ORD001162,2025-01-20,South,Technology,Mouse,Customer 17181,1,1760.0,1760.0,1050.31,709.69
ORD001774,2025-01-21,West,Furniture,Desk,Customer 18783,1,24700.0,24700.0,18301.65,6398.35
ORD003223,2025-01-21,West,Furniture,Desk,Customer 10967,6,124800.0,124800.0,111825.44,12974.56
ORD001260,2025-01-21,West,Furniture,Chair,Customer 13227,10,130500.0,130500.0,95159.03,35340.97
ORD000757,2025-01-21,East,Technology,Monitor,Customer 10245,4,100800.0,100800.0,76876.14,23923.86
ORD001240,2025-01-21,North,Technology,Mouse,Customer 12643,4,8360.0,8360.0,4101.86,4258.14
ORD001869,2025-01-22,South,Technology,Laptop,Customer 11856,3,189000.0,189000.0,161406.49,27593.51
ORD001587,2025-01-22,East,Technology,Laptop,Customer 14177,3,210000.0,210000.0,161506.95,48493.05
ORD001738,2025-01-22,East,Technology,Monitor,Customer 17957,6,134400.0,134400.0,123185.54,11214.46
ORD000595,2025-01-23,West,Furniture,Desk,Customer 19151,5,123500.0,123500.0,92696.94,30803.06
ORD000820,2025-01-23,North,Technology,Keyboard,Customer 18583,4,19800.0,19800.0,13959.34,5840.66
ORD000808,2025-01-23,South,Furniture,Desk,Customer 12379,3,78000.0,78000.0,50991.21,27008.79
ORD002856,2025-01-23,West,Furniture,Chair,Customer 17757,1,12325.0,12325.0,9023.02,3301.98
ORD004756,2025-01-23,South,Technology,Monitor,Customer 12834,5,112000.0,112000.0,102403.39,9596.61
ORD004031,2025-01-23,East,Furniture,Desk,Customer 13176,1,26000.0,26000.0,17482.28,8517.72
ORD003268,2025-01-23,East,Furniture,Chair,Customer 12800,4,55100.0,55100.0,38593.43,16506.57
ORD002284,2025-01-24,East,Technology,Keyboard,Customer 13126,2,10450.0,10450.0,6877.92,3572.08
ORD002400,2025-01-24,West,Technology,Keyboard,Customer 12523,3,14850.0,14850.0,9989.23,4860.77
ORD003550,2025-01-24,South,Technology,Monitor,Customer 11711,5,126000.0,126000.0,99069.41,26930.59
ORD003354,2025-01-24,North,Technology,Mouse,Customer 16901,1,1980.0,1980.0,1104.1,875.9
ORD004256,2025-01-25,North,Furniture,Desk,Customer 14861,4,88400.0,88400.0,70130.47,18269.53
ORD003640,2025-01-25,North,Office Supplies,Printer,Customer 12462,2,57000.0,57000.0,49662.74,7337.26
ORD003866,2025-01-25,North,Technology,Laptop,Customer 13458,2,126000.0,126000.0,110897.85,15102.15
ORD002094,2025-01-25,East,Technology,Monitor,Customer 17687,10,252000.0,252000.0,203749.35,48250.65
ORD001708,2025-01-26,South,Technology,Keyboard,Customer 16109,3,13200.0,13200.0,10403.26,2796.74
ORD000310,2025-01-26,North,Furniture,Chair,Customer 19329,3,39150.0,39150.0,26417.89,12732.11
ORD004394,2025-01-26,North,Furniture,Chair,Customer 15029,3,36975.0,36975.0,28909.14,8065.86
ORD001918,2025-01-26,South,Furniture,Chair,Customer 11534,3,41325.0,41325.0,28955.31,12369.69
ORD003985,2025-01-26,South,Technology,Laptop,Customer 19734,5,332500.0,332500.0,269947.82,62552.18
ORD004614,2025-01-26,North,Technology,Mouse,Customer 15552,10,20900.0,20900.0,10700.64,10199.36
ORD002484,2025-01-27,West,Furniture,Desk,Customer 19614,4,98800.0,98800.0,69994.49,28805.51
ORD003086,2025-01-27,South,Technology,Monitor,Customer 19222,2,56000.0,56000.0,39090.5,16909.5
ORD004967,2025-01-27,East,Technology,Laptop,Customer 12162,4,266000.0,266000.0,211743.37,54256.63
ORD002136,2025-01-27,South,Furniture,Chair,Customer 13625,1,14500.0,14500.0,9718.57,4781.43
ORD003571,2025-01-27,South,Technology,Monitor,Customer 17731,3,79800.0,79800.0,60875.57,18924.43
ORD000803,2025-01-27,North,Furniture,Desk,Customer 10108,2,44200.0,44200.0,35733.59,8466.41
ORD000654,2025-01-28,North,Technology,Mouse,Customer 14977,1,2090.0,2090.0,1050.83,1039.17
ORD003414,2025-01-28,West,Office Supplies,Printer,Customer 14793,8,228000.0,228000.0,188832.49,39167.51
ORD001002,2025-01-28,North,Furniture,Chair,Customer 14533,2,29000.0,29000.0,19454.48,9545.52
ORD004869,2025-01-28,South,Technology,Monitor,Customer 18424,8,212800.0,212800.0,165465.91,47334.09
ORD000049,2025-01-28,North,Technology,Mouse,Customer 19248,1,1870.0,1870.0,1070.45,799.55
ORD000763,2025-01-28,West,Technology,Monitor,Customer 12114,2,50400.0,50400.0,40918.69,9481.31
ORD004100,2025-01-28,South,Furniture,Chair,Customer 13409,1,13050.0,13050.0,9617.12,3432.88
ORD002162,2025-01-28,South,Technology,Keyboard,Customer 10063,2,11000.0,11000.0,7009.42,3990.58
ORD004348,2025-01-28,West,Office Supplies,Printer,Customer 14531,1,28500.0,28500.0,24493.26,4006.74
ORD004479,2025-01-29,North,Office Supplies,Printer,Customer 16185,5,135000.0,135000.0,129867.97,5132.03
ORD002291,2025-01-29,North,Furniture,Desk,Customer 10222,1,24700.0,24700.0,17293.53,7406.47
ORD003104,2025-01-29,West,Technology,Laptop,Customer 18905,2,133000.0,133000.0,112832.57,20167.43
ORD002026,2025-01-29,North,Furniture,Desk,Customer 14974,1,23400.0,23400.0,18125.83,5274.17
ORD003445,2025-01-29,North,Technology,Keyboard,Customer 10884,6,31350.0,31350.0,19012.89,12337.11
ORD003071,2025-01-29,South,Furniture,Desk,Customer 15734,2,49400.0,49400.0,37176.64,12223.36
ORD002468,2025-01-29,East,Technology,Mouse,Customer 18690,2,4180.0,4180.0,2032.16,2147.84
ORD002858,2025-01-29,South,Technology,Laptop,Customer 12405,2,126000.0,126000.0,107999.47,18000.53
ORD002865,2025-01-30,East,Office Supplies,Printer,Customer 17394,2,60000.0,60000.0,46950.65,13049.35
ORD002745,2025-01-30,West,Technology,Laptop,Customer 18936,10,665000.0,665000.0,524352.55,140647.45
ORD000726,2025-01-30,North,Technology,Laptop,Customer 15120,2,133000.0,133000.0,113252.89,19747.11
ORD003936,2025-01-30,West,Office Supplies,Printer,Customer 11709,8,228000.0,228000.0,201014.47,26985.53
ORD001113,2025-01-30,East,Office Supplies,Printer,Customer 18405,3,76500.0,76500.0,67422.95,9077.05
ORD001602,2025-01-31,North,Technology,Keyboard,Customer 18347,2,9900.0,9900.0,6792.59,3107.41
ORD000094,2025-01-31,West,Technology,Monitor,Customer 16702,5,126000.0,126000.0,100172.71,25827.29
ORD003117,2025-01-31,North,Technology,Laptop,Customer 16955,1,66500.0,66500.0,55579.48,10920.52
ORD000483,2025-01-31,East,Technology,Keyboard,Customer 19228,3,13200.0,13200.0,10469.41,2730.59
ORD004528,2025-01-31,South,Technology,Monitor,Customer 12169,4,112000.0,112000.0,78588.28,33411.72
ORD003005,2025-02-01,South,Technology,Mouse,Customer 16799,5,9900.0,9900.0,4962.89,4937.11
ORD003462,2025-02-01,North,Technology,Monitor,Customer 17877,1,28000.0,28000.0,20933.9,7066.1
ORD001979,2025-02-01,East,Technology,Keyboard,Customer 17885,4,19800.0,19800.0,13413.72,6386.28
ORD004913,2025-02-02,East,Technology,Monitor,Customer 14644,3,79800.0,79800.0,61681.9,18118.1
ORD001256,2025-02-03,South,Technology,Monitor,Customer 15545,5,140000.0,140000.0,103976.58,36023.42
ORD000124,2025-02-03,West,Technology,Laptop,Customer 14313,2,133000.0,133000.0,103727.83,29272.17
ORD004826,2025-02-03,West,Technology,Mouse,Customer 12909,1,1870.0,1870.0,1003.69,866.31
ORD000474,2025-02-04,West,Technology,Keyboard,Customer 13209,2,10450.0,10450.0,6696.39,3753.61
ORD002717,2025-02-04,West,Technology,Keyboard,Customer 16461,3,14025.0,14025.0,10379.04,3645.96
ORD002040,2025-02-04,North,Office Supplies,Printer,Customer 12023,4,96000.0,96000.0,99486.87,-3486.87
ORD004259,2025-02-05,North,Furniture,Desk,Customer 17740,2,52000.0,52000.0,34055.69,17944.31
ORD002103,2025-02-05,East,Technology,Laptop,Customer 10940,3,199500.0,199500.0,166949.48,32550.52
ORD001052,2025-02-05,East,Furniture,Chair,Customer 12841,6,73950.0,73950.0,61148.78,12801.22
ORD003034,2025-02-05,West,Furniture,Chair,Customer 14496,2,26100.0,26100.0,20302.11,5797.89
ORD002648,2025-02-05,West,Furniture,Chair,Customer 11246,4,52200.0,52200.0,37691.76,14508.24
ORD004497,2025-02-06,East,Office Supplies,Printer,Customer 15924,6,180000.0,180000.0,146200.43,33799.57
ORD000336,2025-02-06,South,Office Supplies,Printer,Customer 10138,2,54000.0,54000.0,46360.24,7639.76
ORD004280,2025-02-06,North,Technology,Monitor,Customer 10076,6,142800.0,142800.0,118991.53,23808.47
ORD004491,2025-02-06,South,Technology,Monitor,Customer 18183,3,75600.0,75600.0,59148.01,16451.99
ORD003875,2025-02-07,North,Furniture,Desk,Customer 19607,1,22100.0,22100.0,17710.08,4389.92
ORD002088,2025-02-07,South,Office Supplies,Printer,Customer 10597,4,108000.0,108000.0,93251.11,14748.89
ORD003534,2025-02-07,East,Technology,Mouse,Customer 10566,6,12540.0,12540.0,6310.97,6229.03
ORD004875,2025-02-08,East,Furniture,Chair,Customer 19381,3,39150.0,39150.0,28533.78,10616.22
ORD000228,2025-02-08,North,Technology,Laptop,Customer 19744,8,532000.0,532000.0,442567.6,89432.4
ORD004158,2025-02-08,South,Furniture,Chair,Customer 16526,1,13775.0,13775.0,9567.2,4207.8
ORD000099,2025-02-08,East,Technology,Mouse,Customer 12780,2,3960.0,3960.0,2104.52,1855.48
ORD001385,2025-02-08,North,Technology,Mouse,Customer 18955,5,9900.0,9900.0,4950.0,4950.0
ORD002599,2025-02-09,East,Technology,Mouse,Customer 17993,6,11880.0,11880.0,6174.04,5705.96
ORD000668,2025-02-09,West,Technology,Laptop,Customer 13149,4,280000.0,280000.0,213111.21,66888.79
ORD001289,2025-02-09,North,Technology,Monitor,Customer 15049,4,100800.0,100800.0,79463.66,21336.34
ORD000350,2025-02-09,West,Furniture,Desk,Customer 17136,8,187200.0,187200.0,138305.86,48894.14
ORD001631,2025-02-09,West,Furniture,Desk,Customer 14710,5,130000.0,130000.0,84087.06,45912.94
ORD003528,2025-02-10,North,Technology,Keyboard,Customer 19862,3,16500.0,16500.0,10524.93,5975.07
ORD004717,2025-02-10,North,Furniture,Chair,Customer 15199,10,130500.0,130500.0,92550.85,37949.15
ORD003563,2025-02-10,West,Furniture,Chair,Customer 18474,1,14500.0,14500.0,9750.09,4749.91
ORD001059,2025-02-11,East,Technology,Monitor,Customer 11367,1,22400.0,22400.0,19696.0,2704.0
ORD004175,2025-02-11,South,Technology,Mouse,Customer 11308,8,16720.0,16720.0,8325.36,8394.64
ORD001391,2025-02-11,South,Office Supplies,Printer,Customer 10609,2,57000.0,57000.0,50042.46,6957.54
ORD004388,2025-02-11,South,Technology,Keyboard,Customer 19213,2,10450.0,10450.0,6813.9,3636.1
ORD000014,2025-02-11,North,Technology,Mouse,Customer 18140,4,7920.0,7920.0,4155.94,3764.06
ORD003231,2025-02-11,North,Technology,Monitor,Customer 10748,2,50400.0,50400.0,39313.07,11086.93
ORD002707,2025-02-12,West,Furniture,Desk,Customer 10823,4,88400.0,88400.0,67138.48,21261.52
ORD004995,2025-02-12,North,Furniture,Desk,Customer 16299,2,52000.0,52000.0,35207.27,16792.73
ORD001883,2025-02-12,South,Furniture,Chair,Customer 11467,1,13775.0,13775.0,9434.74,4340.26
ORD000856,2025-02-13,East,Technology,Mouse,Customer 13248,1,2200.0,2200.0,1053.1,1146.9
ORD001220,2025-02-13,North,Technology,Mouse,Customer 11842,4,7480.0,7480.0,4356.65,3123.35
ORD004853,2025-02-13,East,Technology,Keyboard,Customer 16444,5,24750.0,24750.0,16331.09,8418.91
ORD002424,2025-02-13,West,Furniture,Chair,Customer 17362,5,72500.0,72500.0,47000.93,25499.07
ORD000705,2025-02-14,West,Furniture,Chair,Customer 12634,2,27550.0,27550.0,20585.96,6964.04
ORD004101,2025-02-14,South,Furniture,Chair,Customer 14487,6,87000.0,87000.0,58036.76,28963.24
ORD002872,2025-02-14,West,Technology,Mouse,Customer 19595,6,11220.0,11220.0,5940.0,5280.0
ORD001729,2025-02-14,East,Office Supplies,Printer,Customer 14259,2,60000.0,60000.0,48468.78,11531.22
ORD000783,2025-02-14,South,Furniture,Chair,Customer 15904,3,43500.0,43500.0,30765.87,12734.13
ORD004231,2025-02-14,South,Technology,Laptop,Customer 10148,1,70000.0,70000.0,51105.94,18894.06
ORD003907,2025-02-14,South,Technology,Laptop,Customer 19581,1,59500.0,59500.0,52288.06,7211.94
ORD002799,2025-02-14,East,Furniture,Chair,Customer 10586,2,27550.0,27550.0,18294.43,9255.57
ORD003778,2025-02-14,East,Furniture,Desk,Customer 13565,6,132600.0,132600.0,104097.39,28502.61
ORD003994,2025-02-14,West,Technology,Laptop,Customer 17038,4,280000.0,280000.0,222022.74,57977.26
ORD000685,2025-02-15,North,Furniture,Chair,Customer 19965,5,61625.0,61625.0,48205.97,13419.03
ORD001270,2025-02-15,South,Technology,Laptop,Customer 16325,2,126000.0,126000.0,112563.6,13436.4
ORD004458,2025-02-15,North,Technology,Keyboard,Customer 19305,2,11000.0,11000.0,7185.21,3814.79
ORD002714,2025-02-15,South,Technology,Monitor,Customer 17620,6,151200.0,151200.0,122540.15,28659.85
ORD002485,2025-02-16,South,Furniture,Desk,Customer 17497,2,44200.0,44200.0,33471.02,10728.98
ORD004520,2025-02-16,North,Technology,Laptop,Customer 12446,1,70000.0,70000.0,52937.64,17062.36
ORD004371,2025-02-16,South,Furniture,Desk,Customer 17133,2,52000.0,52000.0,38444.14,13555.86
ORD002478,2025-02-16,West,Technology,Keyboard,Customer 10953,2,11000.0,11000.0,7109.97,3890.03
ORD000088,2025-02-17,East,Technology,Keyboard,Customer 13110,8,35200.0,35200.0,27758.37,7441.63
ORD003431,2025-02-17,West,Technology,Laptop,Customer 16687,10,700000.0,700000.0,551851.08,148148.92
ORD001442,2025-02-17,South,Technology,Laptop,Customer 12763,2,140000.0,140000.0,111603.62,28396.38
ORD002568,2025-02-18,South,Technology,Mouse,Customer 11105,3,6270.0,6270.0,3259.49,3010.51
ORD004872,2025-02-18,South,Furniture,Chair,Customer 17035,2,29000.0,29000.0,19512.09,9487.91
ORD001815,2025-02-18,West,Office Supplies,Printer,Customer 19372,6,171000.0,171000.0,145520.7,25479.3
ORD000140,2025-02-20,North,Technology,Mouse,Customer 14080,1,1980.0,1980.0,1069.91,910.09
ORD002210,2025-02-20,North,Technology,Laptop,Customer 17603,2,133000.0,133000.0,111571.24,21428.76
ORD002135,2025-02-20,North,Office Supplies,Printer,Customer 11524,6,180000.0,180000.0,146381.8,33618.2
ORD001820,2025-02-21,South,Technology,Mouse,Customer 16081,6,11220.0,11220.0,6487.33,4732.67
ORD001707,2025-02-22,West,Furniture,Desk,Customer 16657,5,123500.0,123500.0,85768.82,37731.18
ORD001897,2025-02-22,West,Furniture,Chair,Customer 12385,2,27550.0,27550.0,18064.66,9485.34
ORD004607,2025-02-23,North,Technology,Monitor,Customer 14334,1,23800.0,23800.0,20197.89,3602.11
ORD001392,2025-02-23,North,Technology,Mouse,Customer 15038,4,7040.0,7040.0,3996.68,3043.32
ORD002446,2025-02-23,South,Furniture,Desk,Customer 16168,2,49400.0,49400.0,34263.79,15136.21
ORD004326,2025-02-23,South,Technology,Mouse,Customer 19033,1,1980.0,1980.0,1088.33,891.67
ORD004735,2025-02-23,West,Office Supplies,Printer,Customer 11895,10,255000.0,255000.0,249167.58,5832.42
ORD004922,2025-02-24,East,Technology,Mouse,Customer 19961,2,3960.0,3960.0,2105.84,1854.16
ORD002876,2025-02-24,North,Technology,Mouse,Customer 13226,1,2200.0,2200.0,1056.74,1143.26
ORD002465,2025-02-24,East,Technology,Mouse,Customer 18544,4,7920.0,7920.0,4129.79,3790.21
ORD003942,2025-02-24,South,Technology,Keyboard,Customer 19145,4,17600.0,17600.0,12879.25,4720.75
ORD002990,2025-02-25,East,Office Supplies,Printer,Customer 11994,3,76500.0,76500.0,70836.82,5663.18
ORD003259,2025-02-25,South,Furniture,Chair,Customer 14464,2,26100.0,26100.0,19089.23,7010.77
ORD004270,2025-02-25,East,Technology,Mouse,Customer 18283,1,1980.0,1980.0,1079.74,900.26
ORD002716,2025-02-26,South,Technology,Monitor,Customer 14063,1,26600.0,26600.0,20155.81,6444.19
ORD000276,2025-02-26,North,Technology,Keyboard,Customer 17829,1,5500.0,5500.0,3416.4,2083.6
ORD000052,2025-02-26,South,Technology,Keyboard,Customer 14779,3,16500.0,16500.0,10076.59,6423.41
ORD000053,2025-02-26,East,Technology,Monitor,Customer 13795,2,53200.0,53200.0,39860.06,13339.94
ORD001181,2025-02-27,South,Furniture,Chair,Customer 13046,2,27550.0,27550.0,20481.87,7068.13
ORD002811,2025-02-27,East,Furniture,Desk,Customer 18589,3,66300.0,66300.0,50516.82,15783.18
ORD001971,2025-02-27,West,Technology,Laptop,Customer 15923,3,189000.0,189000.0,158123.14,30876.86
ORD000662,2025-02-27,South,Technology,Mouse,Customer 12202,1,2090.0,2090.0,997.9,1092.1
ORD001998,2025-02-27,South,Furniture,Chair,Customer 16045,1,14500.0,14500.0,9332.05,5167.95
ORD000920,2025-02-27,East,Technology,Laptop,Customer 15999,8,532000.0,532000.0,447681.03,84318.97
ORD003799,2025-02-28,North,Technology,Monitor,Customer 15794,1,23800.0,23800.0,19368.06,4431.94
ORD002643,2025-02-28,East,Furniture,Chair,Customer 11664,5,65250.0,65250.0,47639.98,17610.02
ORD001916,2025-02-28,North,Technology,Monitor,Customer 15764,3,84000.0,84000.0,58424.7,25575.3
ORD003396,2025-02-28,East,Furniture,Desk,Customer 10708,3,70200.0,70200.0,52297.77,17902.23
ORD001583,2025-02-28,North,Technology,Mouse,Customer 15251,1,1980.0,1980.0,1011.08,968.92
ORD003984,2025-03-01,South,Furniture,Desk,Customer 13013,3,78000.0,78000.0,53820.01,24179.99
ORD000396,2025-03-01,North,Technology,Laptop,Customer 11506,4,238000.0,238000.0,207532.45,30467.55
ORD000677,2025-03-01,East,Technology,Keyboard,Customer 16492,1,5500.0,5500.0,3374.85,2125.15
ORD004165,2025-03-02,South,Furniture,Chair,Customer 10052,1,14500.0,14500.0,9641.77,4858.23
ORD003042,2025-03-02,South,Technology,Laptop,Customer 12598,4,266000.0,266000.0,204628.55,61371.45
ORD002584,2025-03-02,West,Furniture,Chair,Customer 13085,1,13050.0,13050.0,9596.64,3453.36
ORD002425,2025-03-02,North,Technology,Laptop,Customer 18174,2,133000.0,133000.0,110152.32,22847.68
ORD000895,2025-03-02,West,Technology,Monitor,Customer 13877,2,47600.0,47600.0,38941.49,8658.51
ORD003820,2025-03-02,East,Furniture,Chair,Customer 11605,4,58000.0,58000.0,40358.03,17641.97
ORD002938,2025-03-02,West,Technology,Keyboard,Customer 17212,3,16500.0,16500.0,10543.52,5956.48
ORD003969,2025-03-03,West,Furniture,Chair,Customer 12270,8,104400.0,104400.0,80741.35,23658.65
ORD000605,2025-03-03,West,Technology,Monitor,Customer 10518,1,23800.0,23800.0,19581.56,4218.44
ORD001034,2025-03-03,North,Furniture,Chair,Customer 13521,2,24650.0,24650.0,18341.59,6308.41
ORD000681,2025-03-04,East,Technology,Mouse,Customer 12951,3,5940.0,5940.0,3117.26,2822.74
ORD000565,2025-03-04,West,Office Supplies,Printer,Customer 15234,3,90000.0,90000.0,75847.73,14152.27
ORD001341,2025-03-04,West,Technology,Keyboard,Customer 10446,1,5500.0,5500.0,3690.33,1809.67
ORD002128,2025-03-04,North,Technology,Laptop,Customer 18715,3,189000.0,189000.0,169356.4,19643.6
ORD000571,2025-03-05,East,Technology,Laptop,Customer 10071,3,199500.0,199500.0,164669.46,34830.54
ORD000024,2025-03-05,East,Furniture,Desk,Customer 19378,1,24700.0,24700.0,19574.01,5125.99
ORD002942,2025-03-05,West,Technology,Mouse,Customer 11628,2,4400.0,4400.0,2142.59,2257.41
ORD001421,2025-03-05,South,Office Supplies,Printer,Customer 19508,8,204000.0,204000.0,198559.93,5440.07
ORD004612,2025-03-05,North,Technology,Laptop,Customer 17413,1,59500.0,59500.0,53039.47,6460.53
ORD001336,2025-03-05,North,Office Supplies,Printer,Customer 19393,1,28500.0,28500.0,24555.37,3944.63
ORD003160,2025-03-05,West,Technology,Mouse,Customer 12866,2,3960.0,3960.0,2160.1,1799.9
ORD001287,2025-03-05,North,Furniture,Desk,Customer 10523,2,41600.0,41600.0,36581.88,5018.12
ORD002582,2025-03-05,East,Furniture,Chair,Customer 19187,1,12325.0,12325.0,8752.18,3572.82
ORD004163,2025-03-06,South,Office Supplies,Printer,Customer 15097,2,60000.0,60000.0,51012.47,8987.53
ORD003297,2025-03-06,South,Technology,Mouse,Customer 15668,5,11000.0,11000.0,5182.28,5817.72
ORD004286,2025-03-06,North,Furniture,Desk,Customer 17683,2,52000.0,52000.0,35606.45,16393.55
ORD003228,2025-03-06,South,Technology,Laptop,Customer 18937,4,280000.0,280000.0,214267.96,65732.04
ORD003574,2025-03-06,South,Technology,Monitor,Customer 13390,3,79800.0,79800.0,61048.38,18751.62
ORD004114,2025-03-07,South,Technology,Monitor,Customer 17588,2,53200.0,53200.0,36486.9,16713.1
ORD004626,2025-03-07,South,Technology,Monitor,Customer 12806,3,79800.0,79800.0,63548.23,16251.77
ORD003990,2025-03-07,South,Technology,Laptop,Customer 13600,5,297500.0,297500.0,278596.56,18903.44
ORD001179,2025-03-07,North,Technology,Mouse,Customer 16900,5,9350.0,9350.0,5254.98,4095.02
ORD003689,2025-03-08,West,Technology,Monitor,Customer 10238,1,28000.0,28000.0,20775.54,7224.46
ORD004216,2025-03-08,South,Technology,Mouse,Customer 16204,2,4180.0,4180.0,2084.49,2095.51
ORD002011,2025-03-08,West,Technology,Keyboard,Customer 19977,4,22000.0,22000.0,14230.72,7769.28
ORD000105,2025-03-08,North,Technology,Laptop,Customer 18226,3,178500.0,178500.0,166640.94,11859.06
ORD004831,2025-03-08,East,Technology,Laptop,Customer 13083,1,66500.0,66500.0,56000.47,10499.53
ORD000640,2025-03-08,North,Technology,Keyboard,Customer 16039,1,5225.0,5225.0,3401.06,1823.94
ORD004676,2025-03-08,South,Technology,Keyboard,Customer 11182,6,28050.0,28050.0,19606.31,8443.69
ORD002117,2025-03-08,East,Technology,Monitor,Customer 18173,2,53200.0,53200.0,39389.03,13810.97
ORD000299,2025-03-09,East,Technology,Mouse,Customer 16103,2,4180.0,4180.0,2300.09,1879.91
ORD004842,2025-03-09,North,Furniture,Chair,Customer 11679,4,55100.0,55100.0,40117.88,14982.12
ORD004635,2025-03-09,South,Furniture,Desk,Customer 10433,5,130000.0,130000.0,83404.11,46595.89
ORD000357,2025-03-09,North,Technology,Monitor,Customer 17701,6,168000.0,168000.0,127442.67,40557.33
ORD001575,2025-03-09,East,Technology,Laptop,Customer 16908,1,56000.0,56000.0,51489.08,4510.92
ORD000596,2025-03-09,South,Technology,Keyboard,Customer 18039,2,9900.0,9900.0,6943.12,2956.88
ORD003039,2025-03-09,West,Technology,Mouse,Customer 10219,1,2200.0,2200.0,1109.18,1090.82
ORD001586,2025-03-10,West,Technology,Laptop,Customer 12458,3,189000.0,189000.0,160590.77,28409.23
ORD000860,2025-03-10,South,Technology,Monitor,Customer 16579,1,26600.0,26600.0,19969.07,6630.93
ORD003265,2025-03-10,East,Technology,Monitor,Customer 15868,4,112000.0,112000.0,84232.17,27767.83
ORD003792,2025-03-10,East,Office Supplies,Printer,Customer 18342,3,81000.0,81000.0,73057.55,7942.45
ORD000972,2025-03-10,South,Technology,Laptop,Customer 15544,5,315000.0,315000.0,274332.63,40667.37
ORD000371,2025-03-10,West,Technology,Laptop,Customer 10941,3,199500.0,199500.0,165030.76,34469.24
ORD001667,2025-03-11,North,Technology,Laptop,Customer 11730,4,266000.0,266000.0,209150.56,56849.44
ORD003797,2025-03-11,South,Technology,Keyboard,Customer 19923,5,27500.0,27500.0,16881.04,10618.96
ORD002264,2025-03-11,North,Technology,Laptop,Customer 11485,1,63000.0,63000.0,54017.24,8982.76
ORD003954,2025-03-11,East,Technology,Mouse,Customer 19130,2,4180.0,4180.0,2098.67,2081.33
ORD003625,2025-03-11,West,Technology,Mouse,Customer 16784,10,19800.0,19800.0,10747.36,9052.64
ORD003148,2025-03-12,North,Technology,Mouse,Customer 10836,1,2090.0,2090.0,1035.28,1054.72
ORD002190,2025-03-12,South,Technology,Keyboard,Customer 10100,2,9350.0,9350.0,7346.45,2003.55
ORD000927,2025-03-12,East,Technology,Keyboard,Customer 19505,2,9900.0,9900.0,7303.39,2596.61
ORD002148,2025-03-12,South,Office Supplies,Printer,Customer 12670,5,142500.0,142500.0,120615.77,21884.23
ORD000744,2025-03-12,East,Technology,Mouse,Customer 14592,1,1870.0,1870.0,990.0,880.0
ORD001770,2025-03-13,East,Technology,Monitor,Customer 19488,5,133000.0,133000.0,101199.31,31800.69
ORD002624,2025-03-13,South,Office Supplies,Printer,Customer 17767,2,48000.0,48000.0,48337.85,-337.85
ORD003374,2025-03-13,South,Office Supplies,Printer,Customer 12246,5,127500.0,127500.0,121972.08,5527.92
ORD001751,2025-03-13,South,Technology,Keyboard,Customer 13363,1,4675.0,4675.0,3294.27,1380.73
ORD001288,2025-03-13,West,Technology,Laptop,Customer 12005,8,504000.0,504000.0,423184.54,80815.46
ORD001716,2025-03-13,South,Technology,Mouse,Customer 12640,3,6270.0,6270.0,2990.13,3279.87
ORD004218,2025-03-14,South,Technology,Keyboard,Customer 19485,5,23375.0,23375.0,17178.21,6196.79
ORD002204,2025-03-14,South,Technology,Monitor,Customer 19973,3,79800.0,79800.0,60402.59,19397.41
ORD003195,2025-03-15,West,Technology,Keyboard,Customer 15162,1,5500.0,5500.0,3313.07,2186.93
ORD004621,2025-03-15,West,Office Supplies,Printer,Customer 11499,6,162000.0,162000.0,151001.15,10998.85
ORD001889,2025-03-15,South,Technology,Monitor,Customer 12921,1,25200.0,25200.0,19990.17,5209.83
ORD000930,2025-03-15,South,Technology,Mouse,Customer 19104,3,6600.0,6600.0,3118.97,3481.03
ORD000317,2025-03-16,West,Office Supplies,Printer,Customer 18027,2,57000.0,57000.0,51318.77,5681.23
ORD002929,2025-03-16,East,Furniture,Desk,Customer 17349,1,22100.0,22100.0,18355.09,3744.91
ORD001500,2025-03-16,South,Technology,Monitor,Customer 19922,1,28000.0,28000.0,19870.41,8129.59
ORD002455,2025-03-16,East,Furniture,Desk,Customer 14144,4,88400.0,88400.0,73559.68,14840.32
ORD002486,2025-03-17,West,Technology,Mouse,Customer 17226,6,11880.0,11880.0,6237.76,5642.24
ORD003601,2025-03-17,South,Technology,Mouse,Customer 15863,4,8800.0,8800.0,4451.57,4348.43
ORD001300,2025-03-17,East,Technology,Laptop,Customer 12150,1,66500.0,66500.0,55003.85,11496.15
ORD000282,2025-03-17,East,Office Supplies,Printer,Customer 19606,3,90000.0,90000.0,74674.07,15325.93
ORD002342,2025-03-17,South,Office Supplies,Printer,Customer 12202,8,228000.0,228000.0,210784.26,17215.74
ORD000170,2025-03-17,East,Technology,Mouse,Customer 15314,6,11880.0,11880.0,6535.42,5344.58
ORD000632,2025-03-17,East,Technology,Monitor,Customer 16661,1,28000.0,28000.0,20478.71,7521.29
ORD001588,2025-03-18,North,Technology,Laptop,Customer 11200,3,210000.0,210000.0,160814.22,49185.78
ORD000194,2025-03-18,North,Technology,Laptop,Customer 18192,5,297500.0,297500.0,270698.11,26801.89
ORD000722,2025-03-18,South,Technology,Monitor,Customer 18771,4,95200.0,95200.0,81261.97,13938.03
ORD000764,2025-03-18,West,Technology,Keyboard,Customer 16231,1,5225.0,5225.0,3454.48,1770.52
ORD003303,2025-03-18,East,Technology,Keyboard,Customer 19912,8,44000.0,44000.0,27417.18,16582.82
ORD002914,2025-03-18,South,Furniture,Desk,Customer 13715,6,140400.0,140400.0,111914.68,28485.32
ORD001062,2025-03-19,North,Technology,Monitor,Customer 16491,4,89600.0,89600.0,78251.35,11348.65
ORD000045,2025-03-19,North,Furniture,Chair,Customer 11155,1,13775.0,13775.0,9521.49,4253.51
ORD001422,2025-03-19,South,Technology,Laptop,Customer 15841,1,63000.0,63000.0,54305.66,8694.34
ORD000815,2025-03-19,North,Technology,Mouse,Customer 12167,6,13200.0,13200.0,6527.16,6672.84
ORD004299,2025-03-19,South,Technology,Monitor,Customer 19691,6,142800.0,142800.0,112463.6,30336.4
ORD004701,2025-03-19,South,Furniture,Desk,Customer 10794,1,23400.0,23400.0,18058.78,5341.22
ORD001576,2025-03-19,North,Office Supplies,Printer,Customer 15704,1,27000.0,27000.0,24597.82,2402.18
ORD001165,2025-03-20,North,Furniture,Chair,Customer 11239,1,14500.0,14500.0,10167.61,4332.39
ORD003063,2025-03-20,South,Furniture,Chair,Customer 13012,3,43500.0,43500.0,28815.51,14684.49
ORD001331,2025-03-20,West,Technology,Mouse,Customer 10011,2,3960.0,3960.0,2087.08,1872.92
ORD003521,2025-03-20,North,Technology,Monitor,Customer 17317,1,28000.0,28000.0,20144.28,7855.72
ORD002992,2025-03-20,North,Technology,Monitor,Customer 14252,10,280000.0,280000.0,199711.42,80288.58
ORD000236,2025-03-20,South,Furniture,Chair,Customer 14564,10,130500.0,130500.0,85306.93,45193.07
ORD004211,2025-03-21,South,Technology,Keyboard,Customer 17650,2,9900.0,9900.0,6624.82,3275.18
ORD000129,2025-03-21,West,Furniture,Chair,Customer 11628,1,12325.0,12325.0,10221.63,2103.37
ORD001601,2025-03-22,West,Office Supplies,Printer,Customer 10481,5,127500.0,127500.0,125608.32,1891.68
ORD001644,2025-03-22,East,Office Supplies,Printer,Customer 13055,6,180000.0,180000.0,152750.43,27249.57
ORD002859,2025-03-22,West,Furniture,Desk,Customer 19407,2,49400.0,49400.0,36322.11,13077.89
ORD003451,2025-03-22,East,Technology,Mouse,Customer 13555,6,11880.0,11880.0,6090.17,5789.83
ORD001721,2025-03-22,East,Technology,Mouse,Customer 16818,1,2090.0,2090.0,1069.65,1020.35
ORD003430,2025-03-22,East,Furniture,Chair,Customer 13806,10,116000.0,116000.0,91710.21,24289.79
ORD002982,2025-03-22,West,Technology,Laptop,Customer 18774,5,315000.0,315000.0,272627.06,42372.94
ORD002353,2025-03-22,South,Technology,Mouse,Customer 10810,3,5610.0,5610.0,3421.72,2188.28
ORD001615,2025-03-23,East,Technology,Monitor,Customer 13838,3,75600.0,75600.0,60692.13,14907.87
ORD003116,2025-03-23,West,Technology,Laptop,Customer 15808,1,70000.0,70000.0,56066.48,13933.52
ORD003113,2025-03-23,South,Technology,Monitor,Customer 17389,1,26600.0,26600.0,20262.84,6337.16
ORD004500,2025-03-23,West,Furniture,Chair,Customer 11391,1,13775.0,13775.0,9129.13,4645.87
ORD001581,2025-03-24,North,Furniture,Chair,Customer 18574,2,24650.0,24650.0,17402.37,7247.63
ORD003565,2025-03-24,South,Technology,Laptop,Customer 17770,4,280000.0,280000.0,222468.74,57531.26
ORD002675,2025-03-24,North,Furniture,Chair,Customer 10293,5,68875.0,68875.0,48857.27,20017.73
ORD001060,2025-03-24,North,Technology,Monitor,Customer 17932,1,25200.0,25200.0,20050.42,5149.58
ORD001051,2025-03-24,East,Furniture,Desk,Customer 11510,2,49400.0,49400.0,32836.29,16563.71
ORD002064,2025-03-24,North,Technology,Mouse,Customer 14319,2,3740.0,3740.0,2098.01,1641.99
ORD004906,2025-03-25,West,Office Supplies,Printer,Customer 15132,3,81000.0,81000.0,76723.0,4277.0
ORD001431,2025-03-25,South,Technology,Mouse,Customer 11079,2,4400.0,4400.0,2125.71,2274.29
ORD003022,2025-03-25,West,Technology,Laptop,Customer 18889,4,280000.0,280000.0,206171.39,73828.61
ORD000078,2025-03-25,South,Office Supplies,Printer,Customer 15084,3,76500.0,76500.0,74662.6,1837.4
ORD003190,2025-03-25,West,Office Supplies,Printer,Customer 13541,2,54000.0,54000.0,48211.39,5788.61
ORD001426,2025-03-25,South,Technology,Mouse,Customer 16622,1,2090.0,2090.0,993.1,1096.9
ORD001182,2025-03-26,North,Office Supplies,Printer,Customer 16768,1,28500.0,28500.0,25065.94,3434.06
ORD004772,2025-03-26,East,Technology,Laptop,Customer 12208,3,210000.0,210000.0,157913.63,52086.37
ORD000782,2025-03-26,East,Technology,Keyboard,Customer 12460,1,5225.0,5225.0,3459.99,1765.01
ORD003592,2025-03-27,South,Furniture,Desk,Customer 10877,2,46800.0,46800.0,34507.48,12292.52
ORD001037,2025-03-27,South,Office Supplies,Printer,Customer 14294,2,51000.0,51000.0,48137.23,2862.77
ORD004628,2025-03-27,South,Technology,Mouse,Customer 18926,2,3960.0,3960.0,2063.17,1896.83
ORD001899,2025-03-27,West,Technology,Laptop,Customer 15432,4,280000.0,280000.0,222261.4,57738.6
ORD001147,2025-03-27,South,Technology,Mouse,Customer 15087,4,7920.0,7920.0,4377.12,3542.88
ORD004782,2025-03-27,North,Furniture,Chair,Customer 18839,2,29000.0,29000.0,19174.48,9825.52
ORD002957,2025-03-27,South,Technology,Keyboard,Customer 18487,3,16500.0,16500.0,10152.83,6347.17
ORD003001,2025-03-28,South,Furniture,Chair,Customer 14199,1,14500.0,14500.0,9671.85,4828.15
ORD001308,2025-03-28,North,Technology,Laptop,Customer 15841,1,66500.0,66500.0,53882.41,12617.59
ORD002420,2025-03-28,South,Furniture,Desk,Customer 17885,2,49400.0,49400.0,34809.49,14590.51
ORD003844,2025-03-28,South,Technology,Mouse,Customer 13893,1,2200.0,2200.0,1048.21,1151.79
ORD000200,2025-03-28,North,Technology,Mouse,Customer 10266,3,5610.0,5610.0,3465.29,2144.71
ORD003587,2025-03-28,South,Technology,Laptop,Customer 14536,1,66500.0,66500.0,53138.22,13361.78
ORD002688,2025-03-28,East,Technology,Mouse,Customer 12472,1,2200.0,2200.0,1006.79,1193.21
ORD004019,2025-03-29,North,Technology,Mouse,Customer 15506,6,12540.0,12540.0,5940.0,6600.0
ORD000522,2025-03-29,North,Furniture,Desk,Customer 19960,2,49400.0,49400.0,35925.83,13474.17
ORD004678,2025-03-29,North,Technology,Keyboard,Customer 16608,1,5500.0,5500.0,3249.22,2250.78
ORD001629,2025-03-30,West,Furniture,Chair,Customer 10465,3,41325.0,41325.0,28663.94,12661.06
ORD002736,2025-03-30,South,Furniture,Chair,Customer 13755,3,34800.0,34800.0,28682.79,6117.21
ORD003171,2025-03-30,South,Office Supplies,Printer,Customer 11204,3,76500.0,76500.0,74880.56,1619.44
ORD001951,2025-03-30,North,Technology,Monitor,Customer 10693,3,79800.0,79800.0,62273.65,17526.35
ORD003912,2025-03-30,West,Technology,Laptop,Customer 19852,2,140000.0,140000.0,112443.68,27556.32
ORD004754,2025-03-31,West,Office Supplies,Printer,Customer 16815,1,27000.0,27000.0,24480.32,2519.68
ORD004492,2025-03-31,West,Technology,Laptop,Customer 16749,1,70000.0,70000.0,53678.86,16321.14
ORD000793,2025-03-31,South,Technology,Mouse,Customer 10820,1,2200.0,2200.0,1004.03,1195.97
ORD000701,2025-04-01,North,Office Supplies,Printer,Customer 11818,1,24000.0,24000.0,24867.53,-867.53
ORD000703,2025-04-01,West,Technology,Mouse,Customer 17323,1,1760.0,1760.0,1022.5,737.5
ORD002362,2025-04-01,West,Technology,Monitor,Customer 14458,5,140000.0,140000.0,102997.88,37002.12
ORD000479,2025-04-02,North,Technology,Laptop,Customer 15484,1,66500.0,66500.0,55917.53,10582.47
ORD001470,2025-04-02,East,Technology,Laptop,Customer 14035,2,140000.0,140000.0,110227.81,29772.19
ORD004248,2025-04-02,West,Furniture,Chair,Customer 11513,1,12325.0,12325.0,9708.1,2616.9
ORD003826,2025-04-02,West,Furniture,Desk,Customer 17708,2,49400.0,49400.0,38619.86,10780.14
ORD003971,2025-04-02,West,Technology,Mouse,Customer 17799,2,4180.0,4180.0,1980.0,2200.0
ORD004931,2025-04-02,West,Technology,Mouse,Customer 12454,1,1980.0,1980.0,1072.37,907.63
ORD002903,2025-04-02,West,Furniture,Desk,Customer 12618,4,104000.0,104000.0,71227.85,32772.15
ORD002183,2025-04-02,South,Technology,Keyboard,Customer 14149,3,14025.0,14025.0,10710.65,3314.35
ORD002225,2025-04-03,North,Technology,Laptop,Customer 11163,2,140000.0,140000.0,111043.47,28956.53
ORD004272,2025-04-03,South,Furniture,Chair,Customer 10825,2,26100.0,26100.0,20548.67,5551.33
ORD000367,2025-04-03,North,Technology,Keyboard,Customer 11563,3,14850.0,14850.0,9923.16,4926.84
ORD003008,2025-04-03,North,Technology,Monitor,Customer 15621,1,22400.0,22400.0,20434.55,1965.45
ORD004205,2025-04-04,West,Office Supplies,Printer,Customer 15217,1,27000.0,27000.0,24887.22,2112.78
ORD003612,2025-04-04,South,Technology,Keyboard,Customer 17719,8,44000.0,44000.0,27583.54,16416.46
ORD002346,2025-04-04,South,Technology,Mouse,Customer 19744,4,8360.0,8360.0,3960.0,4400.0
ORD000567,2025-04-05,North,Office Supplies,Printer,Customer 12995,1,28500.0,28500.0,24414.88,4085.12
ORD002926,2025-04-05,West,Furniture,Chair,Customer 11445,10,130500.0,130500.0,99083.06,31416.94
ORD004278,2025-04-05,East,Technology,Monitor,Customer 12704,5,133000.0,133000.0,94925.23,38074.77
ORD004944,2025-04-05,South,Office Supplies,Printer,Customer 12697,1,28500.0,28500.0,24261.68,4238.32
ORD001028,2025-04-05,North,Technology,Monitor,Customer 17882,2,56000.0,56000.0,40098.38,15901.62
ORD003982,2025-04-06,East,Office Supplies,Printer,Customer 18299,4,108000.0,108000.0,97066.33,10933.67
ORD000456,2025-04-06,North,Furniture,Chair,Customer 17827,1,13050.0,13050.0,9930.92,3119.08
ORD000875,2025-04-06,West,Technology,Keyboard,Customer 19563,5,23375.0,23375.0,18139.87,5235.13
ORD003121,2025-04-06,West,Furniture,Desk,Customer 17565,1,22100.0,22100.0,17127.93,4972.07
ORD002672,2025-04-06,South,Office Supplies,Printer,Customer 16112,2,57000.0,57000.0,51945.07,5054.93
ORD003331,2025-04-07,North,Technology,Laptop,Customer 13248,1,56000.0,56000.0,58197.5,-2197.5
ORD001458,2025-04-07,East,Technology,Keyboard,Customer 14774,4,20900.0,20900.0,12405.96,8494.04
ORD001142,2025-04-07,North,Technology,Monitor,Customer 13218,3,75600.0,75600.0,63663.65,11936.35
ORD004360,2025-04-07,South,Furniture,Chair,Customer 14752,2,27550.0,27550.0,19310.07,8239.93
ORD003485,2025-04-07,South,Office Supplies,Printer,Customer 12612,6,162000.0,162000.0,149151.03,12848.97
ORD002800,2025-04-07,North,Furniture,Chair,Customer 16885,3,41325.0,41325.0,29625.32,11699.68
ORD004304,2025-04-07,North,Furniture,Desk,Customer 16614,8,197600.0,197600.0,144247.95,53352.05
ORD003347,2025-04-07,East,Furniture,Desk,Customer 13853,1,26000.0,26000.0,17989.73,8010.27
ORD002209,2025-04-08,West,Technology,Laptop,Customer 10133,2,126000.0,126000.0,111973.44,14026.56
ORD002028,2025-04-08,South,Furniture,Desk,Customer 10130,4,104000.0,104000.0,75614.89,28385.11
ORD002867,2025-04-08,South,Office Supplies,Printer,Customer 13718,1,27000.0,27000.0,24150.0,2850.0
ORD004089,2025-04-08,South,Furniture,Chair,Customer 10790,3,36975.0,36975.0,29214.65,7760.35
ORD000904,2025-04-08,West,Furniture,Desk,Customer 12706,5,117000.0,117000.0,82122.51,34877.49
ORD001487,2025-04-08,South,Technology,Mouse,Customer 18659,2,3740.0,3740.0,2036.09,1703.91
ORD001412,2025-04-08,South,Furniture,Chair,Customer 16175,1,13775.0,13775.0,9743.86,4031.14
ORD003590,2025-04-08,East,Technology,Mouse,Customer 17807,1,2200.0,2200.0,1057.86,1142.14
ORD000186,2025-04-08,East,Technology,Laptop,Customer 18848,1,63000.0,63000.0,54708.35,8291.65
ORD004543,2025-04-08,East,Furniture,Chair,Customer 18713,2,26100.0,26100.0,17754.97,8345.03
ORD000918,2025-04-08,South,Technology,Monitor,Customer 18414,8,190400.0,190400.0,151406.72,38993.28
ORD000608,2025-04-09,East,Furniture,Chair,Customer 18900,1,14500.0,14500.0,9693.12,4806.88
ORD001484,2025-04-09,West,Technology,Mouse,Customer 13297,1,2090.0,2090.0,1056.45,1033.55
ORD000914,2025-04-09,West,Technology,Mouse,Customer 14000,1,1980.0,1980.0,1038.59,941.41
ORD001831,2025-04-09,South,Technology,Mouse,Customer 19646,2,4180.0,4180.0,2269.42,1910.58
ORD002656,2025-04-10,South,Technology,Laptop,Customer 12450,1,56000.0,56000.0,53396.52,2603.48
ORD002887,2025-04-10,West,Furniture,Chair,Customer 11061,1,12325.0,12325.0,9233.38,3091.62
ORD001286,2025-04-10,North,Technology,Keyboard,Customer 16348,8,44000.0,44000.0,27068.04,16931.96
ORD004892,2025-04-10,East,Furniture,Chair,Customer 14052,4,58000.0,58000.0,37908.3,20091.7
ORD002595,2025-04-10,South,Technology,Monitor,Customer 14106,2,53200.0,53200.0,39728.35,13471.65
ORD002639,2025-04-10,East,Technology,Monitor,Customer 10007,5,119000.0,119000.0,98134.8,20865.2
ORD000149,2025-04-10,North,Technology,Laptop,Customer 12021,4,238000.0,238000.0,213545.46,24454.54
ORD000370,2025-04-10,North,Technology,Keyboard,Customer 17053,1,4675.0,4675.0,3417.11,1257.89
ORD004903,2025-04-10,South,Technology,Keyboard,Customer 10834,8,39600.0,39600.0,28416.78,11183.22
ORD003476,2025-04-10,South,Technology,Mouse,Customer 15466,8,15840.0,15840.0,8440.82,7399.18
ORD001456,2025-04-11,North,Technology,Mouse,Customer 17266,1,1760.0,1760.0,1057.75,702.25
ORD000966,2025-04-11,North,Technology,Keyboard,Customer 17209,2,9900.0,9900.0,6546.74,3353.26
ORD002946,2025-04-11,South,Technology,Monitor,Customer 18866,2,50400.0,50400.0,42122.84,8277.16
ORD001224,2025-04-11,North,Technology,Laptop,Customer 10345,4,266000.0,266000.0,218678.82,47321.18
ORD002394,2025-04-11,South,Furniture,Chair,Customer 11249,1,13775.0,13775.0,8990.85,4784.15
ORD003466,2025-04-11,South,Technology,Monitor,Customer 13232,5,140000.0,140000.0,99772.53,40227.47
ORD001382,2025-04-11,East,Furniture,Chair,Customer 11637,1,13775.0,13775.0,10117.33,3657.67
ORD003586,2025-04-11,South,Technology,Keyboard,Customer 14707,5,24750.0,24750.0,17846.47,6903.53
ORD001014,2025-04-11,West,Technology,Keyboard,Customer 12612,3,16500.0,16500.0,10194.94,6305.06
ORD002572,2025-04-11,West,Technology,Keyboard,Customer 14166,1,4950.0,4950.0,3239.3,1710.7
ORD001963,2025-04-11,West,Technology,Laptop,Customer 12670,1,63000.0,63000.0,56093.06,6906.94
ORD002685,2025-04-12,North,Technology,Monitor,Customer 14689,8,190400.0,190400.0,152982.88,37417.12
ORD004092,2025-04-12,West,Furniture,Chair,Customer 14690,10,130500.0,130500.0,91962.36,38537.64
ORD004664,2025-04-12,South,Technology,Monitor,Customer 14217,4,100800.0,100800.0,75990.41,24809.59
ORD003127,2025-04-13,West,Technology,Keyboard,Customer 18635,1,5225.0,5225.0,3500.15,1724.85
ORD003773,2025-04-13,East,Technology,Laptop,Customer 19656,5,350000.0,350000.0,274133.72,75866.28
ORD002340,2025-04-13,West,Technology,Monitor,Customer 12417,6,159600.0,159600.0,127252.36,32347.64
ORD001423,2025-04-14,South,Technology,Mouse,Customer 11402,1,1870.0,1870.0,990.0,880.0
ORD002137,2025-04-14,East,Furniture,Desk,Customer 11043,1,23400.0,23400.0,18426.47,4973.53
ORD003651,2025-04-14,South,Technology,Keyboard,Customer 14200,2,10450.0,10450.0,6785.32,3664.68
ORD002076,2025-04-14,West,Technology,Laptop,Customer 15093,1,70000.0,70000.0,53532.81,16467.19
ORD003339,2025-04-14,West,Technology,Laptop,Customer 13345,2,140000.0,140000.0,113719.21,26280.79
ORD004727,2025-04-14,West,Furniture,Desk,Customer 15761,2,52000.0,52000.0,35946.86,16053.14
ORD004601,2025-04-14,West,Technology,Keyboard,Customer 17053,5,23375.0,23375.0,16997.86,6377.14
ORD003085,2025-04-15,North,Technology,Keyboard,Customer 10628,2,10450.0,10450.0,6189.32,4260.68
ORD000576,2025-04-15,West,Furniture,Desk,Customer 13104,5,117000.0,117000.0,86739.79,30260.21
ORD000614,2025-04-15,South,Furniture,Desk,Customer 10248,2,49400.0,49400.0,34606.73,14793.27
ORD004431,2025-04-15,South,Office Supplies,Printer,Customer 13349,10,285000.0,285000.0,251676.77,33323.23
ORD002989,2025-04-15,South,Technology,Mouse,Customer 19186,1,2200.0,2200.0,1124.38,1075.62
ORD000819,2025-04-16,North,Furniture,Desk,Customer 16310,3,70200.0,70200.0,53006.0,17194.0
ORD002025,2025-04-16,North,Technology,Mouse,Customer 13317,3,6270.0,6270.0,3567.47,2702.53
ORD003543,2025-04-16,South,Technology,Mouse,Customer 19267,5,10450.0,10450.0,5149.0,5301.0
ORD004294,2025-04-16,East,Furniture,Desk,Customer 19146,3,74100.0,74100.0,50344.58,23755.42
ORD002994,2025-04-16,South,Technology,Mouse,Customer 10975,1,1870.0,1870.0,1105.82,764.18
ORD001213,2025-04-16,West,Technology,Mouse,Customer 13929,2,4400.0,4400.0,2212.0,2188.0
ORD001991,2025-04-16,South,Technology,Mouse,Customer 11748,2,4400.0,4400.0,2041.81,2358.19
ORD000586,2025-04-17,North,Technology,Laptop,Customer 10488,1,59500.0,59500.0,56312.54,3187.46
ORD003318,2025-04-17,South,Technology,Laptop,Customer 18123,3,210000.0,210000.0,156884.52,53115.48
ORD002022,2025-04-18,North,Technology,Laptop,Customer 16540,1,70000.0,70000.0,51458.27,18541.73
ORD002574,2025-04-18,East,Technology,Laptop,Customer 12687,3,168000.0,168000.0,171951.57,-3951.57
ORD002954,2025-04-18,North,Furniture,Chair,Customer 19995,2,26100.0,26100.0,18511.6,7588.4
ORD003021,2025-04-18,North,Technology,Laptop,Customer 10616,2,119000.0,119000.0,111494.05,7505.95
ORD004596,2025-04-18,West,Technology,Laptop,Customer 17756,5,332500.0,332500.0,278197.79,54302.21
ORD003306,2025-04-18,North,Furniture,Chair,Customer 15944,1,12325.0,12325.0,10108.9,2216.1
ORD002601,2025-04-18,West,Technology,Mouse,Customer 10155,1,2200.0,2200.0,1003.08,1196.92
ORD004650,2025-04-18,North,Furniture,Chair,Customer 14080,4,55100.0,55100.0,39360.31,15739.69
ORD002750,2025-04-18,West,Technology,Laptop,Customer 11502,3,189000.0,189000.0,165490.52,23509.48
ORD001953,2025-04-19,North,Technology,Keyboard,Customer 12264,2,10450.0,10450.0,6793.1,3656.9
ORD002318,2025-04-19,North,Technology,Mouse,Customer 16966,5,8800.0,8800.0,5462.7,3337.3
ORD000379,2025-04-20,North,Technology,Mouse,Customer 14202,1,1870.0,1870.0,1071.25,798.75
ORD002313,2025-04-20,East,Technology,Mouse,Customer 13271,4,8360.0,8360.0,4429.86,3930.14
ORD003049,2025-04-20,South,Furniture,Chair,Customer 16762,2,29000.0,29000.0,18822.95,10177.05
ORD002999,2025-04-21,South,Technology,Keyboard,Customer 14393,2,10450.0,10450.0,7041.15,3408.85
ORD003848,2025-04-21,North,Technology,Monitor,Customer 12857,2,47600.0,47600.0,39603.36,7996.64
ORD000651,2025-04-21,West,Technology,Mouse,Customer 12179,3,5940.0,5940.0,3206.82,2733.18
ORD000695,2025-04-21,West,Furniture,Desk,Customer 19188,1,23400.0,23400.0,16564.44,6835.56
ORD002514,2025-04-21,North,Technology,Laptop,Customer 19467,8,448000.0,448000.0,426319.84,21680.16
ORD002100,2025-04-21,North,Technology,Monitor,Customer 19482,2,56000.0,56000.0,39877.92,16122.08
ORD004554,2025-04-21,South,Furniture,Desk,Customer 18952,2,46800.0,46800.0,34093.55,12706.45
ORD004069,2025-04-22,West,Furniture,Desk,Customer 13209,6,140400.0,140400.0,108834.49,31565.51
ORD000833,2025-04-22,South,Technology,Monitor,Customer 16008,2,53200.0,53200.0,41180.5,12019.5
ORD003257,2025-04-22,East,Technology,Laptop,Customer 17812,4,238000.0,238000.0,233480.22,4519.78
ORD002747,2025-04-22,North,Office Supplies,Printer,Customer 10862,4,96000.0,96000.0,94298.63,1701.37
ORD004840,2025-04-23,South,Technology,Mouse,Customer 13014,8,15840.0,15840.0,9167.75,6672.25
ORD001657,2025-04-23,South,Technology,Keyboard,Customer 11400,2,10450.0,10450.0,5972.2,4477.8
ORD001737,2025-04-23,South,Furniture,Desk,Customer 14840,5,123500.0,123500.0,91043.22,32456.78
ORD002056,2025-04-23,South,Technology,Keyboard,Customer 10719,2,9900.0,9900.0,6972.65,2927.35
ORD002616,2025-04-23,South,Technology,Mouse,Customer 18549,2,4180.0,4180.0,2105.76,2074.24
ORD002072,2025-04-24,South,Technology,Monitor,Customer 10002,2,47600.0,47600.0,38209.87,9390.13
ORD002724,2025-04-24,East,Office Supplies,Printer,Customer 14793,8,228000.0,228000.0,193458.25,34541.75
ORD002344,2025-04-24,South,Technology,Monitor,Customer 19402,2,53200.0,53200.0,40698.09,12501.91
ORD004179,2025-04-24,South,Technology,Keyboard,Customer 15901,2,8800.0,8800.0,7051.59,1748.41
ORD004016,2025-04-24,West,Technology,Keyboard,Customer 18872,6,31350.0,31350.0,20741.44,10608.56
ORD001845,2025-04-24,South,Technology,Mouse,Customer 13152,3,6600.0,6600.0,2984.79,3615.21
ORD002636,2025-04-24,West,Furniture,Chair,Customer 10889,3,39150.0,39150.0,29175.03,9974.97
ORD003857,2025-04-24,West,Technology,Laptop,Customer 16374,5,315000.0,315000.0,273662.01,41337.99
ORD000308,2025-04-24,West,Technology,Monitor,Customer 18497,6,159600.0,159600.0,121126.71,38473.29
ORD002293,2025-04-25,South,Office Supplies,Printer,Customer 18383,2,48000.0,48000.0,49161.34,-1161.34
ORD001693,2025-04-25,North,Technology,Monitor,Customer 14174,1,26600.0,26600.0,20069.19,6530.81
ORD004000,2025-04-25,South,Furniture,Chair,Customer 13134,2,26100.0,26100.0,19610.49,6489.51
ORD002522,2025-04-25,North,Furniture,Desk,Customer 15898,8,208000.0,208000.0,140686.93,67313.07
ORD000976,2025-04-26,West,Furniture,Desk,Customer 17852,2,49400.0,49400.0,36036.94,13363.06
ORD000380,2025-04-26,West,Technology,Keyboard,Customer 18880,4,22000.0,22000.0,13065.83,8934.17
ORD000247,2025-04-26,South,Office Supplies,Printer,Customer 18967,1,24000.0,24000.0,25737.33,-1737.33
ORD003214,2025-04-26,West,Furniture,Chair,Customer 19508,6,78300.0,78300.0,53214.1,25085.9
ORD004359,2025-04-26,North,Technology,Monitor,Customer 17916,3,75600.0,75600.0,58520.77,17079.23
ORD002899,2025-04-26,East,Technology,Keyboard,Customer 12955,4,22000.0,22000.0,13384.54,8615.46
ORD000126,2025-04-26,East,Technology,Monitor,Customer 14608,2,47600.0,47600.0,38723.77,8876.23
ORD003418,2025-04-27,South,Technology,Mouse,Customer 19192,10,20900.0,20900.0,10147.71,10752.29
ORD003334,2025-04-27,South,Technology,Laptop,Customer 17475,2,133000.0,133000.0,109463.45,23536.55
ORD004363,2025-04-27,North,Office Supplies,Printer,Customer 18530,2,54000.0,54000.0,51253.53,2746.47
ORD004617,2025-04-28,South,Technology,Mouse,Customer 12631,4,8360.0,8360.0,4128.08,4231.92
ORD000167,2025-04-28,West,Technology,Mouse,Customer 13929,1,2200.0,2200.0,1050.16,1149.84
ORD004275,2025-04-28,East,Furniture,Chair,Customer 12399,1,13775.0,13775.0,9418.39,4356.61
ORD004516,2025-04-28,North,Furniture,Desk,Customer 10994,2,49400.0,49400.0,35797.51,13602.49
ORD001910,2025-04-28,South,Technology,Mouse,Customer 19860,1,2200.0,2200.0,1011.55,1188.45
ORD003785,2025-04-28,West,Technology,Keyboard,Customer 19318,6,33000.0,33000.0,19093.85,13906.15
ORD003960,2025-04-28,South,Technology,Mouse,Customer 10279,2,3960.0,3960.0,1980.0,1980.0
ORD002593,2025-04-28,East,Technology,Mouse,Customer 13250,2,3960.0,3960.0,2051.62,1908.38
ORD001175,2025-04-28,East,Technology,Keyboard,Customer 17690,2,9900.0,9900.0,6588.32,3311.68
ORD001221,2025-04-28,West,Technology,Laptop,Customer 12982,4,238000.0,238000.0,210895.64,27104.36
ORD000444,2025-04-29,East,Technology,Mouse,Customer 14719,3,6270.0,6270.0,3103.28,3166.72
ORD000496,2025-04-29,South,Technology,Laptop,Customer 10608,3,210000.0,210000.0,158446.26,51553.74
ORD002969,2025-04-29,West,Technology,Keyboard,Customer 19443,8,44000.0,44000.0,25567.69,18432.31
ORD004066,2025-04-29,South,Technology,Keyboard,Customer 11937,4,19800.0,19800.0,12598.31,7201.69
ORD003457,2025-04-29,North,Furniture,Chair,Customer 11076,2,24650.0,24650.0,19765.73,4884.27
ORD002158,2025-04-30,South,Furniture,Desk,Customer 15852,2,49400.0,49400.0,36690.66,12709.34
ORD003833,2025-04-30,West,Furniture,Desk,Customer 11313,2,52000.0,52000.0,34746.23,17253.77
ORD003254,2025-04-30,South,Furniture,Chair,Customer 18198,1,14500.0,14500.0,9753.72,4746.28
ORD002116,2025-04-30,West,Furniture,Chair,Customer 19286,1,13050.0,13050.0,9438.49,3611.51
ORD003230,2025-05-01,East,Technology,Laptop,Customer 19665,1,56000.0,56000.0,56027.01,-27.01
ORD002565,2025-05-01,East,Furniture,Desk,Customer 16738,2,49400.0,49400.0,36495.13,12904.87
ORD000627,2025-05-01,North,Office Supplies,Printer,Customer 17044,5,135000.0,135000.0,132849.32,2150.68
ORD004032,2025-05-01,South,Furniture,Chair,Customer 12215,1,13775.0,13775.0,9300.67,4474.33
ORD000401,2025-05-01,South,Technology,Keyboard,Customer 14169,8,39600.0,39600.0,26182.17,13417.83
ORD003629,2025-05-01,South,Technology,Monitor,Customer 17548,4,112000.0,112000.0,74300.77,37699.23
ORD000038,2025-05-01,East,Office Supplies,Printer,Customer 10249,8,228000.0,228000.0,192624.34,35375.66
ORD000034,2025-05-01,North,Technology,Monitor,Customer 15007,2,50400.0,50400.0,39767.55,10632.45
ORD003805,2025-05-02,East,Furniture,Desk,Customer 10930,3,74100.0,74100.0,56908.15,17191.85
ORD000002,2025-05-02,West,Furniture,Desk,Customer 13708,4,104000.0,104000.0,68502.09,35497.91
ORD002921,2025-05-02,East,Technology,Laptop,Customer 11268,1,66500.0,66500.0,55534.59,10965.41
ORD001989,2025-05-02,South,Furniture,Chair,Customer 18570,3,36975.0,36975.0,28616.92,8358.08
ORD003498,2025-05-02,West,Furniture,Desk,Customer 11147,1,26000.0,26000.0,16510.84,9489.16
ORD001083,2025-05-03,North,Technology,Monitor,Customer 14487,10,252000.0,252000.0,195005.17,56994.83
ORD004285,2025-05-03,East,Technology,Mouse,Customer 10459,3,6270.0,6270.0,3199.12,3070.88
ORD001610,2025-05-03,West,Furniture,Chair,Customer 14042,4,52200.0,52200.0,36890.34,15309.66
ORD000857,2025-05-03,South,Technology,Mouse,Customer 11257,2,3520.0,3520.0,1988.34,1531.66
ORD000607,2025-05-03,South,Technology,Monitor,Customer 11586,1,26600.0,26600.0,20709.47,5890.53
ORD000759,2025-05-03,West,Furniture,Desk,Customer 13035,1,24700.0,24700.0,18321.01,6378.99
ORD000753,2025-05-03,North,Furniture,Desk,Customer 15032,2,46800.0,46800.0,33417.65,13382.35
ORD004040,2025-05-03,North,Technology,Laptop,Customer 19237,3,178500.0,178500.0,163148.35,15351.65
ORD002199,2025-05-03,South,Furniture,Chair,Customer 14066,1,13050.0,13050.0,9493.23,3556.77
ORD004610,2025-05-03,South,Technology,Mouse,Customer 12023,1,1980.0,1980.0,1095.17,884.83
ORD002548,2025-05-04,East,Furniture,Desk,Customer 13080,1,24700.0,24700.0,17716.18,6983.82
ORD003827,2025-05-04,West,Technology,Keyboard,Customer 11277,3,15675.0,15675.0,9937.8,5737.2
ORD004476,2025-05-04,South,Technology,Mouse,Customer 13481,5,9350.0,9350.0,5621.4,3728.6
ORD002045,2025-05-04,East,Technology,Keyboard,Customer 12237,1,4950.0,4950.0,3453.6,1496.4
ORD000898,2025-05-04,South,Furniture,Desk,Customer 18181,2,52000.0,52000.0,34066.75,17933.25
ORD004749,2025-05-04,South,Technology,Keyboard,Customer 11376,1,4950.0,4950.0,3576.22,1373.78
ORD003716,2025-05-04,West,Technology,Mouse,Customer 12760,3,6600.0,6600.0,3318.61,3281.39
ORD001401,2025-05-05,North,Furniture,Chair,Customer 11979,1,14500.0,14500.0,9327.32,5172.68
ORD001235,2025-05-05,West,Technology,Keyboard,Customer 17311,3,13200.0,13200.0,10419.84,2780.16
ORD003330,2025-05-05,South,Technology,Laptop,Customer 16771,2,126000.0,126000.0,104521.32,21478.68
ORD004038,2025-05-05,East,Technology,Monitor,Customer 14560,4,112000.0,112000.0,86873.44,25126.56
ORD004927,2025-05-05,South,Office Supplies,Printer,Customer 15368,5,135000.0,135000.0,123813.53,11186.47
ORD003211,2025-05-05,West,Furniture,Desk,Customer 11999,1,26000.0,26000.0,18394.49,7605.51
ORD004462,2025-05-05,South,Technology,Mouse,Customer 13296,2,3960.0,3960.0,2123.81,1836.19
ORD003983,2025-05-05,South,Furniture,Chair,Customer 13081,1,13775.0,13775.0,9691.81,4083.19
ORD003369,2025-05-05,South,Furniture,Chair,Customer 17065,10,145000.0,145000.0,93430.93,51569.07
ORD003283,2025-05-06,South,Furniture,Desk,Customer 13489,2,52000.0,52000.0,33217.24,18782.76
ORD002793,2025-05-06,West,Furniture,Desk,Customer 11309,3,78000.0,78000.0,52055.44,25944.56
ORD002176,2025-05-07,West,Technology,Keyboard,Customer 11048,1,5500.0,5500.0,3592.35,1907.65
ORD001878,2025-05-08,North,Technology,Monitor,Customer 18598,2,53200.0,53200.0,40232.45,12967.55
ORD000768,2025-05-08,East,Technology,Monitor,Customer 11093,8,201600.0,201600.0,159662.13,41937.87
ORD002955,2025-05-08,South,Furniture,Chair,Customer 18766,1,13050.0,13050.0,9065.87,3984.13
ORD001316,2025-05-08,South,Technology,Laptop,Customer 15973,2,126000.0,126000.0,109851.76,16148.24
ORD000601,2025-05-08,South,Technology,Keyboard,Customer 16218,1,5225.0,5225.0,3226.34,1998.66
ORD004629,2025-05-08,East,Technology,Keyboard,Customer 11554,6,31350.0,31350.0,20180.69,11169.31
ORD003078,2025-05-08,East,Technology,Keyboard,Customer 11617,4,19800.0,19800.0,14134.11,5665.89
ORD000187,2025-05-08,South,Technology,Laptop,Customer 15522,5,350000.0,350000.0,270578.87,79421.13
ORD002535,2025-05-08,West,Furniture,Chair,Customer 19764,1,13050.0,13050.0,10203.85,2846.15
ORD004766,2025-05-09,North,Furniture,Desk,Customer 14133,2,46800.0,46800.0,34625.14,12174.86
ORD004609,2025-05-10,East,Furniture,Desk,Customer 18104,1,24700.0,24700.0,17715.98,6984.02
ORD003998,2025-05-10,North,Technology,Keyboard,Customer 11899,3,15675.0,15675.0,10306.58,5368.42
ORD000458,2025-05-10,East,Technology,Laptop,Customer 16984,6,378000.0,378000.0,342290.93,35709.07
ORD001656,2025-05-10,South,Technology,Mouse,Customer 18142,3,5280.0,5280.0,3448.4,1831.6
ORD002131,2025-05-11,South,Technology,Mouse,Customer 11795,2,3740.0,3740.0,1988.35,1751.65
ORD004624,2025-05-11,East,Furniture,Chair,Customer 10449,2,24650.0,24650.0,19465.77,5184.23
ORD001685,2025-05-11,North,Furniture,Desk,Customer 15392,1,23400.0,23400.0,17680.31,5719.69
ORD002930,2025-05-11,North,Technology,Keyboard,Customer 12006,1,5500.0,5500.0,3637.22,1862.78
ORD000731,2025-05-11,South,Technology,Laptop,Customer 10195,4,252000.0,252000.0,230142.99,21857.01
ORD000996,2025-05-11,South,Furniture,Chair,Customer 10610,5,68875.0,68875.0,48724.78,20150.22
ORD003609,2025-05-11,West,Technology,Laptop,Customer 15209,5,332500.0,332500.0,269071.9,63428.1
ORD003562,2025-05-11,South,Furniture,Chair,Customer 18158,4,58000.0,58000.0,41054.34,16945.66
ORD003989,2025-05-11,North,Technology,Mouse,Customer 15092,2,3960.0,3960.0,2109.78,1850.22
ORD002350,2025-05-11,West,Furniture,Chair,Customer 16243,4,49300.0,49300.0,40436.59,8863.41
ORD004172,2025-05-11,West,Furniture,Desk,Customer 15778,1,22100.0,22100.0,17230.87,4869.13
ORD000192,2025-05-11,North,Technology,Laptop,Customer 10529,1,66500.0,66500.0,52869.9,13630.1
ORD001760,2025-05-12,South,Technology,Monitor,Customer 15841,1,23800.0,23800.0,20073.8,3726.2
ORD004018,2025-05-12,North,Technology,Laptop,Customer 12200,8,532000.0,532000.0,440654.65,91345.35
ORD000708,2025-05-12,East,Technology,Monitor,Customer 18169,8,190400.0,190400.0,162983.24,27416.76
ORD001274,2025-05-12,North,Technology,Keyboard,Customer 14084,2,11000.0,11000.0,6652.28,4347.72
ORD001974,2025-05-12,South,Technology,Keyboard,Customer 11012,1,5225.0,5225.0,3228.62,1996.38
ORD004494,2025-05-12,East,Furniture,Desk,Customer 19888,2,52000.0,52000.0,35961.24,16038.76
ORD001839,2025-05-12,East,Technology,Monitor,Customer 18671,10,252000.0,252000.0,198254.23,53745.77
ORD003437,2025-05-12,South,Technology,Laptop,Customer 14247,8,504000.0,504000.0,453624.15,50375.85
ORD003313,2025-05-13,East,Technology,Laptop,Customer 16470,10,560000.0,560000.0,566843.5,-6843.5
ORD002416,2025-05-13,West,Technology,Laptop,Customer 15168,5,350000.0,350000.0,271387.5,78612.5
ORD001766,2025-05-13,South,Technology,Mouse,Customer 17248,5,11000.0,11000.0,4950.0,6050.0
ORD003088,2025-05-13,West,Furniture,Chair,Customer 14095,8,104400.0,104400.0,78762.44,25637.56
ORD000646,2025-05-13,East,Furniture,Chair,Customer 11425,5,61625.0,61625.0,47759.55,13865.45
ORD004373,2025-05-13,West,Furniture,Desk,Customer 18036,2,49400.0,49400.0,35834.33,13565.67
ORD003316,2025-05-13,East,Technology,Keyboard,Customer 15172,1,5225.0,5225.0,3302.91,1922.09
ORD001849,2025-05-14,North,Office Supplies,Printer,Customer 16907,1,30000.0,30000.0,25641.9,4358.1
ORD002833,2025-05-14,South,Technology,Laptop,Customer 10200,1,56000.0,56000.0,57480.12,-1480.12
ORD002144,2025-05-14,North,Technology,Monitor,Customer 11793,3,79800.0,79800.0,61714.72,18085.28
ORD002341,2025-05-14,South,Furniture,Chair,Customer 12223,5,68875.0,68875.0,47645.6,21229.4
ORD001328,2025-05-14,East,Office Supplies,Printer,Customer 17639,2,60000.0,60000.0,50693.65,9306.35
ORD003146,2025-05-15,North,Technology,Keyboard,Customer 11518,1,4950.0,4950.0,3520.08,1429.92
ORD000421,2025-05-15,North,Furniture,Chair,Customer 16905,3,39150.0,39150.0,28940.24,10209.76
ORD003066,2025-05-15,South,Furniture,Chair,Customer 16369,3,39150.0,39150.0,25582.09,13567.91
ORD001672,2025-05-15,East,Technology,Monitor,Customer 18092,1,22400.0,22400.0,19939.14,2460.86
ORD004262,2025-05-15,South,Technology,Mouse,Customer 19623,1,1760.0,1760.0,996.09,763.91
ORD004350,2025-05-15,North,Furniture,Chair,Customer 16337,2,24650.0,24650.0,18502.27,6147.73
ORD000638,2025-05-15,East,Furniture,Desk,Customer 16526,2,46800.0,46800.0,35064.35,11735.65
ORD004147,2025-05-15,West,Furniture,Desk,Customer 15104,2,49400.0,49400.0,35395.82,14004.18
ORD004052,2025-05-15,West,Furniture,Chair,Customer 16316,3,41325.0,41325.0,28799.77,12525.23
ORD003631,2025-05-16,West,Furniture,Chair,Customer 17240,4,58000.0,58000.0,39827.46,18172.54
ORD002690,2025-05-16,North,Office Supplies,Printer,Customer 12084,1,27000.0,27000.0,24613.61,2386.39
ORD004235,2025-05-17,East,Furniture,Chair,Customer 14642,4,55100.0,55100.0,41755.56,13344.44
ORD003051,2025-05-17,West,Office Supplies,Printer,Customer 18042,1,24000.0,24000.0,23939.69,60.31
ORD000046,2025-05-17,South,Technology,Laptop,Customer 16807,1,70000.0,70000.0,55425.19,14574.81
ORD000639,2025-05-17,South,Furniture,Chair,Customer 12363,2,26100.0,26100.0,19427.85,6672.15
ORD000067,2025-05-17,West,Technology,Monitor,Customer 19184,2,53200.0,53200.0,40935.49,12264.51
ORD001847,2025-05-17,South,Furniture,Chair,Customer 19063,4,49300.0,49300.0,40572.52,8727.48
ORD002764,2025-05-18,East,Technology,Mouse,Customer 12081,1,1980.0,1980.0,1085.08,894.92
ORD000284,2025-05-18,South,Technology,Laptop,Customer 17878,2,119000.0,119000.0,110186.85,8813.15
ORD000603,2025-05-18,South,Office Supplies,Printer,Customer 15988,1,30000.0,30000.0,25386.71,4613.29
ORD002546,2025-05-18,South,Furniture,Chair,Customer 19593,3,43500.0,43500.0,28464.2,15035.8
ORD000562,2025-05-19,East,Technology,Monitor,Customer 12027,5,119000.0,119000.0,102496.25,16503.75
ORD004343,2025-05-19,South,Technology,Mouse,Customer 13821,8,17600.0,17600.0,8612.66,8987.34
ORD003551,2025-05-19,North,Furniture,Desk,Customer 11865,1,26000.0,26000.0,17589.66,8410.34
ORD002314,2025-05-19,North,Furniture,Chair,Customer 12070,4,55100.0,55100.0,35943.67,19156.33
ORD000324,2025-05-19,North,Technology,Monitor,Customer 19519,6,168000.0,168000.0,123560.24,44439.76
ORD004198,2025-05-19,East,Technology,Mouse,Customer 18020,3,5610.0,5610.0,3192.29,2417.71
ORD001800,2025-05-19,South,Technology,Mouse,Customer 18959,2,3960.0,3960.0,1987.47,1972.53
ORD001694,2025-05-19,North,Technology,Mouse,Customer 10001,4,7920.0,7920.0,4010.68,3909.32
ORD003289,2025-05-19,North,Technology,Keyboard,Customer 11707,4,18700.0,18700.0,14003.37,4696.63
ORD004396,2025-05-20,South,Office Supplies,Printer,Customer 14699,4,108000.0,108000.0,99085.9,8914.1
ORD001367,2025-05-20,North,Technology,Laptop,Customer 13947,1,66500.0,66500.0,55571.94,10928.06
ORD000962,2025-05-20,South,Furniture,Desk,Customer 16596,3,74100.0,74100.0,53778.81,20321.19
ORD001030,2025-05-21,West,Technology,Keyboard,Customer 10324,2,11000.0,11000.0,6580.6,4419.4
ORD001063,2025-05-21,North,Technology,Laptop,Customer 15343,4,266000.0,266000.0,225451.09,40548.91
ORD004416,2025-05-21,East,Office Supplies,Printer,Customer 16409,2,48000.0,48000.0,48613.49,-613.49
ORD002703,2025-05-21,South,Technology,Mouse,Customer 13403,2,4400.0,4400.0,2112.7,2287.3
ORD004680,2025-05-22,West,Technology,Monitor,Customer 17943,3,84000.0,84000.0,58732.39,25267.61
ORD003911,2025-05-22,North,Technology,Monitor,Customer 18699,5,133000.0,133000.0,97290.4,35709.6
ORD001372,2025-05-22,East,Technology,Keyboard,Customer 14725,4,18700.0,18700.0,13095.63,5604.37
ORD001293,2025-05-22,South,Technology,Keyboard,Customer 17810,2,11000.0,11000.0,7048.84,3951.16
ORD003416,2025-05-22,North,Technology,Laptop,Customer 16978,2,140000.0,140000.0,114860.37,25139.63
ORD004709,2025-05-22,West,Furniture,Chair,Customer 11428,2,27550.0,27550.0,19672.21,7877.79
ORD002488,2025-05-22,West,Furniture,Chair,Customer 13468,6,87000.0,87000.0,58358.02,28641.98
ORD003816,2025-05-22,North,Technology,Keyboard,Customer 17974,2,10450.0,10450.0,6872.66,3577.34
ORD002625,2025-05-22,South,Technology,Keyboard,Customer 13190,1,4950.0,4950.0,3386.19,1563.81
ORD004079,2025-05-23,South,Technology,Laptop,Customer 10862,8,532000.0,532000.0,447525.84,84474.16
ORD000470,2025-05-23,North,Furniture,Desk,Customer 17363,2,52000.0,52000.0,34457.74,17542.26
ORD000591,2025-05-23,South,Technology,Mouse,Customer 17110,6,11880.0,11880.0,6262.47,5617.53
ORD001098,2025-05-23,North,Technology,Keyboard,Customer 15830,1,4675.0,4675.0,3358.38,1316.62
ORD003741,2025-05-23,West,Office Supplies,Printer,Customer 12536,1,27000.0,27000.0,22919.38,4080.62
ORD004949,2025-05-23,South,Office Supplies,Printer,Customer 13628,2,57000.0,57000.0,45897.59,11102.41
ORD001678,2025-05-23,North,Technology,Mouse,Customer 12245,2,4180.0,4180.0,2269.84,1910.16
ORD003624,2025-05-23,West,Office Supplies,Printer,Customer 15699,1,28500.0,28500.0,25271.03,3228.97
ORD003047,2025-05-24,South,Office Supplies,Printer,Customer 11459,3,90000.0,90000.0,72355.71,17644.29
ORD000277,2025-05-24,West,Furniture,Chair,Customer 10506,5,61625.0,61625.0,50732.69,10892.31
ORD003421,2025-05-24,North,Office Supplies,Printer,Customer 13358,6,171000.0,171000.0,146978.19,24021.81
ORD002498,2025-05-24,West,Furniture,Chair,Customer 15643,5,61625.0,61625.0,47472.53,14152.47
ORD003533,2025-05-25,South,Technology,Laptop,Customer 15431,4,280000.0,280000.0,215084.04,64915.96
ORD003928,2025-05-25,South,Technology,Laptop,Customer 16079,3,189000.0,189000.0,160895.53,28104.47
ORD004150,2025-05-25,West,Technology,Mouse,Customer 19904,1,1980.0,1980.0,999.84,980.16
ORD002032,2025-05-25,North,Technology,Mouse,Customer 10855,4,8360.0,8360.0,4366.94,3993.06
ORD000327,2025-05-25,South,Furniture,Desk,Customer 14725,1,23400.0,23400.0,16431.02,6968.98
ORD003977,2025-05-25,West,Office Supplies,Printer,Customer 16448,1,30000.0,30000.0,23226.43,6773.57
ORD001890,2025-05-25,West,Technology,Mouse,Customer 16798,4,8360.0,8360.0,3960.0,4400.0
ORD002268,2025-05-25,East,Technology,Keyboard,Customer 19269,4,20900.0,20900.0,12823.07,8076.93
ORD000109,2025-05-25,West,Furniture,Chair,Customer 13480,3,43500.0,43500.0,26086.1,17413.9
ORD004632,2025-05-26,East,Technology,Monitor,Customer 14523,3,84000.0,84000.0,58341.51,25658.49
ORD000378,2025-05-26,North,Office Supplies,Printer,Customer 18690,3,81000.0,81000.0,72013.4,8986.6
ORD002789,2025-05-26,South,Furniture,Desk,Customer 16590,1,22100.0,22100.0,18771.36,3328.64
ORD000288,2025-05-26,West,Furniture,Chair,Customer 18666,1,13050.0,13050.0,9513.72,3536.28
ORD003567,2025-05-27,North,Furniture,Chair,Customer 19129,1,13050.0,13050.0,9312.73,3737.27
ORD004224,2025-05-27,West,Technology,Monitor,Customer 16402,3,79800.0,79800.0,61184.56,18615.44
ORD003817,2025-05-27,East,Furniture,Desk,Customer 14468,2,52000.0,52000.0,36965.03,15034.97
ORD002282,2025-05-27,West,Technology,Mouse,Customer 15234,1,1980.0,1980.0,1130.79,849.21
ORD000271,2025-05-27,East,Technology,Monitor,Customer 16422,2,53200.0,53200.0,38346.04,14853.96
ORD000561,2025-05-27,West,Technology,Mouse,Customer 14549,2,4400.0,4400.0,2172.53,2227.47
ORD000400,2025-05-28,South,Furniture,Desk,Customer 15559,6,132600.0,132600.0,97552.88,35047.12
ORD003921,2025-05-28,West,Technology,Monitor,Customer 14166,1,28000.0,28000.0,19954.67,8045.33
ORD000649,2025-05-28,West,Technology,Keyboard,Customer 15470,3,14025.0,14025.0,10204.09,3820.91
ORD004873,2025-05-28,East,Technology,Monitor,Customer 11683,2,56000.0,56000.0,42851.13,13148.87
ORD004063,2025-05-28,West,Technology,Mouse,Customer 13062,3,5940.0,5940.0,3267.95,2672.05
ORD002671,2025-05-29,West,Technology,Laptop,Customer 14041,8,532000.0,532000.0,437244.05,94755.95
ORD001706,2025-05-29,South,Technology,Monitor,Customer 11258,6,142800.0,142800.0,116000.68,26799.32
ORD002065,2025-05-29,South,Technology,Mouse,Customer 18100,1,1980.0,1980.0,993.94,986.06
ORD000988,2025-05-29,East,Technology,Keyboard,Customer 14302,2,10450.0,10450.0,6706.39,3743.61
ORD002550,2025-05-29,West,Furniture,Chair,Customer 12982,5,65250.0,65250.0,46830.82,18419.18
ORD001239,2025-05-29,West,Technology,Mouse,Customer 15029,1,2090.0,2090.0,1042.52,1047.48
ORD004369,2025-05-29,North,Technology,Monitor,Customer 17847,1,26600.0,26600.0,21545.17,5054.83
ORD003698,2025-05-29,East,Technology,Laptop,Customer 15259,10,630000.0,630000.0,541001.96,88998.04
ORD000978,2025-05-30,West,Furniture,Chair,Customer 10276,3,41325.0,41325.0,27787.98,13537.02
ORD004062,2025-05-30,East,Office Supplies,Printer,Customer 15588,1,25500.0,25500.0,25639.58,-139.58
ORD000108,2025-05-31,South,Furniture,Chair,Customer 10297,1,13775.0,13775.0,9345.37,4429.63
ORD002598,2025-05-31,West,Office Supplies,Printer,Customer 17732,1,27000.0,27000.0,25052.56,1947.44
ORD002124,2025-05-31,North,Technology,Mouse,Customer 11031,3,5610.0,5610.0,3087.77,2522.23
ORD003644,2025-05-31,North,Technology,Monitor,Customer 15971,1,26600.0,26600.0,20845.89,5754.11
ORD003812,2025-05-31,South,Technology,Keyboard,Customer 10184,3,15675.0,15675.0,9967.93,5707.07
ORD000987,2025-06-01,East,Technology,Laptop,Customer 13684,1,70000.0,70000.0,52830.69,17169.31
ORD000550,2025-06-01,East,Technology,Mouse,Customer 15460,1,1870.0,1870.0,1029.34,840.66
ORD001634,2025-06-01,East,Office Supplies,Printer,Customer 10951,2,60000.0,60000.0,51003.73,8996.27
ORD003715,2025-06-01,North,Technology,Keyboard,Customer 19528,1,5225.0,5225.0,3221.02,2003.98
ORD003105,2025-06-02,West,Technology,Mouse,Customer 15957,2,4400.0,4400.0,2036.55,2363.45
ORD000215,2025-06-02,North,Technology,Mouse,Customer 10947,2,4180.0,4180.0,2107.76,2072.24
ORD001541,2025-06-02,North,Furniture,Chair,Customer 13923,4,58000.0,58000.0,37887.04,20112.96
ORD004827,2025-06-02,North,Furniture,Desk,Customer 15859,6,156000.0,156000.0,102904.22,53095.78
ORD000884,2025-06-03,East,Office Supplies,Printer,Customer 11464,5,150000.0,150000.0,122176.38,27823.62
ORD003251,2025-06-03,East,Technology,Mouse,Customer 12874,1,1760.0,1760.0,1039.14,720.86
ORD001015,2025-06-03,North,Technology,Keyboard,Customer 18631,4,20900.0,20900.0,13612.19,7287.81
ORD000111,2025-06-03,South,Technology,Laptop,Customer 19987,2,126000.0,126000.0,111647.19,14352.81
ORD001801,2025-06-03,West,Office Supplies,Printer,Customer 13910,4,108000.0,108000.0,102595.33,5404.67
ORD004511,2025-06-04,North,Technology,Laptop,Customer 13624,6,420000.0,420000.0,328858.43,91141.57
ORD003993,2025-06-04,West,Furniture,Chair,Customer 14632,1,14500.0,14500.0,9328.12,5171.88
ORD004028,2025-06-04,East,Furniture,Chair,Customer 14304,2,27550.0,27550.0,19791.05,7758.95
ORD002125,2025-06-04,South,Office Supplies,Printer,Customer 19486,1,25500.0,25500.0,23951.36,1548.64
ORD001012,2025-06-05,North,Technology,Laptop,Customer 15529,3,189000.0,189000.0,164481.36,24518.64
ORD001356,2025-06-05,West,Technology,Monitor,Customer 13991,4,106400.0,106400.0,79610.44,26789.56
ORD001780,2025-06-05,South,Technology,Mouse,Customer 12581,1,1980.0,1980.0,1151.07,828.93
ORD004488,2025-06-06,South,Office Supplies,Printer,Customer 19955,4,114000.0,114000.0,98165.08,15834.92
ORD004933,2025-06-06,West,Technology,Keyboard,Customer 19662,2,9350.0,9350.0,6882.08,2467.92
ORD001368,2025-06-06,South,Furniture,Desk,Customer 17668,5,117000.0,117000.0,92884.72,24115.28
ORD000047,2025-06-06,North,Technology,Monitor,Customer 10435,2,47600.0,47600.0,39309.82,8290.18
ORD002689,2025-06-06,South,Technology,Monitor,Customer 19512,4,100800.0,100800.0,79282.62,21517.38
ORD001234,2025-06-06,South,Technology,Laptop,Customer 12400,3,189000.0,189000.0,167033.74,21966.26
ORD002186,2025-06-07,North,Furniture,Chair,Customer 11292,1,12325.0,12325.0,9716.14,2608.86
ORD000699,2025-06-07,North,Furniture,Desk,Customer 14488,4,104000.0,104000.0,72172.14,31827.86
ORD002275,2025-06-08,North,Furniture,Desk,Customer 11590,1,24700.0,24700.0,18036.16,6663.84
ORD003620,2025-06-08,East,Technology,Mouse,Customer 17774,2,3960.0,3960.0,2098.04,1861.96
ORD002058,2025-06-08,North,Office Supplies,Printer,Customer 15277,2,51000.0,51000.0,46629.79,4370.21
ORD000615,2025-06-08,North,Furniture,Chair,Customer 10609,1,13050.0,13050.0,10001.95,3048.05
ORD002161,2025-06-08,North,Furniture,Chair,Customer 11080,2,26100.0,26100.0,19966.52,6133.48
ORD003874,2025-06-08,West,Technology,Laptop,Customer 10545,4,238000.0,238000.0,226698.8,11301.2
ORD001959,2025-06-08,South,Office Supplies,Printer,Customer 19642,2,60000.0,60000.0,47954.62,12045.38
ORD000729,2025-06-08,West,Technology,Monitor,Customer 12010,1,25200.0,25200.0,19660.11,5539.89
ORD003099,2025-06-08,East,Furniture,Chair,Customer 18164,1,13050.0,13050.0,9403.89,3646.11
ORD004333,2025-06-09,West,Furniture,Chair,Customer 10095,1,13050.0,13050.0,9233.36,3816.64
ORD004215,2025-06-09,North,Furniture,Chair,Customer 16744,4,49300.0,49300.0,35322.06,13977.94
ORD004630,2025-06-09,South,Technology,Mouse,Customer 13962,3,6600.0,6600.0,3127.63,3472.37
ORD000839,2025-06-09,South,Technology,Monitor,Customer 18168,2,53200.0,53200.0,42744.0,10456.0
ORD003862,2025-06-09,North,Technology,Laptop,Customer 19506,2,133000.0,133000.0,113543.1,19456.9
ORD002379,2025-06-09,South,Technology,Laptop,Customer 18292,1,70000.0,70000.0,53808.74,16191.26
ORD003060,2025-06-09,North,Furniture,Chair,Customer 18272,1,14500.0,14500.0,9297.56,5202.44
ORD002092,2025-06-10,North,Office Supplies,Printer,Customer 16838,6,171000.0,171000.0,152993.93,18006.07
ORD000302,2025-06-10,East,Furniture,Chair,Customer 14992,3,39150.0,39150.0,27301.32,11848.68
ORD000588,2025-06-10,North,Technology,Laptop,Customer 18859,2,119000.0,119000.0,111902.74,7097.26
ORD000234,2025-06-10,West,Furniture,Chair,Customer 18300,1,12325.0,12325.0,9917.85,2407.15
ORD003542,2025-06-10,West,Technology,Mouse,Customer 12009,5,10450.0,10450.0,5083.96,5366.04
ORD001625,2025-06-10,East,Technology,Monitor,Customer 16075,1,26600.0,26600.0,20609.58,5990.42
ORD002483,2025-06-10,South,Technology,Monitor,Customer 19766,1,28000.0,28000.0,20692.85,7307.15
ORD002308,2025-06-10,South,Technology,Mouse,Customer 14495,1,1870.0,1870.0,1024.73,845.27
ORD001554,2025-06-10,North,Furniture,Chair,Customer 15736,1,13050.0,13050.0,10034.52,3015.48
ORD000077,2025-06-11,East,Office Supplies,Printer,Customer 13014,3,90000.0,90000.0,76771.49,13228.51
ORD004167,2025-06-11,South,Furniture,Chair,Customer 12184,2,27550.0,27550.0,18293.4,9256.6
ORD001195,2025-06-11,North,Technology,Mouse,Customer 18152,4,7920.0,7920.0,3960.0,3960.0
ORD003838,2025-06-12,South,Technology,Keyboard,Customer 12411,1,4950.0,4950.0,3227.7,1722.3
ORD002352,2025-06-12,North,Furniture,Desk,Customer 15571,5,130000.0,130000.0,95258.48,34741.52
ORD000448,2025-06-12,South,Furniture,Chair,Customer 10322,6,87000.0,87000.0,60046.15,26953.85
ORD003667,2025-06-12,West,Furniture,Chair,Customer 12863,2,26100.0,26100.0,19863.27,6236.73
ORD004178,2025-06-12,North,Technology,Mouse,Customer 12648,4,7920.0,7920.0,4073.86,3846.14
ORD000735,2025-06-13,North,Office Supplies,Printer,Customer 11868,1,27000.0,27000.0,24675.11,2324.89
ORD003239,2025-06-13,North,Technology,Laptop,Customer 19656,10,665000.0,665000.0,530918.24,134081.76
ORD001282,2025-06-13,South,Furniture,Desk,Customer 15077,2,52000.0,52000.0,36250.5,15749.5
ORD002909,2025-06-13,North,Technology,Keyboard,Customer 12411,3,14850.0,14850.0,9847.83,5002.17
ORD002622,2025-06-14,West,Furniture,Chair,Customer 19880,4,52200.0,52200.0,37818.95,14381.05
ORD003932,2025-06-14,North,Furniture,Chair,Customer 15531,3,41325.0,41325.0,30620.18,10704.82
ORD001516,2025-06-14,East,Technology,Keyboard,Customer 10499,8,44000.0,44000.0,26187.17,17812.83
ORD002415,2025-06-14,East,Technology,Monitor,Customer 16138,1,26600.0,26600.0,19665.34,6934.66
ORD003364,2025-06-14,North,Furniture,Desk,Customer 17110,1,24700.0,24700.0,17676.06,7023.94
ORD002149,2025-06-15,South,Technology,Monitor,Customer 12400,5,133000.0,133000.0,100622.63,32377.37
ORD003646,2025-06-15,South,Technology,Monitor,Customer 11795,3,84000.0,84000.0,58537.87,25462.13
ORD000176,2025-06-15,West,Office Supplies,Printer,Customer 17014,6,180000.0,180000.0,150372.61,29627.39
ORD002354,2025-06-15,South,Furniture,Chair,Customer 11557,3,41325.0,41325.0,29585.45,11739.55
ORD000975,2025-06-15,North,Technology,Laptop,Customer 16074,1,70000.0,70000.0,51481.97,18518.03
ORD002692,2025-06-15,South,Technology,Monitor,Customer 14335,2,53200.0,53200.0,38476.81,14723.19
ORD004020,2025-06-16,East,Technology,Keyboard,Customer 10510,3,16500.0,16500.0,10280.77,6219.23
ORD004430,2025-06-16,South,Furniture,Chair,Customer 12990,2,26100.0,26100.0,18660.07,7439.93
ORD000005,2025-06-16,East,Furniture,Desk,Customer 11543,1,24700.0,24700.0,17917.54,6782.46
ORD002244,2025-06-16,South,Technology,Mouse,Customer 12237,3,5610.0,5610.0,3104.5,2505.5
ORD003832,2025-06-17,North,Technology,Laptop,Customer 17605,2,119000.0,119000.0,113794.41,5205.59
ORD000343,2025-06-17,West,Furniture,Chair,Customer 14237,1,13775.0,13775.0,9330.64,4444.36
ORD003397,2025-06-18,West,Furniture,Desk,Customer 17359,1,20800.0,20800.0,17918.45,2881.55
ORD000073,2025-06-18,West,Furniture,Chair,Customer 16300,1,14500.0,14500.0,10060.67,4439.33
ORD002237,2025-06-18,South,Office Supplies,Printer,Customer 11631,4,102000.0,102000.0,96284.23,5715.77
ORD001262,2025-06-18,West,Technology,Monitor,Customer 13199,4,100800.0,100800.0,82747.8,18052.2
ORD001841,2025-06-18,East,Office Supplies,Printer,Customer 10945,1,28500.0,28500.0,25714.47,2785.53
ORD001464,2025-06-18,East,Technology,Laptop,Customer 10902,8,560000.0,560000.0,447542.79,112457.21
ORD000635,2025-06-18,South,Furniture,Desk,Customer 17229,3,74100.0,74100.0,52088.36,22011.64
ORD000110,2025-06-19,North,Technology,Monitor,Customer 18865,3,79800.0,79800.0,59878.93,19921.07
ORD000552,2025-06-19,West,Technology,Laptop,Customer 16043,2,126000.0,126000.0,106246.67,19753.33
ORD004358,2025-06-19,North,Technology,Monitor,Customer 13724,2,56000.0,56000.0,40420.16,15579.84
ORD001958,2025-06-20,East,Furniture,Desk,Customer 16742,2,46800.0,46800.0,37093.05,9706.95
ORD002545,2025-06-20,North,Technology,Laptop,Customer 15734,3,210000.0,210000.0,163130.86,46869.14
ORD000650,2025-06-21,South,Technology,Mouse,Customer 13959,2,3740.0,3740.0,2104.99,1635.01
ORD002172,2025-06-21,East,Technology,Keyboard,Customer 13510,1,4675.0,4675.0,3359.81,1315.19
ORD004627,2025-06-21,South,Furniture,Chair,Customer 16009,8,110200.0,110200.0,78759.34,31440.66
ORD002039,2025-06-21,East,Furniture,Chair,Customer 12212,2,26100.0,26100.0,18681.95,7418.05
ORD003154,2025-06-21,East,Technology,Mouse,Customer 10190,4,7480.0,7480.0,3962.16,3517.84
ORD003754,2025-06-21,East,Furniture,Desk,Customer 10114,4,98800.0,98800.0,73276.43,25523.57
ORD002996,2025-06-21,West,Technology,Laptop,Customer 18653,1,70000.0,70000.0,56247.98,13752.02
ORD002586,2025-06-22,North,Technology,Laptop,Customer 12868,5,315000.0,315000.0,261480.83,53519.17
ORD002588,2025-06-22,South,Technology,Laptop,Customer 16665,1,66500.0,66500.0,51731.63,14768.37
ORD001265,2025-06-22,South,Technology,Laptop,Customer 15726,1,66500.0,66500.0,52664.9,13835.1
ORD004897,2025-06-22,North,Technology,Laptop,Customer 12106,3,168000.0,168000.0,158339.27,9660.73
ORD001498,2025-06-22,East,Technology,Keyboard,Customer 19006,6,31350.0,31350.0,19522.97,11827.03
ORD000913,2025-06-22,North,Technology,Monitor,Customer 12549,8,212800.0,212800.0,162999.81,49800.19
ORD000981,2025-06-22,South,Technology,Monitor,Customer 15290,1,22400.0,22400.0,21936.94,463.06
ORD002696,2025-06-22,West,Technology,Monitor,Customer 13890,2,53200.0,53200.0,41249.32,11950.68
ORD001768,2025-06-22,West,Technology,Mouse,Customer 19923,2,4400.0,4400.0,1980.0,2420.0
ORD002961,2025-06-23,North,Technology,Mouse,Customer 10774,4,8360.0,8360.0,4355.71,4004.29
ORD001661,2025-06-23,South,Technology,Laptop,Customer 17923,8,560000.0,560000.0,439048.47,120951.53
ORD004589,2025-06-23,West,Furniture,Chair,Customer 18500,2,26100.0,26100.0,19768.53,6331.47
ORD000063,2025-06-24,South,Technology,Monitor,Customer 14379,1,28000.0,28000.0,20859.88,7140.12
ORD001904,2025-06-24,East,Technology,Laptop,Customer 16238,5,315000.0,315000.0,263850.2,51149.8
ORD001765,2025-06-25,South,Office Supplies,Printer,Customer 16368,5,135000.0,135000.0,124419.38,10580.62
ORD003029,2025-06-25,South,Technology,Mouse,Customer 14909,1,1870.0,1870.0,1023.48,846.52
ORD004687,2025-06-25,South,Technology,Monitor,Customer 19751,2,56000.0,56000.0,39748.93,16251.07
ORD001604,2025-06-25,East,Furniture,Chair,Customer 11093,6,82650.0,82650.0,56794.61,25855.39
ORD001454,2025-06-25,West,Technology,Mouse,Customer 16792,1,2200.0,2200.0,1006.75,1193.25
ORD000767,2025-06-26,South,Technology,Keyboard,Customer 14466,2,11000.0,11000.0,7169.87,3830.13
ORD004389,2025-06-26,West,Furniture,Chair,Customer 16044,10,137750.0,137750.0,97160.69,40589.31
ORD000304,2025-06-26,West,Technology,Mouse,Customer 14683,2,3740.0,3740.0,2187.65,1552.35
ORD002481,2025-06-26,South,Technology,Mouse,Customer 17055,5,10450.0,10450.0,5312.66,5137.34
ORD002365,2025-06-26,West,Technology,Mouse,Customer 10152,4,8800.0,8800.0,4643.17,4156.83
ORD002232,2025-06-27,South,Technology,Laptop,Customer 16317,6,420000.0,420000.0,334913.25,85086.75
ORD004539,2025-06-27,West,Technology,Laptop,Customer 19015,4,252000.0,252000.0,213681.83,38318.17
ORD002023,2025-06-27,South,Technology,Laptop,Customer 11462,2,140000.0,140000.0,107983.1,32016.9
ORD004484,2025-06-27,East,Technology,Laptop,Customer 17333,1,66500.0,66500.0,56047.68,10452.32
ORD004374,2025-06-27,North,Technology,Monitor,Customer 14472,3,75600.0,75600.0,61011.2,14588.8
ORD000450,2025-06-27,West,Technology,Mouse,Customer 16428,6,13200.0,13200.0,6166.5,7033.5
ORD002977,2025-06-27,East,Furniture,Desk,Customer 12125,3,78000.0,78000.0,52816.47,25183.53
ORD004246,2025-06-27,West,Furniture,Chair,Customer 16572,2,29000.0,29000.0,19145.17,9854.83
ORD003186,2025-06-28,East,Furniture,Desk,Customer 13014,2,46800.0,46800.0,35953.6,10846.4
ORD002335,2025-06-28,East,Technology,Mouse,Customer 17438,8,15840.0,15840.0,8538.83,7301.17
ORD000840,2025-06-28,North,Technology,Mouse,Customer 11687,3,5940.0,5940.0,3283.45,2656.55
ORD000164,2025-06-28,South,Technology,Mouse,Customer 10502,1,1870.0,1870.0,992.07,877.93
ORD000980,2025-06-28,East,Technology,Laptop,Customer 16354,5,332500.0,332500.0,272081.38,60418.62
ORD004972,2025-06-28,North,Technology,Monitor,Customer 10105,3,75600.0,75600.0,62139.33,13460.67
ORD003702,2025-06-28,West,Technology,Laptop,Customer 10695,2,126000.0,126000.0,107396.77,18603.23
ORD000115,2025-06-29,West,Technology,Mouse,Customer 13254,2,3740.0,3740.0,1980.0,1760.0
ORD002021,2025-06-29,South,Technology,Monitor,Customer 16236,5,119000.0,119000.0,101155.78,17844.22
ORD000700,2025-06-29,North,Office Supplies,Printer,Customer 15675,2,57000.0,57000.0,50661.99,6338.01
ORD002695,2025-06-29,North,Technology,Laptop,Customer 18691,8,532000.0,532000.0,438168.91,93831.09
ORD004162,2025-06-29,South,Technology,Laptop,Customer 15362,1,66500.0,66500.0,55007.92,11492.08
ORD000707,2025-06-29,West,Technology,Mouse,Customer 14652,5,11000.0,11000.0,5405.4,5594.6
ORD003898,2025-06-29,North,Furniture,Chair,Customer 15293,10,137750.0,137750.0,98618.57,39131.43
ORD000738,2025-06-30,South,Technology,Laptop,Customer 11097,2,119000.0,119000.0,108325.45,10674.55
ORD002090,2025-07-01,South,Office Supplies,Printer,Customer 16483,4,96000.0,96000.0,98953.96,-2953.96
ORD001995,2025-07-01,South,Office Supplies,Printer,Customer 13447,3,76500.0,76500.0,70326.57,6173.43
ORD002575,2025-07-01,South,Technology,Mouse,Customer 16230,1,1980.0,1980.0,1102.63,877.37
ORD001543,2025-07-01,South,Technology,Mouse,Customer 19280,1,2090.0,2090.0,990.0,1100.0
ORD001024,2025-07-01,South,Technology,Keyboard,Customer 13922,4,17600.0,17600.0,13914.25,3685.75
ORD001178,2025-07-02,East,Technology,Mouse,Customer 15844,2,4400.0,4400.0,2132.88,2267.12
ORD001215,2025-07-02,West,Technology,Monitor,Customer 13891,6,159600.0,159600.0,124532.05,35067.95
ORD001191,2025-07-02,South,Technology,Keyboard,Customer 16588,1,5225.0,5225.0,3326.57,1898.43
ORD004809,2025-07-02,North,Technology,Keyboard,Customer 18963,3,14025.0,14025.0,9774.09,4250.91
ORD000619,2025-07-02,West,Furniture,Desk,Customer 17096,5,104000.0,104000.0,83343.52,20656.48
ORD004091,2025-07-03,East,Office Supplies,Printer,Customer 17239,2,48000.0,48000.0,48260.75,-260.75
ORD003467,2025-07-03,North,Technology,Keyboard,Customer 12441,2,9900.0,9900.0,7114.35,2785.65
ORD003752,2025-07-03,West,Technology,Keyboard,Customer 12056,3,16500.0,16500.0,9908.09,6591.91
ORD001390,2025-07-04,East,Technology,Laptop,Customer 14294,2,112000.0,112000.0,115353.19,-3353.19
ORD003634,2025-07-04,West,Technology,Laptop,Customer 19237,10,630000.0,630000.0,574550.9,55449.1
ORD004279,2025-07-04,West,Furniture,Desk,Customer 16771,1,26000.0,26000.0,17147.52,8852.48
ORD001983,2025-07-04,North,Furniture,Chair,Customer 17563,2,29000.0,29000.0,19040.93,9959.07
ORD001620,2025-07-05,East,Office Supplies,Printer,Customer 17444,4,120000.0,120000.0,101478.47,18521.53
ORD004084,2025-07-05,West,Technology,Laptop,Customer 12683,3,199500.0,199500.0,169161.24,30338.76
ORD004524,2025-07-05,South,Office Supplies,Printer,Customer 19942,3,76500.0,76500.0,74357.25,2142.75
ORD003405,2025-07-05,East,Furniture,Chair,Customer 19647,2,29000.0,29000.0,18564.24,10435.76
ORD001485,2025-07-05,East,Technology,Mouse,Customer 10025,2,3960.0,3960.0,2152.45,1807.55
ORD001880,2025-07-06,South,Furniture,Chair,Customer 10355,2,27550.0,27550.0,20258.3,7291.7
ORD000597,2025-07-06,West,Furniture,Desk,Customer 18694,1,26000.0,26000.0,18379.22,7620.78
ORD003835,2025-07-06,North,Furniture,Desk,Customer 10239,4,104000.0,104000.0,71421.31,32578.69
ORD004713,2025-07-07,East,Furniture,Desk,Customer 14633,2,46800.0,46800.0,37588.99,9211.01
ORD001000,2025-07-07,North,Furniture,Chair,Customer 19238,6,87000.0,87000.0,61715.39,25284.61
ORD004214,2025-07-07,East,Technology,Mouse,Customer 14948,1,2200.0,2200.0,1020.97,1179.03
ORD004537,2025-07-07,South,Office Supplies,Printer,Customer 15816,3,81000.0,81000.0,72236.61,8763.39
ORD001892,2025-07-07,South,Technology,Laptop,Customer 13724,3,199500.0,199500.0,159822.55,39677.45
ORD004939,2025-07-07,West,Furniture,Chair,Customer 11282,2,27550.0,27550.0,18344.18,9205.82
ORD000237,2025-07-07,South,Technology,Keyboard,Customer 17798,2,11000.0,11000.0,6521.19,4478.81
ORD003760,2025-07-07,West,Furniture,Desk,Customer 18260,2,46800.0,46800.0,35922.48,10877.52
ORD000544,2025-07-07,West,Furniture,Chair,Customer 17041,3,39150.0,39150.0,29824.42,9325.58
ORD001332,2025-07-07,South,Technology,Keyboard,Customer 11704,2,11000.0,11000.0,7093.63,3906.37
ORD003371,2025-07-08,West,Technology,Monitor,Customer 13820,1,28000.0,28000.0,18725.57,9274.43
ORD004615,2025-07-08,South,Furniture,Chair,Customer 16965,5,72500.0,72500.0,49559.57,22940.43
ORD004197,2025-07-08,South,Furniture,Desk,Customer 10774,3,66300.0,66300.0,55128.47,11171.53
ORD001296,2025-07-08,North,Office Supplies,Printer,Customer 19878,3,85500.0,85500.0,73702.02,11797.98
ORD003069,2025-07-08,East,Technology,Keyboard,Customer 19094,4,22000.0,22000.0,13528.62,8471.38
ORD002659,2025-07-09,West,Furniture,Desk,Customer 19944,8,187200.0,187200.0,132763.84,54436.16
ORD001158,2025-07-09,North,Office Supplies,Printer,Customer 10578,3,90000.0,90000.0,73899.42,16100.58
ORD002334,2025-07-09,South,Technology,Laptop,Customer 13817,1,70000.0,70000.0,54652.32,15347.68
ORD004088,2025-07-09,East,Technology,Laptop,Customer 10270,3,199500.0,199500.0,158271.44,41228.56
ORD000521,2025-07-10,North,Technology,Laptop,Customer 18430,1,63000.0,63000.0,54948.67,8051.33
ORD000146,2025-07-10,South,Furniture,Chair,Customer 15810,2,27550.0,27550.0,21444.67,6105.33
ORD003196,2025-07-10,North,Technology,Monitor,Customer 13286,2,50400.0,50400.0,40789.92,9610.08
ORD002449,2025-07-10,South,Furniture,Chair,Customer 10329,5,72500.0,72500.0,47577.84,24922.16
ORD003317,2025-07-10,South,Technology,Keyboard,Customer 14354,4,19800.0,19800.0,13046.83,6753.17
ORD001411,2025-07-11,East,Technology,Monitor,Customer 13940,3,79800.0,79800.0,57762.01,22037.99
ORD001110,2025-07-11,North,Technology,Monitor,Customer 15567,2,56000.0,56000.0,39913.35,16086.65
ORD004022,2025-07-11,East,Technology,Laptop,Customer 15062,4,280000.0,280000.0,223345.8,56654.2
ORD001312,2025-07-11,South,Furniture,Chair,Customer 16516,1,12325.0,12325.0,9176.95,3148.05
ORD002272,2025-07-11,North,Technology,Keyboard,Customer 16883,2,10450.0,10450.0,6846.54,3603.46
ORD001365,2025-07-11,South,Furniture,Chair,Customer 16684,1,12325.0,12325.0,9616.13,2708.87
ORD002326,2025-07-11,South,Technology,Mouse,Customer 14158,4,7040.0,7040.0,4324.91,2715.09
ORD000825,2025-07-12,North,Technology,Keyboard,Customer 16266,2,11000.0,11000.0,6617.17,4382.83
ORD004120,2025-07-12,West,Technology,Keyboard,Customer 12558,2,8800.0,8800.0,7304.61,1495.39
ORD001218,2025-07-12,East,Technology,Monitor,Customer 19529,1,28000.0,28000.0,19818.11,8181.89
ORD004144,2025-07-12,North,Technology,Keyboard,Customer 17268,3,15675.0,15675.0,10606.78,5068.22
ORD003818,2025-07-13,West,Furniture,Chair,Customer 10981,1,14500.0,14500.0,8944.32,5555.68
ORD002467,2025-07-13,North,Technology,Monitor,Customer 14398,1,28000.0,28000.0,20172.81,7827.19
ORD000227,2025-07-13,South,Technology,Mouse,Customer 11885,3,6600.0,6600.0,3147.57,3452.43
ORD000011,2025-07-13,East,Office Supplies,Printer,Customer 16347,2,54000.0,54000.0,48697.67,5302.33
ORD001570,2025-07-13,North,Technology,Monitor,Customer 16703,3,79800.0,79800.0,61893.99,17906.01
ORD003064,2025-07-13,South,Furniture,Desk,Customer 18557,2,52000.0,52000.0,37580.42,14419.58
ORD000848,2025-07-14,West,Furniture,Chair,Customer 15100,2,29000.0,29000.0,19422.72,9577.28
ORD003991,2025-07-14,North,Office Supplies,Printer,Customer 19737,1,24000.0,24000.0,23887.52,112.48
ORD003055,2025-07-14,South,Technology,Laptop,Customer 10157,3,178500.0,178500.0,164998.72,13501.28
ORD001073,2025-07-14,North,Technology,Keyboard,Customer 11151,3,13200.0,13200.0,10463.76,2736.24
ORD004781,2025-07-14,South,Furniture,Chair,Customer 13126,2,29000.0,29000.0,19323.65,9676.35
ORD003861,2025-07-15,North,Technology,Keyboard,Customer 13433,5,24750.0,24750.0,17294.99,7455.01
ORD001180,2025-07-15,South,Office Supplies,Printer,Customer 18684,2,60000.0,60000.0,50999.33,9000.67
ORD003564,2025-07-15,East,Technology,Laptop,Customer 12390,2,126000.0,126000.0,106349.75,19650.25
ORD004849,2025-07-15,East,Technology,Monitor,Customer 13404,5,140000.0,140000.0,103036.28,36963.72
ORD001340,2025-07-15,North,Technology,Laptop,Customer 14627,5,297500.0,297500.0,267774.17,29725.83
ORD001650,2025-07-16,West,Technology,Monitor,Customer 19943,3,79800.0,79800.0,60589.23,19210.77
ORD000135,2025-07-16,North,Furniture,Chair,Customer 15846,1,14500.0,14500.0,10221.62,4278.38
ORD004025,2025-07-16,West,Technology,Mouse,Customer 15364,5,9900.0,9900.0,5678.19,4221.81
ORD002288,2025-07-16,North,Technology,Laptop,Customer 12362,5,315000.0,315000.0,282538.67,32461.33
ORD004201,2025-07-16,West,Technology,Laptop,Customer 17023,1,63000.0,63000.0,53663.56,9336.44
ORD002792,2025-07-16,North,Office Supplies,Printer,Customer 17125,6,180000.0,180000.0,143902.3,36097.7
ORD004398,2025-07-16,West,Technology,Monitor,Customer 11935,1,28000.0,28000.0,18930.62,9069.38
ORD003115,2025-07-17,South,Technology,Mouse,Customer 15932,2,4400.0,4400.0,2005.23,2394.77
ORD000660,2025-07-17,North,Furniture,Chair,Customer 10764,1,13775.0,13775.0,10079.9,3695.1
ORD004526,2025-07-17,North,Technology,Keyboard,Customer 14026,2,11000.0,11000.0,7596.21,3403.79
ORD004929,2025-07-17,South,Technology,Monitor,Customer 18432,2,56000.0,56000.0,41068.58,14931.42
ORD002897,2025-07-17,West,Furniture,Chair,Customer 10971,4,52200.0,52200.0,37994.27,14205.73
ORD000516,2025-07-18,East,Furniture,Chair,Customer 13315,4,52200.0,52200.0,39109.2,13090.8
ORD000050,2025-07-18,East,Furniture,Chair,Customer 17794,6,69600.0,69600.0,56394.43,13205.57
ORD003208,2025-07-18,West,Office Supplies,Printer,Customer 11549,4,114000.0,114000.0,96322.72,17677.28
ORD003958,2025-07-19,South,Technology,Laptop,Customer 14374,3,199500.0,199500.0,165773.6,33726.4
ORD003014,2025-07-19,East,Furniture,Chair,Customer 19681,4,55100.0,55100.0,38434.71,16665.29
ORD004504,2025-07-19,West,Technology,Monitor,Customer 11558,6,168000.0,168000.0,125078.94,42921.06
ORD001102,2025-07-20,East,Technology,Laptop,Customer 19892,6,399000.0,399000.0,324014.1,74985.9
ORD004026,2025-07-20,West,Technology,Mouse,Customer 13106,2,4180.0,4180.0,2225.36,1954.64
ORD004924,2025-07-20,South,Technology,Monitor,Customer 14724,6,151200.0,151200.0,132056.69,19143.31
ORD003400,2025-07-21,East,Furniture,Desk,Customer 15714,8,166400.0,166400.0,150617.11,15782.89
ORD004080,2025-07-21,East,Technology,Monitor,Customer 11331,2,50400.0,50400.0,40073.83,10326.17
ORD001132,2025-07-21,South,Furniture,Chair,Customer 16184,3,39150.0,39150.0,31367.96,7782.04
ORD000941,2025-07-21,South,Furniture,Chair,Customer 18688,3,36975.0,36975.0,27737.47,9237.53
ORD000788,2025-07-21,West,Technology,Monitor,Customer 16171,1,28000.0,28000.0,19436.66,8563.34
ORD004437,2025-07-21,West,Technology,Keyboard,Customer 14374,1,5225.0,5225.0,3450.55,1774.45
ORD001443,2025-07-21,North,Technology,Monitor,Customer 11287,2,53200.0,53200.0,41447.34,11752.66
ORD003645,2025-07-22,East,Furniture,Desk,Customer 10174,1,22100.0,22100.0,19636.35,2463.65
ORD001087,2025-07-22,North,Technology,Laptop,Customer 18754,2,119000.0,119000.0,110548.61,8451.39
ORD001635,2025-07-22,North,Office Supplies,Printer,Customer 15006,2,57000.0,57000.0,49994.12,7005.88
ORD001982,2025-07-22,South,Technology,Monitor,Customer 15233,3,84000.0,84000.0,62735.34,21264.66
ORD003041,2025-07-22,South,Technology,Keyboard,Customer 12778,3,15675.0,15675.0,10371.06,5303.94
ORD001856,2025-07-22,East,Technology,Mouse,Customer 11173,1,2090.0,2090.0,1077.99,1012.01
ORD004879,2025-07-23,South,Technology,Keyboard,Customer 12521,2,9350.0,9350.0,6483.12,2866.88
ORD001143,2025-07-23,East,Technology,Monitor,Customer 10139,1,28000.0,28000.0,20937.11,7062.89
ORD003997,2025-07-23,North,Technology,Mouse,Customer 15464,3,5940.0,5940.0,3115.16,2824.84
ORD000723,2025-07-24,West,Furniture,Chair,Customer 10520,1,14500.0,14500.0,9472.95,5027.05
ORD003367,2025-07-24,West,Technology,Keyboard,Customer 13987,5,24750.0,24750.0,17359.09,7390.91
ORD003607,2025-07-24,East,Technology,Mouse,Customer 18680,5,9350.0,9350.0,5672.28,3677.72
ORD002436,2025-07-24,West,Technology,Mouse,Customer 18642,4,8800.0,8800.0,4198.59,4601.41
ORD004527,2025-07-24,South,Technology,Laptop,Customer 11905,6,420000.0,420000.0,337335.02,82664.98
ORD000305,2025-07-25,South,Technology,Mouse,Customer 10006,1,2200.0,2200.0,990.0,1210.0
ORD000893,2025-07-25,North,Office Supplies,Printer,Customer 18290,1,27000.0,27000.0,25882.15,1117.85
ORD004043,2025-07-25,East,Technology,Laptop,Customer 11180,8,504000.0,504000.0,440179.46,63820.54
ORD003931,2025-07-25,South,Technology,Mouse,Customer 19611,2,3960.0,3960.0,2077.68,1882.32
ORD000559,2025-07-25,East,Technology,Mouse,Customer 16940,3,6270.0,6270.0,3100.99,3169.01
ORD000381,2025-07-25,South,Technology,Monitor,Customer 16105,2,44800.0,44800.0,39191.61,5608.39
ORD000473,2025-07-26,West,Technology,Monitor,Customer 10643,1,25200.0,25200.0,20906.18,4293.82
ORD004098,2025-07-26,West,Technology,Mouse,Customer 17163,4,8800.0,8800.0,4246.1,4553.9
ORD003515,2025-07-26,East,Furniture,Chair,Customer 18150,1,12325.0,12325.0,9473.39,2851.61
ORD002952,2025-07-26,East,Technology,Laptop,Customer 11399,6,420000.0,420000.0,339827.7,80172.3
ORD003560,2025-07-26,North,Furniture,Chair,Customer 15157,1,13050.0,13050.0,9484.96,3565.04
ORD004247,2025-07-26,South,Furniture,Chair,Customer 11188,4,58000.0,58000.0,40869.83,17130.17
ORD000459,2025-07-26,North,Technology,Mouse,Customer 13158,3,5610.0,5610.0,3309.44,2300.56
ORD003641,2025-07-27,East,Furniture,Desk,Customer 15554,1,26000.0,26000.0,17799.64,8200.36
ORD004250,2025-07-27,West,Furniture,Chair,Customer 10321,4,49300.0,49300.0,36463.13,12836.87
ORD000118,2025-07-27,West,Furniture,Desk,Customer 16746,2,49400.0,49400.0,36987.24,12412.76
ORD000437,2025-07-27,West,Technology,Keyboard,Customer 14966,2,11000.0,11000.0,6995.98,4004.02
ORD002435,2025-07-28,North,Technology,Mouse,Customer 19525,1,2090.0,2090.0,1028.65,1061.35
ORD002802,2025-07-28,West,Office Supplies,Printer,Customer 16864,2,57000.0,57000.0,49466.04,7533.96
ORD003851,2025-07-28,West,Technology,Monitor,Customer 15313,2,50400.0,50400.0,40133.38,10266.62
ORD003593,2025-07-28,South,Furniture,Chair,Customer 17900,1,13775.0,13775.0,9226.1,4548.9
ORD002243,2025-07-28,South,Technology,Mouse,Customer 11028,1,1870.0,1870.0,990.0,880.0
ORD003198,2025-07-30,North,Technology,Laptop,Customer 10084,4,280000.0,280000.0,224467.1,55532.9
ORD001461,2025-07-30,South,Furniture,Chair,Customer 19488,10,130500.0,130500.0,90845.56,39654.44
ORD003621,2025-07-30,West,Technology,Mouse,Customer 11878,6,13200.0,13200.0,6163.51,7036.49
ORD000076,2025-07-30,West,Technology,Laptop,Customer 14586,1,70000.0,70000.0,52727.93,17272.07
ORD000892,2025-07-30,East,Technology,Monitor,Customer 15973,1,22400.0,22400.0,19998.62,2401.38
ORD002510,2025-07-30,West,Technology,Mouse,Customer 15665,1,1980.0,1980.0,990.0,990.0
ORD004850,2025-07-30,North,Office Supplies,Printer,Customer 13812,1,27000.0,27000.0,25114.72,1885.28
ORD003450,2025-07-31,East,Technology,Mouse,Customer 13921,1,2090.0,2090.0,990.0,1100.0
ORD004269,2025-07-31,South,Technology,Laptop,Customer 12334,2,126000.0,126000.0,109728.17,16271.83
ORD000502,2025-07-31,East,Technology,Keyboard,Customer 14742,1,5225.0,5225.0,3064.04,2160.96
ORD003260,2025-08-01,South,Technology,Laptop,Customer 13144,1,63000.0,63000.0,54593.68,8406.32
ORD003296,2025-08-01,West,Technology,Monitor,Customer 19714,1,26600.0,26600.0,20156.92,6443.08
ORD002003,2025-08-01,West,Technology,Keyboard,Customer 14299,1,5225.0,5225.0,3227.8,1997.2
ORD003659,2025-08-01,West,Technology,Laptop,Customer 12505,5,350000.0,350000.0,281943.62,68056.38
ORD003247,2025-08-02,West,Technology,Mouse,Customer 18654,10,22000.0,22000.0,10152.82,11847.18
ORD003878,2025-08-02,West,Furniture,Chair,Customer 18290,4,49300.0,49300.0,40305.93,8994.07
ORD000612,2025-08-02,West,Technology,Keyboard,Customer 13480,2,11000.0,11000.0,7086.27,3913.73
ORD002819,2025-08-02,East,Technology,Mouse,Customer 15673,2,4400.0,4400.0,2182.5,2217.5
ORD004039,2025-08-02,West,Technology,Laptop,Customer 16631,8,476000.0,476000.0,450609.09,25390.91
ORD002317,2025-08-02,West,Technology,Keyboard,Customer 12053,4,22000.0,22000.0,13234.34,8765.66
ORD002592,2025-08-03,North,Technology,Monitor,Customer 17412,6,159600.0,159600.0,120073.46,39526.54
ORD002687,2025-08-03,East,Technology,Monitor,Customer 14807,1,22400.0,22400.0,20363.59,2036.41
ORD004487,2025-08-03,South,Furniture,Chair,Customer 12004,6,73950.0,73950.0,61123.72,12826.28
ORD004109,2025-08-04,West,Technology,Laptop,Customer 11092,4,252000.0,252000.0,223918.47,28081.53
ORD003717,2025-08-04,West,Technology,Mouse,Customer 17204,1,1980.0,1980.0,1083.58,896.42
ORD001788,2025-08-04,South,Furniture,Desk,Customer 12594,2,49400.0,49400.0,32598.59,16801.41
ORD002783,2025-08-04,West,Office Supplies,Printer,Customer 19332,2,60000.0,60000.0,51488.1,8511.9
ORD002266,2025-08-04,West,Technology,Monitor,Customer 11855,1,26600.0,26600.0,20905.62,5694.38
ORD004127,2025-08-04,South,Technology,Monitor,Customer 17045,3,84000.0,84000.0,62375.18,21624.82
ORD002566,2025-08-04,North,Furniture,Desk,Customer 18809,1,22100.0,22100.0,17183.24,4916.76
ORD004681,2025-08-04,South,Office Supplies,Printer,Customer 11442,4,114000.0,114000.0,98284.4,15715.6
ORD001929,2025-08-05,South,Technology,Monitor,Customer 16778,10,266000.0,266000.0,205283.53,60716.47
ORD001088,2025-08-05,East,Technology,Mouse,Customer 14382,2,4400.0,4400.0,1998.92,2401.08
ORD004265,2025-08-05,South,Furniture,Chair,Customer 13492,2,23200.0,23200.0,18304.93,4895.07
ORD003481,2025-08-05,North,Technology,Keyboard,Customer 17961,2,10450.0,10450.0,7485.65,2964.35
ORD000203,2025-08-05,East,Office Supplies,Printer,Customer 18945,1,30000.0,30000.0,23567.71,6432.29
ORD001823,2025-08-06,North,Technology,Monitor,Customer 15609,6,151200.0,151200.0,128506.47,22693.53
ORD001723,2025-08-06,East,Technology,Laptop,Customer 15763,1,63000.0,63000.0,56385.13,6614.87
ORD003448,2025-08-06,South,Furniture,Chair,Customer 17796,4,49300.0,49300.0,36683.76,12616.24
ORD003691,2025-08-06,East,Office Supplies,Printer,Customer 14452,1,28500.0,28500.0,24086.29,4413.71
ORD004806,2025-08-07,West,Technology,Keyboard,Customer 13762,3,16500.0,16500.0,9708.14,6791.86
ORD002227,2025-08-07,West,Furniture,Chair,Customer 13857,2,29000.0,29000.0,18980.82,10019.18
ORD001512,2025-08-07,West,Technology,Laptop,Customer 16092,3,189000.0,189000.0,161177.39,27822.61
ORD001119,2025-08-07,South,Office Supplies,Printer,Customer 19099,1,30000.0,30000.0,24493.71,5506.29
ORD001639,2025-08-07,West,Technology,Laptop,Customer 18660,3,199500.0,199500.0,167521.25,31978.75
ORD003452,2025-08-08,West,Technology,Laptop,Customer 19971,2,133000.0,133000.0,106526.22,26473.78
ORD004009,2025-08-08,North,Technology,Keyboard,Customer 13037,1,4400.0,4400.0,3279.19,1120.81
ORD002274,2025-08-08,North,Technology,Laptop,Customer 15215,6,399000.0,399000.0,355206.99,43793.01
ORD001994,2025-08-08,North,Technology,Mouse,Customer 13228,1,2200.0,2200.0,1142.36,1057.64
ORD004376,2025-08-08,West,Technology,Keyboard,Customer 17152,2,9900.0,9900.0,7020.64,2879.36
ORD004743,2025-08-08,North,Technology,Laptop,Customer 18852,2,133000.0,133000.0,107727.0,25273.0
ORD003987,2025-08-08,South,Technology,Monitor,Customer 15096,1,23800.0,23800.0,21525.95,2274.05
ORD002369,2025-08-08,East,Furniture,Chair,Customer 11742,2,26100.0,26100.0,19857.87,6242.13
ORD000669,2025-08-09,West,Furniture,Desk,Customer 14800,8,187200.0,187200.0,142524.98,44675.02
ORD000461,2025-08-09,East,Furniture,Desk,Customer 13547,6,156000.0,156000.0,105788.4,50211.6
ORD002691,2025-08-09,East,Furniture,Desk,Customer 16393,3,70200.0,70200.0,52008.91,18191.09
ORD004742,2025-08-10,East,Technology,Mouse,Customer 16668,6,11220.0,11220.0,6870.86,4349.14
ORD003015,2025-08-10,West,Furniture,Desk,Customer 19294,5,117000.0,117000.0,88348.86,28651.14
ORD002947,2025-08-10,North,Technology,Laptop,Customer 14231,3,199500.0,199500.0,166719.2,32780.8
ORD001964,2025-08-10,West,Technology,Mouse,Customer 19134,6,11880.0,11880.0,6372.0,5508.0
ORD002351,2025-08-10,South,Furniture,Desk,Customer 17547,1,24700.0,24700.0,17055.17,7644.83
ORD002166,2025-08-10,South,Technology,Laptop,Customer 12815,5,350000.0,350000.0,273943.51,76056.49
ORD004779,2025-08-11,North,Technology,Monitor,Customer 12308,3,79800.0,79800.0,59597.22,20202.78
ORD002029,2025-08-11,North,Furniture,Chair,Customer 11723,3,41325.0,41325.0,28005.0,13320.0
ORD003710,2025-08-11,South,Technology,Laptop,Customer 18722,3,199500.0,199500.0,164664.95,34835.05
ORD004882,2025-08-11,West,Technology,Laptop,Customer 18523,3,178500.0,178500.0,159257.61,19242.39
ORD003240,2025-08-11,East,Technology,Mouse,Customer 17078,5,9900.0,9900.0,5098.2,4801.8
ORD003718,2025-08-11,East,Technology,Mouse,Customer 16658,1,2090.0,2090.0,1068.47,1021.53
ORD002663,2025-08-11,East,Office Supplies,Printer,Customer 17725,2,57000.0,57000.0,49652.45,7347.55
ORD003511,2025-08-11,South,Furniture,Chair,Customer 11714,5,72500.0,72500.0,47214.04,25285.96
ORD001535,2025-08-12,West,Technology,Monitor,Customer 14299,3,71400.0,71400.0,60088.63,11311.37
ORD002051,2025-08-12,West,Technology,Laptop,Customer 19895,3,210000.0,210000.0,175751.83,34248.17
ORD002301,2025-08-12,East,Furniture,Chair,Customer 11250,2,27550.0,27550.0,18832.28,8717.72
ORD003302,2025-08-12,South,Furniture,Chair,Customer 12901,3,41325.0,41325.0,29409.2,11915.8
ORD004229,2025-08-12,South,Technology,Mouse,Customer 11611,1,2200.0,2200.0,1125.26,1074.74
ORD002440,2025-08-13,North,Furniture,Chair,Customer 11992,3,39150.0,39150.0,28627.26,10522.74
ORD001756,2025-08-13,West,Office Supplies,Printer,Customer 10633,10,300000.0,300000.0,240750.17,59249.83
ORD004807,2025-08-13,North,Furniture,Desk,Customer 12260,4,98800.0,98800.0,68759.95,30040.05
ORD004896,2025-08-13,East,Furniture,Desk,Customer 10959,2,44200.0,44200.0,35959.27,8240.73
ORD003410,2025-08-13,West,Technology,Laptop,Customer 16975,2,126000.0,126000.0,105682.38,20317.62
ORD002382,2025-08-13,North,Furniture,Desk,Customer 17762,3,78000.0,78000.0,54531.71,23468.29
ORD001567,2025-08-13,East,Technology,Monitor,Customer 18010,2,47600.0,47600.0,40328.99,7271.01
ORD003162,2025-08-13,South,Office Supplies,Printer,Customer 15772,4,120000.0,120000.0,98868.9,21131.1
ORD000974,2025-08-14,South,Furniture,Chair,Customer 16371,4,58000.0,58000.0,40267.58,17732.42
ORD000443,2025-08-14,East,Technology,Monitor,Customer 10702,2,47600.0,47600.0,40044.9,7555.1
ORD001254,2025-08-14,South,Furniture,Chair,Customer 10757,10,130500.0,130500.0,98224.2,32275.8
ORD002217,2025-08-14,North,Technology,Monitor,Customer 11693,1,26600.0,26600.0,21204.89,5395.11
ORD002358,2025-08-14,North,Furniture,Chair,Customer 15200,1,14500.0,14500.0,9672.51,4827.49
ORD000587,2025-08-14,East,Technology,Mouse,Customer 12283,1,1980.0,1980.0,1095.67,884.33
ORD002637,2025-08-15,West,Technology,Laptop,Customer 16825,2,126000.0,126000.0,106009.12,19990.88
ORD001724,2025-08-15,West,Office Supplies,Printer,Customer 19002,2,60000.0,60000.0,49624.65,10375.35
ORD001049,2025-08-15,North,Technology,Monitor,Customer 15976,2,47600.0,47600.0,42176.58,5423.42
ORD000300,2025-08-16,South,Technology,Laptop,Customer 10741,4,252000.0,252000.0,213989.42,38010.58
ORD003906,2025-08-16,West,Office Supplies,Printer,Customer 18825,6,171000.0,171000.0,147196.42,23803.58
ORD004405,2025-08-16,North,Furniture,Desk,Customer 17446,2,49400.0,49400.0,35039.13,14360.87
ORD004170,2025-08-16,West,Technology,Mouse,Customer 18093,1,2200.0,2200.0,1083.92,1116.08
ORD002203,2025-08-16,West,Furniture,Chair,Customer 15298,1,13050.0,13050.0,9768.17,3281.83
ORD003443,2025-08-16,East,Technology,Laptop,Customer 11903,1,56000.0,56000.0,54113.58,1886.42
ORD004535,2025-08-17,West,Technology,Monitor,Customer 12988,2,47600.0,47600.0,38962.01,8637.99
ORD004718,2025-08-17,East,Technology,Mouse,Customer 11490,3,6600.0,6600.0,2972.26,3627.74
ORD002791,2025-08-17,West,Furniture,Chair,Customer 13033,1,12325.0,12325.0,9464.4,2860.6
ORD003576,2025-08-17,South,Technology,Laptop,Customer 15684,1,70000.0,70000.0,57321.92,12678.08
ORD002604,2025-08-18,West,Technology,Laptop,Customer 17556,2,126000.0,126000.0,109665.52,16334.48
ORD004102,2025-08-18,East,Technology,Laptop,Customer 18572,5,297500.0,297500.0,276915.24,20584.76
ORD000928,2025-08-18,East,Technology,Monitor,Customer 17911,2,50400.0,50400.0,41193.87,9206.13
ORD004425,2025-08-18,South,Technology,Keyboard,Customer 18294,2,8800.0,8800.0,6549.56,2250.44
ORD002508,2025-08-18,North,Furniture,Chair,Customer 19128,1,13775.0,13775.0,8916.52,4858.48
ORD001058,2025-08-18,West,Furniture,Desk,Customer 11734,6,140400.0,140400.0,106159.98,34240.02
ORD004532,2025-08-18,East,Technology,Laptop,Customer 16565,2,126000.0,126000.0,104392.29,21607.71
ORD003654,2025-08-18,West,Technology,Monitor,Customer 12367,1,26600.0,26600.0,21271.96,5328.04
ORD002647,2025-08-18,South,Furniture,Desk,Customer 12255,3,78000.0,78000.0,51820.57,26179.43
ORD000399,2025-08-18,West,Technology,Monitor,Customer 15964,1,28000.0,28000.0,20684.62,7315.38
ORD000064,2025-08-19,South,Furniture,Desk,Customer 14794,3,66300.0,66300.0,53434.5,12865.5
ORD004834,2025-08-19,West,Technology,Laptop,Customer 11163,6,357000.0,357000.0,331042.07,25957.93
ORD000730,2025-08-19,West,Technology,Mouse,Customer 11804,3,6270.0,6270.0,3025.16,3244.84
ORD001116,2025-08-19,North,Technology,Mouse,Customer 19770,5,9900.0,9900.0,5601.77,4298.23
ORD002337,2025-08-19,East,Technology,Keyboard,Customer 13762,2,9900.0,9900.0,6924.89,2975.11
ORD000599,2025-08-19,North,Furniture,Chair,Customer 11990,1,14500.0,14500.0,8995.22,5504.78
ORD001813,2025-08-19,South,Furniture,Chair,Customer 17250,2,29000.0,29000.0,19458.26,9541.74
ORD004253,2025-08-19,North,Furniture,Chair,Customer 12381,2,23200.0,23200.0,18638.78,4561.22
ORD001364,2025-08-19,East,Furniture,Chair,Customer 19238,3,43500.0,43500.0,26940.41,16559.59
ORD004076,2025-08-20,West,Technology,Laptop,Customer 11026,10,595000.0,595000.0,555879.22,39120.78
ORD000636,2025-08-20,East,Technology,Monitor,Customer 14759,2,47600.0,47600.0,37928.24,9671.76
ORD002608,2025-08-20,West,Technology,Monitor,Customer 16725,1,23800.0,23800.0,18446.76,5353.24
ORD003899,2025-08-20,North,Furniture,Desk,Customer 13022,3,78000.0,78000.0,52742.14,25257.86
ORD001826,2025-08-20,West,Furniture,Desk,Customer 15656,3,74100.0,74100.0,52916.98,21183.02
ORD002777,2025-08-21,East,Technology,Mouse,Customer 19438,3,6270.0,6270.0,3202.16,3067.84
ORD004260,2025-08-21,East,Technology,Keyboard,Customer 17782,2,9900.0,9900.0,6897.28,3002.72
ORD004271,2025-08-21,West,Office Supplies,Printer,Customer 15217,4,120000.0,120000.0,98195.59,21804.41
ORD004646,2025-08-21,East,Technology,Mouse,Customer 19769,3,5610.0,5610.0,2970.0,2640.0
ORD001248,2025-08-21,West,Technology,Keyboard,Customer 15075,1,5225.0,5225.0,3598.48,1626.52
ORD004585,2025-08-21,South,Technology,Laptop,Customer 14422,4,280000.0,280000.0,222112.54,57887.46
ORD000438,2025-08-22,West,Office Supplies,Printer,Customer 12093,3,85500.0,85500.0,71631.51,13868.49
ORD001201,2025-08-22,South,Furniture,Chair,Customer 15348,1,13050.0,13050.0,9918.42,3131.58
ORD000963,2025-08-22,East,Technology,Keyboard,Customer 15088,3,14850.0,14850.0,10361.01,4488.99
ORD001671,2025-08-22,South,Furniture,Desk,Customer 17137,3,78000.0,78000.0,54496.89,23503.11
ORD004258,2025-08-23,West,Technology,Mouse,Customer 13951,3,6270.0,6270.0,3175.14,3094.86
ORD003435,2025-08-23,West,Technology,Mouse,Customer 16711,2,4180.0,4180.0,2208.1,1971.9
ORD000218,2025-08-23,East,Technology,Keyboard,Customer 10386,6,29700.0,29700.0,20479.27,9220.73
ORD003772,2025-08-23,West,Furniture,Chair,Customer 12442,3,43500.0,43500.0,27661.71,15838.29
ORD004538,2025-08-23,South,Furniture,Chair,Customer 15660,5,68875.0,68875.0,48665.24,20209.76
ORD000082,2025-08-23,West,Technology,Mouse,Customer 13162,4,7920.0,7920.0,4264.77,3655.23
ORD003561,2025-08-23,East,Technology,Laptop,Customer 18338,3,199500.0,199500.0,161137.83,38362.17
ORD004320,2025-08-24,South,Technology,Mouse,Customer 10052,1,1980.0,1980.0,1039.75,940.25
ORD004993,2025-08-24,North,Technology,Laptop,Customer 19000,1,70000.0,70000.0,49266.99,20733.01
ORD002883,2025-08-24,West,Technology,Mouse,Customer 17303,4,8360.0,8360.0,4027.87,4332.13
ORD000384,2025-08-24,North,Technology,Mouse,Customer 19950,2,3960.0,3960.0,2172.6,1787.4
ORD003763,2025-08-24,West,Technology,Keyboard,Customer 11474,3,15675.0,15675.0,10489.24,5185.76
ORD000934,2025-08-24,North,Office Supplies,Printer,Customer 17687,1,27000.0,27000.0,25187.82,1812.18
ORD003442,2025-08-24,North,Technology,Mouse,Customer 19901,4,8360.0,8360.0,4516.67,3843.33
ORD001072,2025-08-25,West,Technology,Mouse,Customer 19539,5,11000.0,11000.0,4950.0,6050.0
ORD000822,2025-08-25,West,Office Supplies,Printer,Customer 12379,4,120000.0,120000.0,94453.01,25546.99
ORD000916,2025-08-25,South,Furniture,Chair,Customer 15702,1,14500.0,14500.0,9473.03,5026.97
ORD004948,2025-08-25,South,Technology,Mouse,Customer 12220,2,3960.0,3960.0,2209.6,1750.4
ORD001112,2025-08-25,South,Technology,Mouse,Customer 18563,3,6600.0,6600.0,3280.1,3319.9
ORD001209,2025-08-25,East,Office Supplies,Printer,Customer 19078,10,270000.0,270000.0,235429.73,34570.27
ORD003996,2025-08-25,North,Technology,Monitor,Customer 16884,4,112000.0,112000.0,80890.64,31109.36
ORD001439,2025-08-25,West,Furniture,Desk,Customer 17768,4,104000.0,104000.0,66473.82,37526.18
ORD004522,2025-08-26,South,Technology,Laptop,Customer 11733,3,199500.0,199500.0,174112.39,25387.61
ORD002458,2025-08-26,North,Technology,Mouse,Customer 18710,1,1870.0,1870.0,1051.68,818.32
ORD002812,2025-08-26,South,Technology,Monitor,Customer 19116,10,238000.0,238000.0,210234.45,27765.55
ORD003084,2025-08-27,North,Technology,Keyboard,Customer 10952,2,11000.0,11000.0,6926.84,4073.16
ORD002466,2025-08-27,East,Office Supplies,Printer,Customer 12378,1,30000.0,30000.0,24800.94,5199.06
ORD000242,2025-08-27,South,Technology,Keyboard,Customer 19456,1,5500.0,5500.0,3546.88,1953.12
ORD002966,2025-08-28,North,Office Supplies,Printer,Customer 19271,1,30000.0,30000.0,24760.86,5239.14
ORD000968,2025-08-28,North,Office Supplies,Printer,Customer 15495,2,57000.0,57000.0,49573.08,7426.92
ORD002339,2025-08-29,West,Technology,Mouse,Customer 13807,8,15840.0,15840.0,8541.33,7298.67
ORD004223,2025-08-29,North,Furniture,Chair,Customer 16133,1,13775.0,13775.0,9899.49,3875.51
ORD004489,2025-08-29,South,Technology,Laptop,Customer 13128,4,266000.0,266000.0,212560.32,53439.68
ORD001495,2025-08-29,West,Furniture,Chair,Customer 17111,5,65250.0,65250.0,47372.63,17877.37
ORD003995,2025-08-29,South,Technology,Mouse,Customer 15996,1,2200.0,2200.0,1160.93,1039.07
ORD003492,2025-08-29,West,Furniture,Desk,Customer 14132,1,24700.0,24700.0,17554.66,7145.34
ORD003802,2025-08-30,South,Technology,Mouse,Customer 12985,3,5940.0,5940.0,3245.94,2694.06
ORD004243,2025-08-30,South,Technology,Mouse,Customer 10752,4,7920.0,7920.0,4280.07,3639.93
ORD001585,2025-08-30,North,Technology,Keyboard,Customer 16750,3,15675.0,15675.0,9957.51,5717.49
ORD002830,2025-08-30,North,Technology,Mouse,Customer 14817,1,1980.0,1980.0,1021.15,958.85
ORD000613,2025-08-30,South,Office Supplies,Printer,Customer 10923,2,60000.0,60000.0,46728.33,13271.67
ORD000259,2025-08-30,East,Furniture,Chair,Customer 19988,2,26100.0,26100.0,17737.47,8362.53
ORD001522,2025-08-30,South,Technology,Mouse,Customer 10999,4,8800.0,8800.0,4303.09,4496.91
ORD003661,2025-08-30,South,Technology,Laptop,Customer 17740,8,476000.0,476000.0,465253.69,10746.31
ORD003885,2025-08-31,East,Furniture,Chair,Customer 13883,2,27550.0,27550.0,20111.24,7438.76
ORD002376,2025-08-31,East,Technology,Laptop,Customer 15299,3,189000.0,189000.0,172211.6,16788.4
ORD000993,2025-08-31,South,Technology,Mouse,Customer 16671,3,5610.0,5610.0,3288.9,2321.1
ORD001753,2025-08-31,South,Technology,Keyboard,Customer 14233,8,39600.0,39600.0,26886.27,12713.73
ORD003964,2025-09-01,South,Technology,Keyboard,Customer 18049,1,5500.0,5500.0,3331.49,2168.51
ORD002197,2025-09-01,South,Technology,Laptop,Customer 11313,3,210000.0,210000.0,160489.49,49510.51
ORD000181,2025-09-01,South,Furniture,Desk,Customer 14565,4,93600.0,93600.0,77077.34,16522.66
ORD000704,2025-09-01,West,Technology,Laptop,Customer 16553,1,66500.0,66500.0,60644.58,5855.42
ORD004573,2025-09-01,South,Office Supplies,Printer,Customer 12054,1,24000.0,24000.0,23777.62,222.38
ORD004296,2025-09-02,East,Furniture,Chair,Customer 11022,2,29000.0,29000.0,18554.95,10445.05
ORD002798,2025-09-02,North,Technology,Laptop,Customer 10895,5,297500.0,297500.0,274182.05,23317.95
ORD003720,2025-09-02,West,Technology,Keyboard,Customer 12312,5,23375.0,23375.0,15368.9,8006.1
ORD000724,2025-09-02,South,Office Supplies,Printer,Customer 17417,8,228000.0,228000.0,186375.47,41624.53
ORD001481,2025-09-02,West,Office Supplies,Printer,Customer 18095,2,60000.0,60000.0,50634.19,9365.81
ORD000733,2025-09-03,West,Technology,Keyboard,Customer 12570,1,4950.0,4950.0,3454.87,1495.13
ORD002422,2025-09-03,South,Furniture,Desk,Customer 11984,6,156000.0,156000.0,107852.37,48147.63
ORD002279,2025-09-03,West,Furniture,Chair,Customer 17580,3,41325.0,41325.0,29119.39,12205.61
ORD002034,2025-09-03,North,Technology,Monitor,Customer 14588,4,106400.0,106400.0,75637.72,30762.28
ORD003263,2025-09-03,West,Furniture,Chair,Customer 13102,2,27550.0,27550.0,18633.79,8916.21
ORD002442,2025-09-03,West,Furniture,Chair,Customer 15311,1,13050.0,13050.0,9367.91,3682.09
ORD002701,2025-09-04,North,Technology,Monitor,Customer 16836,1,28000.0,28000.0,19425.63,8574.37
ORD002906,2025-09-05,East,Technology,Laptop,Customer 13473,5,350000.0,350000.0,283859.29,66140.71
ORD002644,2025-09-05,West,Technology,Mouse,Customer 10022,1,1760.0,1760.0,1021.47,738.53
ORD001781,2025-09-05,West,Technology,Keyboard,Customer 19410,2,9900.0,9900.0,6832.38,3067.62
ORD001923,2025-09-05,South,Technology,Keyboard,Customer 14167,1,4675.0,4675.0,3506.54,1168.46
ORD001803,2025-09-05,South,Office Supplies,Printer,Customer 18181,10,285000.0,285000.0,248178.27,36821.73
ORD001223,2025-09-05,North,Technology,Keyboard,Customer 19450,2,10450.0,10450.0,6840.24,3609.76
ORD002760,2025-09-05,East,Technology,Laptop,Customer 11324,1,70000.0,70000.0,54115.65,15884.35
ORD004189,2025-09-06,West,Technology,Mouse,Customer 17822,3,6270.0,6270.0,3002.07,3267.93
ORD004177,2025-09-06,West,Furniture,Desk,Customer 10866,6,140400.0,140400.0,102475.2,37924.8
ORD002419,2025-09-06,South,Technology,Mouse,Customer 11037,1,1980.0,1980.0,1126.97,853.03
ORD003750,2025-09-06,North,Technology,Laptop,Customer 13905,2,140000.0,140000.0,108158.91,31841.09
ORD004276,2025-09-06,North,Technology,Keyboard,Customer 19386,4,18700.0,18700.0,13041.49,5658.51
ORD000321,2025-09-07,West,Technology,Laptop,Customer 17766,2,126000.0,126000.0,105477.54,20522.46
ORD004634,2025-09-07,South,Technology,Monitor,Customer 17201,2,53200.0,53200.0,42343.84,10856.16
ORD002828,2025-09-07,North,Technology,Laptop,Customer 11411,4,266000.0,266000.0,214852.06,51147.94
ORD003846,2025-09-07,East,Furniture,Desk,Customer 15108,2,46800.0,46800.0,35622.3,11177.7
ORD004864,2025-09-07,West,Technology,Laptop,Customer 12876,10,700000.0,700000.0,561053.39,138946.61
ORD004691,2025-09-07,West,Furniture,Desk,Customer 19123,1,26000.0,26000.0,16557.24,9442.76
ORD002098,2025-09-08,South,Technology,Keyboard,Customer 11354,2,10450.0,10450.0,6870.88,3579.12
ORD002776,2025-09-08,North,Technology,Keyboard,Customer 18159,6,33000.0,33000.0,20478.14,12521.86
ORD003174,2025-09-08,East,Technology,Laptop,Customer 12628,5,350000.0,350000.0,275012.18,74987.82
ORD004164,2025-09-08,North,Technology,Laptop,Customer 17877,3,189000.0,189000.0,165952.03,23047.97
ORD003656,2025-09-09,West,Technology,Monitor,Customer 15371,2,53200.0,53200.0,40987.58,12212.42
ORD002677,2025-09-09,East,Technology,Laptop,Customer 14092,5,332500.0,332500.0,278737.86,53762.14
ORD001251,2025-09-10,West,Furniture,Chair,Customer 16831,3,41325.0,41325.0,30177.38,11147.62
ORD000062,2025-09-10,South,Office Supplies,Printer,Customer 12706,2,51000.0,51000.0,49551.6,1448.4
ORD002385,2025-09-10,North,Furniture,Chair,Customer 11225,3,41325.0,41325.0,27976.7,13348.3
ORD000545,2025-09-10,North,Technology,Mouse,Customer 16646,3,6270.0,6270.0,3238.78,3031.22
ORD002682,2025-09-10,North,Technology,Monitor,Customer 10857,1,25200.0,25200.0,19919.19,5280.81
ORD003745,2025-09-10,North,Furniture,Desk,Customer 16152,2,49400.0,49400.0,35418.19,13981.81
ORD001433,2025-09-10,South,Technology,Laptop,Customer 16848,2,133000.0,133000.0,108889.29,24110.71
ORD003909,2025-09-11,South,Office Supplies,Printer,Customer 11420,2,60000.0,60000.0,49078.41,10921.59
ORD001524,2025-09-11,South,Office Supplies,Printer,Customer 12585,2,57000.0,57000.0,49891.82,7108.18
ORD003941,2025-09-11,North,Technology,Mouse,Customer 13323,1,2090.0,2090.0,1067.48,1022.52
ORD000274,2025-09-11,South,Technology,Monitor,Customer 12661,5,119000.0,119000.0,99456.7,19543.3
ORD004670,2025-09-12,East,Furniture,Desk,Customer 17095,4,98800.0,98800.0,71059.27,27740.73
ORD001614,2025-09-12,North,Technology,Keyboard,Customer 15897,10,55000.0,55000.0,32646.17,22353.83
ORD004139,2025-09-12,East,Technology,Mouse,Customer 15484,1,1870.0,1870.0,1098.33,771.67
ORD001080,2025-09-12,East,Technology,Laptop,Customer 17316,4,280000.0,280000.0,212682.06,67317.94
ORD001680,2025-09-12,East,Technology,Keyboard,Customer 18447,6,33000.0,33000.0,20006.94,12993.06
ORD002409,2025-09-12,East,Office Supplies,Printer,Customer 10889,3,81000.0,81000.0,73042.96,7957.04
ORD000312,2025-09-12,East,Furniture,Chair,Customer 15473,5,72500.0,72500.0,45824.84,26675.16
ORD002160,2025-09-12,North,Technology,Monitor,Customer 13886,1,25200.0,25200.0,19663.26,5536.74
ORD003757,2025-09-12,South,Technology,Monitor,Customer 13378,2,53200.0,53200.0,37897.17,15302.83
ORD004459,2025-09-13,West,Technology,Monitor,Customer 17085,1,28000.0,28000.0,19626.25,8373.75
ORD004161,2025-09-13,West,Technology,Laptop,Customer 11945,4,266000.0,266000.0,222608.09,43391.91
ORD002778,2025-09-13,West,Furniture,Chair,Customer 16461,5,61625.0,61625.0,49855.4,11769.6
ORD003930,2025-09-13,North,Office Supplies,Printer,Customer 19328,1,30000.0,30000.0,25562.2,4437.8
ORD001611,2025-09-13,West,Furniture,Desk,Customer 10863,1,24700.0,24700.0,17751.17,6948.83
ORD000326,2025-09-13,North,Furniture,Chair,Customer 15718,3,39150.0,39150.0,28040.05,11109.95
ORD003434,2025-09-13,East,Technology,Mouse,Customer 18623,8,17600.0,17600.0,8732.87,8867.13
ORD000686,2025-09-13,East,Technology,Mouse,Customer 17311,2,3960.0,3960.0,2129.78,1830.22
ORD000223,2025-09-13,East,Technology,Laptop,Customer 19821,5,332500.0,332500.0,270802.85,61697.15
ORD003472,2025-09-13,East,Technology,Laptop,Customer 10052,1,66500.0,66500.0,52520.08,13979.92
ORD000309,2025-09-14,West,Technology,Monitor,Customer 15824,2,56000.0,56000.0,40558.25,15441.75
ORD004329,2025-09-14,South,Technology,Laptop,Customer 12828,3,178500.0,178500.0,159599.45,18900.55
ORD004486,2025-09-14,West,Furniture,Desk,Customer 19341,5,117000.0,117000.0,89913.23,27086.77
ORD001023,2025-09-14,South,Technology,Keyboard,Customer 16025,3,14025.0,14025.0,10190.47,3834.53
ORD003027,2025-09-14,West,Technology,Mouse,Customer 11788,1,2090.0,2090.0,990.0,1100.0
ORD003153,2025-09-14,South,Office Supplies,Printer,Customer 19426,3,90000.0,90000.0,70168.07,19831.93
ORD000948,2025-09-15,North,Furniture,Desk,Customer 11042,3,62400.0,62400.0,51390.74,11009.26
ORD002226,2025-09-15,South,Furniture,Desk,Customer 12351,1,23400.0,23400.0,17380.95,6019.05
ORD002016,2025-09-16,North,Technology,Laptop,Customer 17058,6,357000.0,357000.0,323646.86,33353.14
ORD003204,2025-09-16,West,Technology,Laptop,Customer 18210,3,189000.0,189000.0,172046.46,16953.54
ORD004653,2025-09-16,South,Technology,Laptop,Customer 11022,1,63000.0,63000.0,56809.64,6190.36
ORD003988,2025-09-16,South,Technology,Keyboard,Customer 14255,2,10450.0,10450.0,7282.43,3167.57
ORD004991,2025-09-16,East,Technology,Monitor,Customer 13021,3,71400.0,71400.0,61453.1,9946.9
ORD001044,2025-09-18,West,Furniture,Desk,Customer 11317,6,132600.0,132600.0,113731.82,18868.18
ORD001645,2025-09-18,East,Technology,Keyboard,Customer 15341,1,4675.0,4675.0,3573.2,1101.8
ORD002188,2025-09-18,North,Technology,Laptop,Customer 11850,1,63000.0,63000.0,54942.81,8057.19
ORD000957,2025-09-18,West,Technology,Mouse,Customer 13516,2,4180.0,4180.0,1980.0,2200.0
ORD002097,2025-09-19,South,Technology,Laptop,Customer 15694,4,266000.0,266000.0,208709.16,57290.84
ORD004439,2025-09-19,South,Furniture,Desk,Customer 10554,3,66300.0,66300.0,57884.93,8415.07
ORD003474,2025-09-19,South,Technology,Laptop,Customer 19476,5,297500.0,297500.0,275586.35,21913.65
ORD002057,2025-09-19,West,Technology,Monitor,Customer 16717,2,56000.0,56000.0,42112.18,13887.82
ORD000851,2025-09-19,North,Technology,Keyboard,Customer 14395,3,15675.0,15675.0,10326.79,5348.21
ORD004156,2025-09-20,North,Technology,Mouse,Customer 18601,1,1980.0,1980.0,1171.94,808.06
ORD000621,2025-09-20,North,Technology,Monitor,Customer 12112,4,100800.0,100800.0,83029.05,17770.95
ORD002427,2025-09-20,East,Furniture,Chair,Customer 17616,4,46400.0,46400.0,39044.04,7355.96
ORD002744,2025-09-20,South,Furniture,Chair,Customer 18815,2,29000.0,29000.0,19577.18,9422.82
ORD002985,2025-09-20,South,Office Supplies,Printer,Customer 16731,5,150000.0,150000.0,126940.68,23059.32
ORD000994,2025-09-21,East,Technology,Laptop,Customer 11083,2,112000.0,112000.0,112955.53,-955.53
ORD000750,2025-09-21,South,Furniture,Chair,Customer 14312,1,14500.0,14500.0,9521.01,4978.99
ORD004740,2025-09-21,North,Office Supplies,Printer,Customer 19669,5,142500.0,142500.0,125675.07,16824.93
ORD000297,2025-09-21,North,Technology,Monitor,Customer 18564,5,133000.0,133000.0,103149.3,29850.7
ORD002794,2025-09-22,West,Furniture,Chair,Customer 13453,2,27550.0,27550.0,19438.58,8111.42
ORD004192,2025-09-22,South,Furniture,Chair,Customer 14384,8,104400.0,104400.0,76788.78,27611.22
ORD002187,2025-09-23,West,Technology,Mouse,Customer 14634,2,4400.0,4400.0,2142.17,2257.83
ORD004344,2025-09-23,South,Technology,Laptop,Customer 19408,6,378000.0,378000.0,323139.16,54860.84
ORD003178,2025-09-23,East,Technology,Keyboard,Customer 11317,1,5225.0,5225.0,3544.4,1680.6
ORD000196,2025-09-23,North,Technology,Mouse,Customer 17515,2,4400.0,4400.0,2052.25,2347.75
ORD001864,2025-09-23,West,Technology,Mouse,Customer 11372,2,3960.0,3960.0,1980.0,1980.0
ORD003714,2025-09-23,East,Technology,Monitor,Customer 14289,3,79800.0,79800.0,58923.7,20876.3
ORD004623,2025-09-23,West,Furniture,Chair,Customer 17364,2,24650.0,24650.0,19200.16,5449.84
ORD001584,2025-09-23,North,Furniture,Chair,Customer 11461,1,13050.0,13050.0,9251.33,3798.67
ORD004191,2025-09-23,North,Technology,Keyboard,Customer 19103,1,4675.0,4675.0,3472.17,1202.83
ORD001486,2025-09-23,North,Technology,Monitor,Customer 13687,2,50400.0,50400.0,39341.9,11058.1
ORD003138,2025-09-23,West,Technology,Laptop,Customer 19862,3,210000.0,210000.0,158997.49,51002.51
ORD000667,2025-09-23,South,Furniture,Chair,Customer 12506,1,13050.0,13050.0,9811.36,3238.64
ORD004957,2025-09-24,West,Technology,Monitor,Customer 18193,2,47600.0,47600.0,39482.92,8117.08
ORD001099,2025-09-24,West,Office Supplies,Printer,Customer 15794,3,90000.0,90000.0,73975.41,16024.59
ORD004233,2025-09-25,West,Technology,Laptop,Customer 17993,1,56000.0,56000.0,52835.48,3164.52
ORD000827,2025-09-25,North,Furniture,Desk,Customer 13108,6,132600.0,132600.0,99855.77,32744.23
ORD000298,2025-09-25,South,Furniture,Desk,Customer 19098,2,52000.0,52000.0,34353.14,17646.86
ORD000241,2025-09-26,West,Office Supplies,Printer,Customer 18641,1,25500.0,25500.0,26272.3,-772.3
ORD001627,2025-09-26,West,Furniture,Desk,Customer 10555,2,49400.0,49400.0,35432.86,13967.14
ORD002448,2025-09-26,West,Furniture,Chair,Customer 13644,6,87000.0,87000.0,57808.59,29191.41
ORD000206,2025-09-26,South,Technology,Monitor,Customer 18602,2,56000.0,56000.0,40176.64,15823.36
ORD004774,2025-09-26,West,Furniture,Desk,Customer 16511,2,49400.0,49400.0,34306.33,15093.67
ORD002607,2025-09-26,East,Technology,Laptop,Customer 17126,10,665000.0,665000.0,555701.3,109298.7
ORD002590,2025-09-26,South,Technology,Mouse,Customer 14057,1,1980.0,1980.0,1040.3,939.7
ORD000143,2025-09-27,West,Furniture,Chair,Customer 17311,2,27550.0,27550.0,20020.29,7529.71
ORD000831,2025-09-28,East,Furniture,Desk,Customer 17740,1,26000.0,26000.0,17966.88,8033.12
ORD002937,2025-09-28,West,Technology,Mouse,Customer 10176,4,7040.0,7040.0,4409.55,2630.45
ORD003107,2025-09-29,North,Furniture,Chair,Customer 17043,5,72500.0,72500.0,45613.96,26886.04
ORD003615,2025-09-29,West,Furniture,Desk,Customer 15268,2,49400.0,49400.0,35987.32,13412.68
ORD001380,2025-09-29,South,Furniture,Chair,Customer 18013,1,13050.0,13050.0,10048.68,3001.32
ORD002567,2025-09-29,West,Technology,Laptop,Customer 16555,1,70000.0,70000.0,54957.29,15042.71
ORD002920,2025-09-30,North,Furniture,Chair,Customer 12371,1,13775.0,13775.0,9413.08,4361.92
ORD000626,2025-09-30,West,Technology,Mouse,Customer 19398,2,3960.0,3960.0,2127.05,1832.95
ORD002983,2025-09-30,South,Furniture,Chair,Customer 19811,3,34800.0,34800.0,30245.83,4554.17
ORD001834,2025-10-01,North,Technology,Monitor,Customer 19359,4,112000.0,112000.0,80714.62,31285.38
ORD000511,2025-10-02,East,Furniture,Desk,Customer 13375,4,88400.0,88400.0,70030.06,18369.94
ORD003155,2025-10-03,South,Technology,Laptop,Customer 11893,3,189000.0,189000.0,162688.93,26311.07
ORD003903,2025-10-03,South,Furniture,Desk,Customer 10003,2,52000.0,52000.0,34208.46,17791.54
ORD000168,2025-10-03,South,Technology,Monitor,Customer 15997,4,106400.0,106400.0,79485.46,26914.54
ORD001425,2025-10-03,South,Technology,Laptop,Customer 14269,4,252000.0,252000.0,216819.94,35180.06
ORD003469,2025-10-03,North,Technology,Laptop,Customer 17459,3,199500.0,199500.0,172027.95,27472.05
ORD000852,2025-10-04,South,Furniture,Chair,Customer 12195,10,137750.0,137750.0,98530.88,39219.12
ORD004984,2025-10-04,North,Technology,Laptop,Customer 12130,3,199500.0,199500.0,166127.12,33372.88
ORD000359,2025-10-04,South,Technology,Laptop,Customer 14482,1,66500.0,66500.0,55468.6,11031.4
ORD000283,2025-10-04,West,Furniture,Chair,Customer 14739,10,137750.0,137750.0,95327.85,42422.15
ORD004444,2025-10-05,South,Office Supplies,Printer,Customer 19003,3,81000.0,81000.0,73231.21,7768.79
ORD002113,2025-10-05,West,Technology,Monitor,Customer 13139,5,126000.0,126000.0,106859.64,19140.36
ORD001145,2025-10-05,West,Furniture,Desk,Customer 13703,4,88400.0,88400.0,69175.87,19224.13
ORD001370,2025-10-05,South,Office Supplies,Printer,Customer 17312,8,204000.0,204000.0,205073.32,-1073.32
ORD004125,2025-10-05,North,Technology,Laptop,Customer 14946,6,420000.0,420000.0,339773.75,80226.25
ORD000672,2025-10-05,South,Technology,Laptop,Customer 12415,6,399000.0,399000.0,326904.98,72095.02
ORD004082,2025-10-06,West,Technology,Keyboard,Customer 19008,2,11000.0,11000.0,7114.59,3885.41
ORD004188,2025-10-06,West,Furniture,Chair,Customer 10270,2,26100.0,26100.0,20745.56,5354.44
ORD004353,2025-10-06,North,Technology,Keyboard,Customer 17001,5,23375.0,23375.0,16603.97,6771.03
ORD000829,2025-10-06,North,Technology,Laptop,Customer 15955,5,315000.0,315000.0,261171.79,53828.21
ORD004438,2025-10-07,East,Technology,Monitor,Customer 17238,2,50400.0,50400.0,40431.52,9968.48
ORD003889,2025-10-07,West,Technology,Laptop,Customer 10720,2,140000.0,140000.0,110554.42,29445.58
ORD001482,2025-10-07,North,Technology,Monitor,Customer 11384,1,26600.0,26600.0,20626.43,5973.57
ORD003664,2025-10-07,West,Furniture,Desk,Customer 16058,4,98800.0,98800.0,68838.4,29961.6
ORD001041,2025-10-07,East,Technology,Mouse,Customer 12102,1,2200.0,2200.0,990.0,1210.0
ORD004715,2025-10-07,East,Technology,Mouse,Customer 14721,1,1870.0,1870.0,1039.79,830.21
ORD004552,2025-10-08,South,Technology,Keyboard,Customer 14704,1,5500.0,5500.0,3170.59,2329.41
ORD003479,2025-10-08,West,Furniture,Chair,Customer 11125,2,27550.0,27550.0,19594.49,7955.51
ORD004793,2025-10-08,West,Office Supplies,Printer,Customer 10477,8,228000.0,228000.0,190115.24,37884.76
ORD001873,2025-10-08,South,Technology,Monitor,Customer 15516,5,133000.0,133000.0,102836.15,30163.85
ORD002668,2025-10-08,North,Technology,Mouse,Customer 10630,1,2090.0,2090.0,990.0,1100.0
ORD001560,2025-10-08,South,Technology,Mouse,Customer 13423,1,1980.0,1980.0,1039.66,940.34
ORD000489,2025-10-08,South,Furniture,Chair,Customer 12836,1,12325.0,12325.0,9268.66,3056.34
ORD000020,2025-10-08,East,Technology,Laptop,Customer 14321,5,315000.0,315000.0,268366.94,46633.06
ORD001031,2025-10-09,East,Technology,Keyboard,Customer 15334,3,16500.0,16500.0,10375.92,6124.08
ORD002433,2025-10-09,South,Technology,Keyboard,Customer 17904,1,4950.0,4950.0,3238.47,1711.53
ORD004428,2025-10-09,East,Technology,Laptop,Customer 18931,2,126000.0,126000.0,108243.21,17756.79
ORD000691,2025-10-09,South,Furniture,Chair,Customer 15238,1,13775.0,13775.0,9342.2,4432.8
ORD004557,2025-10-09,South,Technology,Monitor,Customer 16734,1,25200.0,25200.0,20177.77,5022.23
ORD002673,2025-10-09,South,Technology,Laptop,Customer 18414,4,238000.0,238000.0,220591.64,17408.36
ORD001258,2025-10-09,East,Furniture,Chair,Customer 12993,5,65250.0,65250.0,48286.67,16963.33
ORD002273,2025-10-09,South,Technology,Monitor,Customer 13470,1,26600.0,26600.0,20538.36,6061.64
ORD000373,2025-10-09,North,Technology,Monitor,Customer 13859,1,26600.0,26600.0,20185.76,6414.24
ORD004094,2025-10-10,South,Office Supplies,Printer,Customer 10447,2,60000.0,60000.0,46758.65,13241.35
ORD004065,2025-10-11,South,Technology,Mouse,Customer 10961,8,17600.0,17600.0,8125.46,9474.54
ORD004106,2025-10-11,South,Technology,Mouse,Customer 10086,2,4180.0,4180.0,1980.0,2200.0
ORD001574,2025-10-11,North,Technology,Keyboard,Customer 10822,8,37400.0,37400.0,26218.89,11181.11
ORD001945,2025-10-11,East,Technology,Mouse,Customer 14536,2,4400.0,4400.0,2043.15,2356.85
ORD001992,2025-10-12,North,Technology,Monitor,Customer 19554,6,151200.0,151200.0,115251.04,35948.96
ORD002201,2025-10-12,South,Technology,Keyboard,Customer 11984,1,5500.0,5500.0,3259.19,2240.81
ORD002564,2025-10-12,West,Technology,Monitor,Customer 12099,2,50400.0,50400.0,40292.0,10108.0
ORD001784,2025-10-12,West,Office Supplies,Printer,Customer 19298,2,51000.0,51000.0,50424.56,575.44
ORD004087,2025-10-12,North,Technology,Keyboard,Customer 16079,2,11000.0,11000.0,6177.31,4822.69
ORD001449,2025-10-12,East,Furniture,Desk,Customer 11702,3,78000.0,78000.0,51916.81,26083.19
ORD003185,2025-10-12,East,Technology,Keyboard,Customer 11373,5,23375.0,23375.0,17789.34,5585.66
ORD004384,2025-10-12,East,Technology,Mouse,Customer 15799,5,9900.0,9900.0,4950.0,4950.0
ORD003449,2025-10-12,East,Furniture,Desk,Customer 14698,3,70200.0,70200.0,50329.2,19870.8
ORD004047,2025-10-13,East,Technology,Keyboard,Customer 14802,2,11000.0,11000.0,6697.86,4302.14
ORD001952,2025-10-13,North,Furniture,Chair,Customer 10119,1,13050.0,13050.0,9547.12,3502.88
ORD003951,2025-10-13,South,Technology,Mouse,Customer 17989,2,4180.0,4180.0,2171.97,2008.03
ORD004517,2025-10-14,South,Technology,Keyboard,Customer 14203,5,26125.0,26125.0,17209.99,8915.01
ORD004590,2025-10-14,South,Office Supplies,Printer,Customer 15574,3,85500.0,85500.0,74294.09,11205.91
ORD003463,2025-10-14,South,Technology,Laptop,Customer 10140,1,70000.0,70000.0,56237.62,13762.38
ORD004210,2025-10-14,North,Technology,Mouse,Customer 14517,3,6600.0,6600.0,3298.48,3301.52
ORD004318,2025-10-15,South,Furniture,Chair,Customer 17635,1,13775.0,13775.0,9834.1,3940.9
ORD004808,2025-10-15,South,Technology,Laptop,Customer 15292,5,332500.0,332500.0,272613.45,59886.55
ORD001987,2025-10-15,North,Technology,Laptop,Customer 15171,2,140000.0,140000.0,109971.24,30028.76
ORD003100,2025-10-15,North,Furniture,Chair,Customer 19036,3,43500.0,43500.0,28910.28,14589.72
ORD000265,2025-10-15,North,Furniture,Chair,Customer 11920,2,24650.0,24650.0,18684.43,5965.57
ORD002902,2025-10-16,West,Technology,Laptop,Customer 17496,3,210000.0,210000.0,161016.19,48983.81
ORD000908,2025-10-16,East,Furniture,Desk,Customer 10967,5,130000.0,130000.0,88794.03,41205.97
ORD004035,2025-10-16,West,Technology,Monitor,Customer 17350,6,142800.0,142800.0,117487.14,25312.86
ORD002258,2025-10-16,South,Technology,Monitor,Customer 19690,1,25200.0,25200.0,20097.46,5102.54
ORD004881,2025-10-17,North,Furniture,Desk,Customer 12296,8,176800.0,176800.0,139635.77,37164.23
ORD002580,2025-10-17,East,Technology,Keyboard,Customer 13778,4,19800.0,19800.0,14053.37,5746.63
ORD001771,2025-10-18,West,Technology,Mouse,Customer 14988,4,8800.0,8800.0,4076.38,4723.62
ORD004657,2025-10-18,North,Technology,Laptop,Customer 10359,2,119000.0,119000.0,109689.83,9310.17
ORD001607,2025-10-18,South,Technology,Laptop,Customer 10581,2,140000.0,140000.0,103422.17,36577.83
ORD001939,2025-10-18,West,Technology,Monitor,Customer 12027,1,25200.0,25200.0,20547.7,4652.3
ORD000534,2025-10-18,West,Technology,Keyboard,Customer 11465,4,19800.0,19800.0,14724.71,5075.29
ORD002421,2025-10-19,West,Furniture,Desk,Customer 19266,2,46800.0,46800.0,34524.84,12275.16
ORD002450,2025-10-19,West,Technology,Keyboard,Customer 12046,3,14850.0,14850.0,11081.21,3768.79
ORD000847,2025-10-19,East,Furniture,Chair,Customer 10228,5,65250.0,65250.0,48913.18,16336.82
ORD003761,2025-10-19,South,Technology,Laptop,Customer 17140,2,133000.0,133000.0,113225.84,19774.16
ORD004992,2025-10-19,North,Technology,Laptop,Customer 13534,2,119000.0,119000.0,107766.65,11233.35
ORD000089,2025-10-19,South,Furniture,Desk,Customer 12091,2,46800.0,46800.0,35248.07,11551.93
ORD000618,2025-10-20,South,Furniture,Chair,Customer 18510,2,26100.0,26100.0,19015.7,7084.3
ORD001446,2025-10-20,West,Furniture,Desk,Customer 15068,2,46800.0,46800.0,35364.27,11435.73
ORD001623,2025-10-20,North,Office Supplies,Printer,Customer 19029,1,28500.0,28500.0,23658.94,4841.06
ORD000791,2025-10-20,East,Technology,Mouse,Customer 12725,6,12540.0,12540.0,6083.52,6456.48
ORD002388,2025-10-20,South,Technology,Keyboard,Customer 14215,2,11000.0,11000.0,6598.2,4401.8
ORD004637,2025-10-20,North,Technology,Monitor,Customer 11625,2,53200.0,53200.0,39975.76,13224.24
ORD002857,2025-10-21,West,Technology,Mouse,Customer 13186,8,17600.0,17600.0,8475.79,9124.21
ORD000569,2025-10-21,West,Office Supplies,Printer,Customer 10864,2,60000.0,60000.0,50008.96,9991.04
ORD002841,2025-10-21,South,Technology,Keyboard,Customer 13478,1,4400.0,4400.0,3500.93,899.07
ORD003793,2025-10-21,South,Technology,Keyboard,Customer 14155,2,10450.0,10450.0,6436.34,4013.66
ORD002502,2025-10-21,East,Office Supplies,Printer,Customer 17156,3,81000.0,81000.0,69862.65,11137.35
ORD002557,2025-10-21,West,Technology,Laptop,Customer 17174,2,140000.0,140000.0,113390.6,26609.4
ORD000426,2025-10-21,South,Office Supplies,Printer,Customer 16039,3,81000.0,81000.0,74607.29,6392.71
ORD000349,2025-10-22,North,Technology,Laptop,Customer 17471,2,140000.0,140000.0,119201.03,20798.97
ORD003777,2025-10-23,South,Technology,Monitor,Customer 15284,3,79800.0,79800.0,60471.74,19328.26
ORD001885,2025-10-23,North,Technology,Mouse,Customer 19233,6,12540.0,12540.0,6341.9,6198.1
ORD002165,2025-10-23,North,Furniture,Chair,Customer 19779,4,52200.0,52200.0,40141.48,12058.52
ORD000720,2025-10-23,North,Furniture,Chair,Customer 10704,1,13775.0,13775.0,10015.63,3759.37
ORD002640,2025-10-23,South,Technology,Laptop,Customer 16337,2,133000.0,133000.0,114347.61,18652.39
ORD001504,2025-10-23,East,Office Supplies,Printer,Customer 16639,2,60000.0,60000.0,49891.58,10108.42
ORD004255,2025-10-24,South,Furniture,Desk,Customer 18628,1,23400.0,23400.0,17402.82,5997.18
ORD000740,2025-10-24,East,Office Supplies,Printer,Customer 11490,3,85500.0,85500.0,71217.22,14282.78
ORD001828,2025-10-24,West,Technology,Laptop,Customer 19651,4,266000.0,266000.0,222278.25,43721.75
ORD000718,2025-10-24,North,Technology,Keyboard,Customer 10590,5,26125.0,26125.0,19298.83,6826.17
ORD003598,2025-10-25,West,Furniture,Desk,Customer 12774,1,26000.0,26000.0,18728.75,7271.25
ORD001333,2025-10-25,West,Furniture,Chair,Customer 17152,2,24650.0,24650.0,20042.76,4607.24
ORD001827,2025-10-25,South,Office Supplies,Printer,Customer 15168,2,48000.0,48000.0,47767.61,232.39
ORD000069,2025-10-25,North,Furniture,Chair,Customer 18970,3,39150.0,39150.0,29536.64,9613.36
ORD004184,2025-10-25,South,Furniture,Chair,Customer 11435,4,52200.0,52200.0,40623.12,11576.88
ORD003957,2025-10-25,West,Technology,Mouse,Customer 15168,1,1980.0,1980.0,1021.66,958.34
ORD004081,2025-10-25,North,Furniture,Desk,Customer 10585,2,41600.0,41600.0,34904.88,6695.12
ORD000318,2025-10-25,North,Technology,Laptop,Customer 11501,1,59500.0,59500.0,53951.14,5548.86
ORD003391,2025-10-25,South,Technology,Monitor,Customer 13845,6,151200.0,151200.0,119495.88,31704.12
ORD001290,2025-10-25,North,Technology,Keyboard,Customer 15406,8,39600.0,39600.0,28297.83,11302.17
ORD001352,2025-10-26,East,Furniture,Chair,Customer 13915,1,14500.0,14500.0,9231.39,5268.61
ORD001697,2025-10-26,West,Furniture,Desk,Customer 12494,2,52000.0,52000.0,35589.16,16410.84
ORD004675,2025-10-26,North,Furniture,Chair,Customer 11566,1,12325.0,12325.0,9381.58,2943.42
ORD002896,2025-10-26,South,Technology,Keyboard,Customer 10606,2,11000.0,11000.0,6664.82,4335.18
ORD004316,2025-10-26,North,Technology,Mouse,Customer 14811,1,1980.0,1980.0,1110.78,869.22
ORD004835,2025-10-26,South,Furniture,Chair,Customer 12049,1,12325.0,12325.0,9513.5,2811.5
ORD004361,2025-10-26,North,Technology,Keyboard,Customer 18364,10,46750.0,46750.0,34158.34,12591.66
ORD004391,2025-10-26,South,Technology,Monitor,Customer 18623,8,201600.0,201600.0,154418.79,47181.21
ORD001957,2025-10-27,South,Office Supplies,Printer,Customer 11666,4,114000.0,114000.0,102171.84,11828.16
ORD004941,2025-10-27,North,Technology,Mouse,Customer 19812,1,2200.0,2200.0,1166.65,1033.35
ORD002539,2025-10-27,North,Furniture,Chair,Customer 12468,1,14500.0,14500.0,9390.85,5109.15
ORD004463,2025-10-27,South,Technology,Laptop,Customer 17979,1,70000.0,70000.0,54257.82,15742.18
ORD002765,2025-10-28,East,Technology,Keyboard,Customer 15110,1,4400.0,4400.0,3582.05,817.95
ORD004508,2025-10-28,West,Furniture,Desk,Customer 18719,2,49400.0,49400.0,32505.32,16894.68
ORD003701,2025-10-28,North,Furniture,Chair,Customer 18369,6,87000.0,87000.0,56102.64,30897.36
ORD001920,2025-10-28,North,Technology,Keyboard,Customer 13342,6,28050.0,28050.0,19998.96,8051.04
ORD001026,2025-10-29,East,Technology,Laptop,Customer 11985,3,178500.0,178500.0,166654.99,11845.01
ORD003464,2025-10-29,East,Furniture,Chair,Customer 12294,2,29000.0,29000.0,18229.56,10770.44
ORD001322,2025-10-29,West,Furniture,Chair,Customer 13984,8,98600.0,98600.0,78291.1,20308.9
ORD003403,2025-10-30,South,Technology,Laptop,Customer 11602,10,630000.0,630000.0,592918.76,37081.24
ORD003762,2025-10-30,West,Furniture,Desk,Customer 15266,2,52000.0,52000.0,32234.12,19765.88
ORD004183,2025-10-30,North,Technology,Mouse,Customer 11399,2,3740.0,3740.0,2154.38,1585.62
ORD001808,2025-10-30,South,Technology,Laptop,Customer 14030,1,70000.0,70000.0,53505.35,16494.65
ORD003090,2025-10-30,South,Technology,Monitor,Customer 13969,5,140000.0,140000.0,96325.35,43674.65
ORD004759,2025-10-30,East,Furniture,Desk,Customer 11731,6,140400.0,140400.0,108857.09,31542.91
ORD003790,2025-10-30,North,Technology,Laptop,Customer 19043,2,112000.0,112000.0,110656.35,1343.65
ORD001294,2025-10-31,South,Furniture,Chair,Customer 17014,1,14500.0,14500.0,9689.38,4810.62
ORD002212,2025-10-31,South,Furniture,Chair,Customer 12604,1,14500.0,14500.0,9599.93,4900.07
ORD003927,2025-11-01,South,Technology,Mouse,Customer 16839,3,5280.0,5280.0,3478.76,1801.24
ORD001655,2025-11-01,West,Furniture,Chair,Customer 10120,1,14500.0,14500.0,9731.31,4768.69
ORD000491,2025-11-01,North,Technology,Laptop,Customer 11571,6,399000.0,399000.0,319015.64,79984.36
ORD002453,2025-11-01,West,Furniture,Chair,Customer 15773,1,13775.0,13775.0,8797.85,4977.15
ORD004007,2025-11-01,South,Technology,Monitor,Customer 18318,6,151200.0,151200.0,128260.84,22939.16
ORD003236,2025-11-01,West,Furniture,Chair,Customer 19815,6,87000.0,87000.0,59187.01,27812.99
ORD000442,2025-11-02,South,Technology,Mouse,Customer 13966,1,2200.0,2200.0,1133.62,1066.38
ORD000804,2025-11-03,South,Technology,Laptop,Customer 14291,6,399000.0,399000.0,330194.58,68805.42
ORD003028,2025-11-03,North,Furniture,Desk,Customer 12621,3,66300.0,66300.0,53942.51,12357.49
ORD002743,2025-11-03,West,Technology,Laptop,Customer 11555,1,70000.0,70000.0,53478.38,16521.62
ORD003366,2025-11-03,East,Furniture,Chair,Customer 10576,1,13775.0,13775.0,9245.67,4529.33
ORD003092,2025-11-03,West,Furniture,Desk,Customer 17960,1,22100.0,22100.0,17334.51,4765.49
ORD002304,2025-11-03,South,Technology,Keyboard,Customer 13521,4,22000.0,22000.0,14759.96,7240.04
ORD002825,2025-11-03,North,Office Supplies,Printer,Customer 11245,1,30000.0,30000.0,24261.69,5738.31
ORD000209,2025-11-04,West,Technology,Laptop,Customer 15261,5,315000.0,315000.0,284292.43,30707.57
ORD003721,2025-11-04,South,Furniture,Chair,Customer 16062,1,14500.0,14500.0,9467.27,5032.73
ORD003520,2025-11-04,East,Technology,Mouse,Customer 10656,1,1980.0,1980.0,990.0,990.0
ORD004966,2025-11-04,South,Technology,Monitor,Customer 15619,1,25200.0,25200.0,20631.57,4568.43
ORD002219,2025-11-04,East,Office Supplies,Printer,Customer 10362,3,90000.0,90000.0,73305.4,16694.6
ORD001267,2025-11-05,North,Technology,Laptop,Customer 18198,2,133000.0,133000.0,106403.0,26597.0
ORD003783,2025-11-05,North,Technology,Mouse,Customer 12391,6,13200.0,13200.0,6652.83,6547.17
ORD001762,2025-11-05,North,Furniture,Chair,Customer 12372,3,41325.0,41325.0,27233.51,14091.49
ORD002106,2025-11-05,West,Technology,Monitor,Customer 15125,3,71400.0,71400.0,61756.83,9643.17
ORD004613,2025-11-05,South,Office Supplies,Printer,Customer 11789,1,27000.0,27000.0,24772.98,2227.02
ORD004273,2025-11-05,North,Furniture,Chair,Customer 10101,3,41325.0,41325.0,29759.35,11565.65
ORD002009,2025-11-05,North,Technology,Monitor,Customer 17343,1,26600.0,26600.0,20491.82,6108.18
ORD000374,2025-11-05,West,Technology,Monitor,Customer 15339,3,79800.0,79800.0,58771.88,21028.12
ORD003881,2025-11-06,West,Furniture,Desk,Customer 10064,3,66300.0,66300.0,51907.14,14392.86
ORD002497,2025-11-06,East,Technology,Mouse,Customer 13386,3,5610.0,5610.0,3222.07,2387.93
ORD003824,2025-11-06,South,Furniture,Chair,Customer 12220,3,43500.0,43500.0,27737.85,15762.15
ORD002234,2025-11-06,East,Technology,Mouse,Customer 12657,1,2090.0,2090.0,1109.93,980.07
ORD004290,2025-11-06,West,Technology,Mouse,Customer 17475,2,4180.0,4180.0,2119.1,2060.9
ORD000322,2025-11-07,North,Furniture,Desk,Customer 12456,1,24700.0,24700.0,16941.0,7759.0
ORD001074,2025-11-07,South,Furniture,Desk,Customer 17573,2,52000.0,52000.0,37892.95,14107.05
ORD002763,2025-11-07,West,Technology,Monitor,Customer 17847,5,112000.0,112000.0,102015.61,9984.39
ORD004765,2025-11-07,North,Office Supplies,Printer,Customer 11270,2,51000.0,51000.0,47304.52,3695.48
ORD003733,2025-11-07,East,Furniture,Desk,Customer 17738,4,93600.0,93600.0,70617.89,22982.11
ORD002904,2025-11-07,North,Furniture,Desk,Customer 19629,1,26000.0,26000.0,18343.25,7656.75
ORD002755,2025-11-07,East,Furniture,Desk,Customer 11126,2,52000.0,52000.0,35302.27,16697.73
ORD001513,2025-11-07,East,Furniture,Chair,Customer 12572,2,24650.0,24650.0,19909.82,4740.18
ORD003728,2025-11-07,West,Technology,Laptop,Customer 15189,10,630000.0,630000.0,550063.82,79936.18
ORD004204,2025-11-08,South,Furniture,Chair,Customer 16533,4,58000.0,58000.0,41318.46,16681.54
ORD004883,2025-11-08,East,Technology,Mouse,Customer 17943,2,3960.0,3960.0,2120.74,1839.26
ORD004750,2025-11-08,North,Office Supplies,Printer,Customer 18446,2,54000.0,54000.0,46460.99,7539.01
ORD002511,2025-11-08,West,Technology,Monitor,Customer 10586,1,26600.0,26600.0,19788.11,6811.89
ORD002132,2025-11-08,West,Technology,Keyboard,Customer 17107,5,27500.0,27500.0,18445.87,9054.13
ORD002389,2025-11-08,North,Furniture,Chair,Customer 11323,4,58000.0,58000.0,38812.77,19187.23
ORD002512,2025-11-08,West,Technology,Mouse,Customer 12498,3,5940.0,5940.0,2991.48,2948.52
ORD000850,2025-11-09,South,Office Supplies,Printer,Customer 16226,4,120000.0,120000.0,98549.22,21450.78
ORD004845,2025-11-09,East,Technology,Mouse,Customer 16044,1,1980.0,1980.0,1019.38,960.62
ORD001713,2025-11-09,North,Technology,Keyboard,Customer 15556,6,31350.0,31350.0,20044.85,11305.15
ORD001732,2025-11-09,North,Furniture,Chair,Customer 18478,3,41325.0,41325.0,28107.52,13217.48
ORD003637,2025-11-09,South,Office Supplies,Printer,Customer 10514,2,51000.0,51000.0,49042.81,1957.19
ORD004024,2025-11-09,East,Furniture,Chair,Customer 14470,1,14500.0,14500.0,10075.18,4424.82
ORD001138,2025-11-09,East,Technology,Keyboard,Customer 10435,3,15675.0,15675.0,10110.65,5564.35
ORD002285,2025-11-10,West,Office Supplies,Printer,Customer 13516,3,85500.0,85500.0,76382.93,9117.07
ORD000528,2025-11-10,South,Office Supplies,Printer,Customer 10044,1,25500.0,25500.0,25389.48,110.52
ORD003490,2025-11-10,West,Technology,Keyboard,Customer 17438,4,20900.0,20900.0,13806.9,7093.1
ORD004482,2025-11-10,North,Furniture,Chair,Customer 17383,1,12325.0,12325.0,9405.25,2919.75
ORD004402,2025-11-11,North,Technology,Keyboard,Customer 18629,2,9350.0,9350.0,6733.83,2616.17
ORD004784,2025-11-11,South,Technology,Laptop,Customer 15697,1,70000.0,70000.0,53408.31,16591.69
ORD001646,2025-11-11,West,Technology,Laptop,Customer 10336,1,56000.0,56000.0,55296.73,703.27
ORD004654,2025-11-12,North,Furniture,Chair,Customer 19293,2,29000.0,29000.0,18088.38,10911.62
ORD004576,2025-11-12,East,Technology,Monitor,Customer 16323,3,75600.0,75600.0,61992.9,13607.1
ORD002948,2025-11-12,West,Technology,Keyboard,Customer 15503,2,9900.0,9900.0,6741.6,3158.4
ORD001247,2025-11-12,North,Furniture,Desk,Customer 11109,4,98800.0,98800.0,72166.22,26633.78
ORD004399,2025-11-13,East,Furniture,Chair,Customer 17408,4,49300.0,49300.0,37186.23,12113.77
ORD003568,2025-11-13,South,Technology,Monitor,Customer 15224,3,79800.0,79800.0,62924.74,16875.26
ORD004195,2025-11-13,West,Furniture,Desk,Customer 12998,4,93600.0,93600.0,76206.62,17393.38
ORD003140,2025-11-13,North,Furniture,Chair,Customer 11891,1,12325.0,12325.0,9898.95,2426.05
ORD002882,2025-11-14,South,Technology,Laptop,Customer 12756,6,420000.0,420000.0,319312.84,100687.16
ORD000418,2025-11-14,West,Technology,Mouse,Customer 12328,2,4400.0,4400.0,1980.0,2420.0
ORD003253,2025-11-14,West,Furniture,Chair,Customer 15669,10,130500.0,130500.0,97106.54,33393.46
ORD001838,2025-11-15,East,Technology,Monitor,Customer 11935,4,100800.0,100800.0,82097.18,18702.82
ORD004720,2025-11-15,North,Technology,Laptop,Customer 12096,3,178500.0,178500.0,157114.88,21385.12
ORD004668,2025-11-15,South,Technology,Mouse,Customer 17144,1,2200.0,2200.0,990.0,1210.0
ORD003514,2025-11-15,North,Technology,Mouse,Customer 18873,2,3740.0,3740.0,2150.18,1589.82
ORD004964,2025-11-15,East,Technology,Monitor,Customer 17719,2,50400.0,50400.0,41052.71,9347.29
ORD002202,2025-11-16,East,Office Supplies,Printer,Customer 13010,2,57000.0,57000.0,48497.77,8502.23
ORD001474,2025-11-16,South,Furniture,Desk,Customer 17520,1,23400.0,23400.0,18587.84,4812.16
ORD002862,2025-11-16,North,Technology,Laptop,Customer 10820,3,178500.0,178500.0,168675.51,9824.49
ORD003819,2025-11-16,North,Furniture,Desk,Customer 12208,2,46800.0,46800.0,35574.31,11225.69
ORD003787,2025-11-16,South,Furniture,Chair,Customer 17289,2,29000.0,29000.0,18265.93,10734.07
ORD000970,2025-11-16,North,Technology,Monitor,Customer 19413,3,79800.0,79800.0,60830.14,18969.86
ORD004240,2025-11-16,South,Technology,Keyboard,Customer 17912,2,9350.0,9350.0,6510.01,2839.99
ORD002292,2025-11-17,East,Technology,Monitor,Customer 17031,3,67200.0,67200.0,62463.27,4736.73
ORD001008,2025-11-17,South,Technology,Laptop,Customer 16258,1,59500.0,59500.0,54172.79,5327.21
ORD001478,2025-11-17,North,Office Supplies,Printer,Customer 15353,2,57000.0,57000.0,48875.97,8124.03
ORD000179,2025-11-17,East,Furniture,Chair,Customer 14898,5,68875.0,68875.0,49615.18,19259.82
ORD004975,2025-11-17,South,Technology,Monitor,Customer 17147,2,56000.0,56000.0,40415.34,15584.66
ORD000755,2025-11-17,South,Furniture,Chair,Customer 19800,2,27550.0,27550.0,19381.53,8168.47
ORD004446,2025-11-17,South,Technology,Monitor,Customer 14060,1,28000.0,28000.0,19532.82,8467.18
ORD001705,2025-11-18,North,Furniture,Chair,Customer 19554,3,36975.0,36975.0,29855.33,7119.67
ORD002069,2025-11-18,North,Technology,Monitor,Customer 12161,1,25200.0,25200.0,19127.9,6072.1
ORD004567,2025-11-18,West,Furniture,Desk,Customer 16592,2,52000.0,52000.0,34849.28,17150.72
ORD001473,2025-11-19,East,Office Supplies,Printer,Customer 10478,1,28500.0,28500.0,25085.55,3414.45
ORD003980,2025-11-19,East,Furniture,Chair,Customer 12571,1,14500.0,14500.0,9279.67,5220.33
ORD001229,2025-11-19,North,Office Supplies,Printer,Customer 14615,5,150000.0,150000.0,123155.12,26844.88
ORD002451,2025-11-19,East,Technology,Laptop,Customer 12773,2,140000.0,140000.0,113145.85,26854.15
ORD002403,2025-11-20,West,Furniture,Chair,Customer 16747,1,13775.0,13775.0,9503.67,4271.33
ORD004658,2025-11-20,East,Office Supplies,Printer,Customer 15639,4,120000.0,120000.0,95505.69,24494.31
ORD001499,2025-11-20,East,Technology,Keyboard,Customer 13648,1,5500.0,5500.0,3393.83,2106.17
ORD003768,2025-11-21,West,Technology,Monitor,Customer 17407,2,56000.0,56000.0,40243.89,15756.11
ORD004386,2025-11-21,North,Furniture,Chair,Customer 10459,2,29000.0,29000.0,17741.35,11258.65
ORD003295,2025-11-21,West,Furniture,Chair,Customer 17501,1,14500.0,14500.0,10053.9,4446.1
ORD000887,2025-11-21,South,Technology,Monitor,Customer 15824,2,56000.0,56000.0,41995.1,14004.9
ORD003842,2025-11-21,North,Technology,Laptop,Customer 14352,2,126000.0,126000.0,108712.75,17287.25
ORD002738,2025-11-22,North,Furniture,Desk,Customer 11721,10,260000.0,260000.0,187207.91,72792.09
ORD004075,2025-11-23,West,Technology,Monitor,Customer 10734,4,95200.0,95200.0,81474.82,13725.18
ORD003332,2025-11-23,East,Furniture,Chair,Customer 10665,1,13050.0,13050.0,9748.18,3301.82
ORD003102,2025-11-23,East,Office Supplies,Printer,Customer 12784,2,57000.0,57000.0,49918.84,7081.16
ORD003118,2025-11-23,West,Furniture,Chair,Customer 16280,5,68875.0,68875.0,46243.87,22631.13
ORD001778,2025-11-23,North,Technology,Laptop,Customer 10348,3,210000.0,210000.0,165421.47,44578.53
ORD003276,2025-11-24,North,Technology,Monitor,Customer 12069,2,47600.0,47600.0,43270.25,4329.75
ORD003312,2025-11-24,East,Furniture,Chair,Customer 18679,1,14500.0,14500.0,9801.78,4698.22
ORD002066,2025-11-24,West,Technology,Monitor,Customer 15281,5,126000.0,126000.0,96937.54,29062.46
ORD000637,2025-11-24,North,Technology,Keyboard,Customer 16856,2,10450.0,10450.0,6620.1,3829.9
ORD002152,2025-11-24,South,Technology,Mouse,Customer 10620,1,2200.0,2200.0,1000.35,1199.65
ORD002834,2025-11-25,North,Technology,Keyboard,Customer 18255,3,16500.0,16500.0,10389.72,6110.28
ORD002766,2025-11-25,West,Technology,Laptop,Customer 15283,4,252000.0,252000.0,232525.1,19474.9
ORD000463,2025-11-25,West,Technology,Keyboard,Customer 15392,1,4950.0,4950.0,3329.51,1620.49
ORD000692,2025-11-25,South,Furniture,Chair,Customer 10195,2,26100.0,26100.0,17533.92,8566.08
ORD003589,2025-11-25,West,Technology,Laptop,Customer 14199,8,476000.0,476000.0,443049.56,32950.44
ORD004866,2025-11-25,West,Furniture,Chair,Customer 11576,3,43500.0,43500.0,27513.9,15986.1
ORD000702,2025-11-25,North,Technology,Keyboard,Customer 16032,1,5500.0,5500.0,3275.63,2224.37
ORD000346,2025-11-26,North,Technology,Monitor,Customer 16800,1,26600.0,26600.0,20675.79,5924.21
ORD001255,2025-11-26,South,Technology,Laptop,Customer 10182,10,595000.0,595000.0,532960.21,62039.79
ORD000244,2025-11-27,North,Technology,Keyboard,Customer 19366,1,4950.0,4950.0,3512.51,1437.49
ORD001712,2025-11-27,North,Technology,Monitor,Customer 12359,3,84000.0,84000.0,60332.82,23667.18
ORD003057,2025-11-27,West,Office Supplies,Printer,Customer 19370,2,54000.0,54000.0,50865.06,3134.94
ORD002071,2025-11-27,East,Furniture,Chair,Customer 15844,3,43500.0,43500.0,29585.09,13914.91
ORD001549,2025-11-27,East,Technology,Laptop,Customer 16302,1,59500.0,59500.0,56267.39,3232.61
ORD003359,2025-11-27,North,Furniture,Chair,Customer 11645,5,68875.0,68875.0,50190.19,18684.81
ORD003725,2025-11-27,North,Technology,Laptop,Customer 14444,6,378000.0,378000.0,318975.78,59024.22
ORD003509,2025-11-28,West,Furniture,Chair,Customer 14063,2,24650.0,24650.0,18813.18,5836.82
ORD002041,2025-11-28,South,Technology,Laptop,Customer 16685,2,119000.0,119000.0,105272.08,13727.92
ORD000616,2025-11-28,West,Technology,Keyboard,Customer 18676,3,15675.0,15675.0,9865.59,5809.41
ORD002759,2025-11-28,North,Office Supplies,Printer,Customer 15418,1,27000.0,27000.0,24375.04,2624.96
ORD004289,2025-11-28,South,Furniture,Desk,Customer 16758,2,52000.0,52000.0,34802.35,17197.65
ORD002010,2025-11-28,South,Office Supplies,Printer,Customer 10716,2,57000.0,57000.0,46784.95,10215.05
ORD002547,2025-11-28,West,Technology,Keyboard,Customer 15789,2,10450.0,10450.0,6900.53,3549.47
ORD002962,2025-11-28,West,Technology,Mouse,Customer 12261,2,3960.0,3960.0,2271.93,1688.07
ORD003553,2025-11-28,South,Technology,Mouse,Customer 19683,1,2200.0,2200.0,1068.77,1131.23
ORD001299,2025-11-28,East,Furniture,Desk,Customer 10699,2,44200.0,44200.0,35274.33,8925.67
ORD004598,2025-11-29,West,Furniture,Chair,Customer 13891,3,36975.0,36975.0,29160.6,7814.4
ORD002086,2025-11-29,South,Office Supplies,Printer,Customer 16074,6,162000.0,162000.0,155387.28,6612.72
ORD000139,2025-11-29,South,Office Supplies,Printer,Customer 19834,4,108000.0,108000.0,98003.31,9996.69
ORD000015,2025-11-29,South,Technology,Laptop,Customer 11613,1,63000.0,63000.0,55452.2,7547.8
ORD000664,2025-11-30,North,Technology,Monitor,Customer 13397,1,28000.0,28000.0,21872.42,6127.58
ORD004611,2025-11-30,West,Technology,Laptop,Customer 18583,1,70000.0,70000.0,52110.15,17889.85
ORD003336,2025-11-30,East,Technology,Keyboard,Customer 19330,1,4400.0,4400.0,3521.74,878.26
ORD002619,2025-11-30,West,Technology,Mouse,Customer 10128,2,4400.0,4400.0,1999.14,2400.86
ORD004893,2025-11-30,North,Office Supplies,Printer,Customer 12147,5,150000.0,150000.0,116383.85,33616.15
ORD000177,2025-11-30,South,Office Supplies,Printer,Customer 19761,1,27000.0,27000.0,25384.15,1615.85
ORD000690,2025-11-30,North,Technology,Monitor,Customer 15809,3,79800.0,79800.0,61978.27,17821.73
ORD002965,2025-12-01,South,Technology,Monitor,Customer 19057,4,100800.0,100800.0,80095.55,20704.45
ORD004716,2025-12-01,West,Technology,Monitor,Customer 12741,4,106400.0,106400.0,80039.1,26360.9
ORD003310,2025-12-01,South,Technology,Keyboard,Customer 10575,1,4950.0,4950.0,3295.05,1654.95
ORD001039,2025-12-02,West,Furniture,Chair,Customer 14533,1,14500.0,14500.0,9315.81,5184.19
ORD001571,2025-12-02,West,Technology,Laptop,Customer 15472,1,66500.0,66500.0,53338.43,13161.57
ORD000158,2025-12-02,South,Furniture,Chair,Customer 12484,6,82650.0,82650.0,58571.47,24078.53
ORD000886,2025-12-02,West,Technology,Laptop,Customer 16658,2,126000.0,126000.0,111790.78,14209.22
ORD003376,2025-12-02,West,Technology,Laptop,Customer 12453,2,126000.0,126000.0,108398.17,17601.83
ORD002676,2025-12-02,South,Office Supplies,Printer,Customer 13908,5,127500.0,127500.0,121373.29,6126.71
ORD002708,2025-12-02,East,Furniture,Desk,Customer 18042,3,74100.0,74100.0,51278.41,22821.59
ORD002991,2025-12-02,East,Furniture,Chair,Customer 15582,8,104400.0,104400.0,78389.5,26010.5
ORD000663,2025-12-02,South,Furniture,Chair,Customer 10807,10,116000.0,116000.0,96863.79,19136.21
ORD003596,2025-12-02,South,Technology,Laptop,Customer 12047,1,63000.0,63000.0,56552.5,6447.5
ORD002366,2025-12-03,South,Furniture,Chair,Customer 18418,1,13775.0,13775.0,9229.12,4545.88
ORD000019,2025-12-03,East,Technology,Laptop,Customer 13060,6,399000.0,399000.0,309463.14,89536.86
ORD003491,2025-12-03,East,Furniture,Desk,Customer 10898,1,23400.0,23400.0,17840.03,5559.97
ORD001520,2025-12-03,North,Technology,Mouse,Customer 13031,2,3960.0,3960.0,1980.0,1980.0
ORD002951,2025-12-03,West,Furniture,Chair,Customer 11835,2,29000.0,29000.0,18989.28,10010.72
ORD000926,2025-12-04,East,Technology,Laptop,Customer 17521,10,630000.0,630000.0,517960.19,112039.81
ORD002892,2025-12-04,North,Furniture,Chair,Customer 13159,2,29000.0,29000.0,20309.62,8690.38
ORD003880,2025-12-04,South,Technology,Keyboard,Customer 13459,3,15675.0,15675.0,9498.67,6176.33
ORD001096,2025-12-05,South,Technology,Monitor,Customer 11254,2,56000.0,56000.0,42590.69,13409.31
ORD004945,2025-12-05,West,Technology,Laptop,Customer 10886,4,266000.0,266000.0,212522.95,53477.05
ORD000093,2025-12-05,North,Technology,Monitor,Customer 14933,2,53200.0,53200.0,41926.94,11273.06
ORD001806,2025-12-05,South,Technology,Mouse,Customer 12917,5,10450.0,10450.0,5075.96,5374.04
ORD001793,2025-12-06,East,Technology,Monitor,Customer 13016,8,212800.0,212800.0,152600.42,60199.58
ORD003137,2025-12-06,North,Technology,Monitor,Customer 10506,5,133000.0,133000.0,96513.12,36486.88
ORD001622,2025-12-06,South,Furniture,Desk,Customer 12237,1,24700.0,24700.0,17410.23,7289.77
ORD003774,2025-12-06,South,Technology,Monitor,Customer 15269,1,28000.0,28000.0,19892.17,8107.83
ORD000727,2025-12-07,North,Technology,Mouse,Customer 18962,1,1980.0,1980.0,1077.65,902.35
ORD001775,2025-12-07,East,Furniture,Desk,Customer 11813,2,52000.0,52000.0,34693.88,17306.12
ORD001606,2025-12-07,North,Technology,Monitor,Customer 18632,1,28000.0,28000.0,21378.19,6621.81
ORD001537,2025-12-07,West,Furniture,Chair,Customer 17568,6,73950.0,73950.0,55820.4,18129.6
ORD003536,2025-12-07,West,Technology,Keyboard,Customer 12083,3,13200.0,13200.0,9570.61,3629.39
ORD003619,2025-12-07,South,Furniture,Desk,Customer 11162,1,26000.0,26000.0,18209.12,7790.88
ORD000156,2025-12-08,South,Technology,Monitor,Customer 11004,8,224000.0,224000.0,160017.58,63982.42
ORD001597,2025-12-08,East,Office Supplies,Printer,Customer 13217,4,96000.0,96000.0,104519.89,-8519.89
ORD003321,2025-12-08,North,Technology,Laptop,Customer 15038,2,119000.0,119000.0,113560.39,5439.61
ORD001358,2025-12-08,North,Technology,Laptop,Customer 16247,6,357000.0,357000.0,331102.82,25897.18
ORD000344,2025-12-08,South,Technology,Mouse,Customer 18595,10,22000.0,22000.0,10521.61,11478.39
ORD001492,2025-12-09,South,Furniture,Chair,Customer 18736,2,23200.0,23200.0,18886.45,4313.55
ORD002013,2025-12-09,West,Technology,Keyboard,Customer 14803,5,23375.0,23375.0,17210.62,6164.38
ORD003355,2025-12-09,West,Furniture,Chair,Customer 17217,4,55100.0,55100.0,36849.68,18250.32
ORD001228,2025-12-09,East,Technology,Mouse,Customer 10952,1,1980.0,1980.0,1114.44,865.56
ORD002123,2025-12-10,North,Technology,Mouse,Customer 18743,1,2200.0,2200.0,1059.16,1140.84
ORD002059,2025-12-10,West,Office Supplies,Printer,Customer 19150,3,81000.0,81000.0,74710.19,6289.81
ORD002222,2025-12-10,West,Technology,Monitor,Customer 17933,5,133000.0,133000.0,97127.59,35872.41
ORD003139,2025-12-10,South,Furniture,Desk,Customer 10217,1,24700.0,24700.0,18340.44,6359.56
ORD000594,2025-12-10,North,Technology,Keyboard,Customer 17453,2,9350.0,9350.0,6808.51,2541.49
ORD000061,2025-12-10,West,Technology,Laptop,Customer 14186,1,70000.0,70000.0,55244.62,14755.38
ORD000547,2025-12-10,South,Technology,Laptop,Customer 15790,2,133000.0,133000.0,104590.76,28409.24
ORD000817,2025-12-10,West,Office Supplies,Printer,Customer 12758,6,171000.0,171000.0,147713.68,23286.32
ORD002815,2025-12-11,West,Furniture,Chair,Customer 15986,4,55100.0,55100.0,38438.06,16661.94
ORD000798,2025-12-11,South,Technology,Mouse,Customer 15947,5,9900.0,9900.0,5226.37,4673.63
ORD003642,2025-12-11,West,Technology,Mouse,Customer 18262,2,4180.0,4180.0,2225.94,1954.06
ORD002189,2025-12-11,South,Technology,Laptop,Customer 11832,4,266000.0,266000.0,212360.4,53639.6
ORD003030,2025-12-11,South,Technology,Monitor,Customer 16059,4,100800.0,100800.0,81008.53,19791.47
ORD003943,2025-12-11,West,Office Supplies,Printer,Customer 12658,5,142500.0,142500.0,120690.29,21809.71
ORD001384,2025-12-11,North,Technology,Laptop,Customer 18076,1,59500.0,59500.0,54290.35,5209.65
ORD004036,2025-12-12,North,Technology,Keyboard,Customer 17970,3,14850.0,14850.0,9980.47,4869.53
ORD001141,2025-12-12,South,Office Supplies,Printer,Customer 19570,2,51000.0,51000.0,47712.67,3287.33
ORD000449,2025-12-12,East,Furniture,Chair,Customer 18123,4,55100.0,55100.0,38152.54,16947.46
ORD002536,2025-12-12,West,Technology,Laptop,Customer 11652,8,476000.0,476000.0,450307.11,25692.89
ORD001943,2025-12-12,West,Office Supplies,Printer,Customer 18427,1,30000.0,30000.0,23658.04,6341.96
ORD000915,2025-12-13,North,Technology,Mouse,Customer 13271,1,2090.0,2090.0,1076.86,1013.14
ORD003556,2025-12-13,North,Technology,Mouse,Customer 15771,1,1980.0,1980.0,1124.09,855.91
ORD003786,2025-12-13,East,Technology,Monitor,Customer 16373,2,47600.0,47600.0,39579.97,8020.03
ORD002702,2025-12-13,East,Furniture,Chair,Customer 17266,5,68875.0,68875.0,46108.72,22766.28
ORD004208,2025-12-13,North,Technology,Laptop,Customer 18231,1,56000.0,56000.0,52573.33,3426.67
ORD002299,2025-12-13,North,Technology,Monitor,Customer 13617,2,53200.0,53200.0,40208.12,12991.88
ORD004227,2025-12-13,North,Furniture,Chair,Customer 19320,1,13050.0,13050.0,9733.02,3316.98
ORD002393,2025-12-13,South,Furniture,Desk,Customer 15664,2,52000.0,52000.0,35814.29,16185.71
ORD000999,2025-12-14,West,Furniture,Desk,Customer 11330,8,166400.0,166400.0,139556.61,26843.39
ORD002894,2025-12-14,East,Technology,Keyboard,Customer 12396,1,4675.0,4675.0,3505.47,1169.53
ORD003280,2025-12-14,West,Furniture,Chair,Customer 13286,2,24650.0,24650.0,17462.7,7187.3
ORD000431,2025-12-15,North,Furniture,Desk,Customer 19133,6,140400.0,140400.0,110158.0,30242.0
ORD002563,2025-12-15,West,Technology,Monitor,Customer 14792,6,159600.0,159600.0,120266.5,39333.5
ORD004837,2025-12-15,South,Technology,Mouse,Customer 12751,2,3960.0,3960.0,2080.45,1879.55
ORD001898,2025-12-15,South,Furniture,Chair,Customer 10506,2,29000.0,29000.0,18910.56,10089.44
ORD000246,2025-12-15,North,Technology,Mouse,Customer 15929,2,4180.0,4180.0,2151.67,2028.33
ORD001020,2025-12-15,West,Office Supplies,Printer,Customer 19184,3,81000.0,81000.0,75744.1,5255.9
ORD001197,2025-12-15,South,Technology,Mouse,Customer 10269,1,1980.0,1980.0,1095.94,884.06
ORD004129,2025-12-15,North,Office Supplies,Printer,Customer 18910,4,114000.0,114000.0,95008.98,18991.02
ORD002377,2025-12-15,South,Office Supplies,Printer,Customer 16359,5,142500.0,142500.0,127790.6,14709.4
ORD001886,2025-12-15,North,Furniture,Desk,Customer 14341,3,66300.0,66300.0,55498.7,10801.3
ORD002753,2025-12-16,South,Furniture,Chair,Customer 17079,5,68875.0,68875.0,48079.42,20795.58
ORD004855,2025-12-16,West,Technology,Mouse,Customer 10833,1,1870.0,1870.0,1048.01,821.99
ORD002055,2025-12-16,West,Technology,Mouse,Customer 17508,2,4400.0,4400.0,2026.63,2373.37
ORD002177,2025-12-16,South,Technology,Mouse,Customer 11845,8,16720.0,16720.0,8483.02,8236.98
ORD000294,2025-12-16,West,Furniture,Chair,Customer 15802,1,14500.0,14500.0,9229.06,5270.94
ORD000391,2025-12-16,South,Technology,Laptop,Customer 12347,1,70000.0,70000.0,53042.46,16957.54
ORD000388,2025-12-17,East,Technology,Mouse,Customer 14284,2,3740.0,3740.0,2142.47,1597.53
ORD001687,2025-12-17,North,Technology,Monitor,Customer 16867,6,168000.0,168000.0,123349.61,44650.39
ORD004123,2025-12-17,South,Office Supplies,Printer,Customer 12468,1,25500.0,25500.0,25232.52,267.48
ORD004041,2025-12-17,North,Furniture,Chair,Customer 18932,10,145000.0,145000.0,95350.76,49649.24
ORD000897,2025-12-17,East,Technology,Laptop,Customer 11466,4,280000.0,280000.0,219263.17,60736.83
ORD002978,2025-12-17,West,Furniture,Chair,Customer 18804,2,27550.0,27550.0,17743.55,9806.45
ORD001266,2025-12-17,South,Technology,Laptop,Customer 16942,6,399000.0,399000.0,321562.29,77437.71
ORD000132,2025-12-17,North,Technology,Keyboard,Customer 13465,2,11000.0,11000.0,6913.72,4086.28
ORD000949,2025-12-17,North,Furniture,Chair,Customer 17634,10,145000.0,145000.0,93698.9,51301.1
ORD001618,2025-12-18,West,Technology,Keyboard,Customer 12447,4,20900.0,20900.0,13543.69,7356.31
ORD004071,2025-12-18,South,Furniture,Chair,Customer 15250,4,55100.0,55100.0,38259.92,16840.08
ORD001070,2025-12-18,East,Technology,Mouse,Customer 14720,1,1980.0,1980.0,993.01,986.99
ORD004324,2025-12-18,West,Furniture,Chair,Customer 10529,6,82650.0,82650.0,56052.44,26597.56
ORD004729,2025-12-18,South,Furniture,Desk,Customer 11714,2,46800.0,46800.0,36524.01,10275.99
ORD002594,2025-12-18,East,Technology,Mouse,Customer 19216,1,1870.0,1870.0,1058.04,811.96
ORD004578,2025-12-18,East,Technology,Mouse,Customer 12812,3,5610.0,5610.0,3138.32,2471.68
ORD000338,2025-12-19,West,Technology,Laptop,Customer 11003,2,133000.0,133000.0,106378.01,26621.99
ORD004176,2025-12-19,North,Technology,Monitor,Customer 10619,4,112000.0,112000.0,75403.79,36596.21
ORD004936,2025-12-19,East,Technology,Mouse,Customer 13138,1,2090.0,2090.0,1072.66,1017.34
ORD000268,2025-12-19,North,Technology,Monitor,Customer 18351,4,100800.0,100800.0,80603.77,20196.23
ORD000991,2025-12-19,West,Office Supplies,Printer,Customer 15354,5,142500.0,142500.0,119957.64,22542.36
ORD002169,2025-12-20,South,Technology,Laptop,Customer 15525,3,189000.0,189000.0,165540.02,23459.98
ORD003605,2025-12-20,West,Technology,Mouse,Customer 12848,2,3740.0,3740.0,2165.5,1574.5
ORD004874,2025-12-20,East,Furniture,Chair,Customer 15680,1,14500.0,14500.0,9401.37,5098.63
ORD001459,2025-12-20,North,Technology,Laptop,Customer 11279,2,140000.0,140000.0,108588.48,31411.52
ORD004058,2025-12-20,West,Technology,Mouse,Customer 19564,5,9350.0,9350.0,5382.44,3967.56
ORD002788,2025-12-20,North,Technology,Keyboard,Customer 14390,2,10450.0,10450.0,6620.59,3829.41
ORD001525,2025-12-20,North,Technology,Laptop,Customer 14990,3,210000.0,210000.0,160360.04,49639.96
ORD004583,2025-12-21,North,Technology,Keyboard,Customer 12613,4,22000.0,22000.0,12883.21,9116.79
ORD002007,2025-12-21,South,Technology,Keyboard,Customer 11461,1,4675.0,4675.0,3250.62,1424.38
ORD003170,2025-12-21,North,Technology,Laptop,Customer 10646,2,126000.0,126000.0,107340.0,18660.0
ORD000880,2025-12-21,East,Furniture,Chair,Customer 15540,1,14500.0,14500.0,10336.92,4163.08
ORD001613,2025-12-21,South,Furniture,Desk,Customer 19398,1,26000.0,26000.0,18286.72,7713.28
ORD003711,2025-12-21,West,Office Supplies,Printer,Customer 15109,2,54000.0,54000.0,50191.29,3808.71
ORD003013,2025-12-22,West,Furniture,Desk,Customer 17857,4,83200.0,83200.0,72800.21,10399.79
ORD004496,2025-12-22,South,Technology,Monitor,Customer 10625,2,53200.0,53200.0,38450.05,14749.95
ORD001236,2025-12-22,West,Technology,Laptop,Customer 10385,3,199500.0,199500.0,169851.06,29648.94
ORD004878,2025-12-22,East,Technology,Mouse,Customer 19225,6,12540.0,12540.0,6035.98,6504.02
ORD003923,2025-12-22,East,Furniture,Chair,Customer 12721,1,14500.0,14500.0,9600.83,4899.17
ORD001595,2025-12-22,West,Technology,Laptop,Customer 17325,3,189000.0,189000.0,160993.72,28006.28
ORD002489,2025-12-22,South,Furniture,Chair,Customer 18570,3,43500.0,43500.0,29599.78,13900.22
ORD003192,2025-12-23,East,Technology,Laptop,Customer 16231,3,210000.0,210000.0,165771.33,44228.67
ORD002971,2025-12-23,West,Technology,Monitor,Customer 16527,4,112000.0,112000.0,80830.2,31169.8
ORD003383,2025-12-23,West,Furniture,Desk,Customer 19353,1,22100.0,22100.0,19514.37,2585.63
ORD000977,2025-12-23,North,Technology,Mouse,Customer 18427,1,2200.0,2200.0,1077.35,1122.65
ORD003292,2025-12-24,South,Furniture,Desk,Customer 13238,8,197600.0,197600.0,141562.25,56037.75
ORD000647,2025-12-24,South,Technology,Mouse,Customer 13111,3,5610.0,5610.0,2970.0,2640.0
ORD001415,2025-12-24,South,Furniture,Desk,Customer 11122,1,26000.0,26000.0,18741.25,7258.75
ORD000582,2025-12-24,West,Technology,Laptop,Customer 14966,3,189000.0,189000.0,158663.19,30336.81
ORD000859,2025-12-24,North,Furniture,Desk,Customer 11744,3,66300.0,66300.0,53857.44,12442.56
ORD003894,2025-12-24,South,Furniture,Desk,Customer 19826,1,22100.0,22100.0,16908.77,5191.23
ORD003216,2025-12-24,North,Furniture,Desk,Customer 17371,1,22100.0,22100.0,17968.32,4131.68
ORD004209,2025-12-25,South,Technology,Laptop,Customer 19921,4,266000.0,266000.0,212516.41,53483.59
ORD001273,2025-12-25,East,Technology,Mouse,Customer 14973,5,11000.0,11000.0,5138.79,5861.21
ORD000862,2025-12-25,East,Furniture,Chair,Customer 11224,3,39150.0,39150.0,27973.77,11176.23
ORD004928,2025-12-25,South,Office Supplies,Printer,Customer 12484,4,114000.0,114000.0,100075.54,13924.46
ORD002728,2025-12-26,North,Furniture,Chair,Customer 19036,2,27550.0,27550.0,18751.88,8798.12
ORD003203,2025-12-26,North,Furniture,Chair,Customer 13117,5,61625.0,61625.0,51235.56,10389.44
ORD003963,2025-12-26,West,Technology,Keyboard,Customer 16204,5,23375.0,23375.0,17335.18,6039.82
ORD004852,2025-12-26,South,Furniture,Chair,Customer 19572,1,12325.0,12325.0,9337.68,2987.32
ORD001518,2025-12-26,North,Technology,Mouse,Customer 14616,10,20900.0,20900.0,10081.05,10818.95
ORD003739,2025-12-26,North,Furniture,Desk,Customer 10605,3,70200.0,70200.0,50953.49,19246.51
ORD001795,2025-12-27,East,Furniture,Chair,Customer 12821,1,14500.0,14500.0,9308.46,5191.54
ORD002634,2025-12-27,West,Furniture,Chair,Customer 16541,1,13050.0,13050.0,9376.08,3673.92
ORD004345,2025-12-27,West,Furniture,Chair,Customer 19527,4,55100.0,55100.0,38987.85,16112.15
ORD000513,2025-12-27,West,Furniture,Desk,Customer 15468,2,52000.0,52000.0,34539.75,17460.25
ORD002891,2025-12-27,West,Technology,Mouse,Customer 10236,3,5940.0,5940.0,3333.56,2606.44
ORD001735,2025-12-27,West,Furniture,Chair,Customer 12509,3,43500.0,43500.0,30856.36,12643.64
ORD000193,2025-12-28,North,Technology,Keyboard,Customer 18231,4,22000.0,22000.0,13491.41,8508.59
ORD004421,2025-12-28,North,Technology,Laptop,Customer 11852,1,70000.0,70000.0,54901.37,15098.63
ORD004335,2025-12-28,West,Office Supplies,Printer,Customer 19592,1,30000.0,30000.0,25441.49,4558.51
ORD003299,2025-12-28,North,Office Supplies,Printer,Customer 13035,1,27000.0,27000.0,23969.5,3030.5
ORD004142,2025-12-28,South,Technology,Laptop,Customer 17588,1,59500.0,59500.0,53649.67,5850.33
ORD000943,2025-12-28,South,Technology,Keyboard,Customer 15840,5,26125.0,26125.0,17282.03,8842.97
ORD004322,2025-12-28,North,Technology,Mouse,Customer 13736,2,3960.0,3960.0,2117.86,1842.14
ORD001546,2025-12-28,South,Technology,Monitor,Customer 15301,1,25200.0,25200.0,20741.94,4458.06
ORD001505,2025-12-29,South,Furniture,Desk,Customer 10306,1,22100.0,22100.0,18260.86,3839.14
ORD004940,2025-12-29,South,Furniture,Chair,Customer 18381,8,116000.0,116000.0,78245.14,37754.86
ORD003751,2025-12-29,East,Technology,Laptop,Customer 17793,6,399000.0,399000.0,325551.34,73448.66
ORD002130,2025-12-29,West,Technology,Monitor,Customer 15012,1,23800.0,23800.0,20765.75,3034.25
ORD004798,2025-12-29,West,Technology,Mouse,Customer 16694,2,4400.0,4400.0,2044.73,2355.27
ORD001355,2025-12-29,South,Technology,Laptop,Customer 15395,6,378000.0,378000.0,318641.48,59358.52
ORD000805,2025-12-29,North,Technology,Monitor,Customer 17754,1,25200.0,25200.0,20050.76,5149.24
ORD004730,2025-12-30,South,Technology,Keyboard,Customer 18198,2,9900.0,9900.0,6870.22,3029.78
ORD004597,2025-12-30,North,Technology,Keyboard,Customer 18997,6,31350.0,31350.0,20562.87,10787.13
ORD000863,2025-12-30,South,Furniture,Chair,Customer 17533,10,137750.0,137750.0,100190.83,37559.17
ORD004454,2025-12-30,East,Technology,Monitor,Customer 16696,5,119000.0,119000.0,93625.48,25374.52
ORD004365,2025-12-31,South,Furniture,Chair,Customer 11272,1,13775.0,13775.0,9667.92,4107.08
ORD000287,2025-12-31,South,Technology,Mouse,Customer 10309,1,2090.0,2090.0,1026.39,1063.61
ORD001968,2025-12-31,East,Furniture,Chair,Customer 13661,10,123250.0,123250.0,99471.59,23778.41
ORD001369,2025-12-31,West,Furniture,Desk,Customer 18275,3,74100.0,74100.0,54100.62,19999.38
ORD001515,2025-12-31,North,Technology,Laptop,Customer 13157,4,266000.0,266000.0,218390.33,47609.67
ORD001843,2025-12-31,East,Technology,Keyboard,Customer 14251,2,10450.0,10450.0,6462.44,3987.56
ORD003399,2025-12-31,South,Technology,Mouse,Customer 10823,3,6270.0,6270.0,3299.21,2970.79
ORD004688,2026-01-01,West,Furniture,Chair,Customer 19881,5,72500.0,72500.0,47586.47,24913.53
ORD000772,2026-01-01,South,Technology,Monitor,Customer 13100,10,238000.0,238000.0,209004.84,28995.16
ORD003961,2026-01-01,North,Furniture,Chair,Customer 17242,3,34800.0,34800.0,27372.21,7427.79
ORD004877,2026-01-01,South,Technology,Mouse,Customer 13195,3,5940.0,5940.0,3168.62,2771.38
ORD002686,2026-01-01,North,Technology,Laptop,Customer 19484,1,63000.0,63000.0,52986.73,10013.27
ORD002286,2026-01-02,South,Technology,Keyboard,Customer 13691,3,15675.0,15675.0,10237.64,5437.36
ORD004351,2026-01-02,West,Furniture,Desk,Customer 14782,1,24700.0,24700.0,17392.64,7307.36
ORD001302,2026-01-02,North,Technology,Monitor,Customer 16129,1,23800.0,23800.0,21023.69,2776.31
ORD003648,2026-01-02,West,Technology,Laptop,Customer 13999,1,70000.0,70000.0,56393.66,13606.34
ORD000907,2026-01-02,North,Technology,Laptop,Customer 17399,4,280000.0,280000.0,223970.05,56029.95
ORD004876,2026-01-02,East,Technology,Laptop,Customer 10885,3,210000.0,210000.0,161864.52,48135.48
ORD002860,2026-01-02,North,Technology,Monitor,Customer 15169,6,142800.0,142800.0,126158.08,16641.92
ORD002373,2026-01-02,East,Technology,Keyboard,Customer 16569,1,4950.0,4950.0,3314.21,1635.79
ORD004251,2026-01-02,West,Furniture,Desk,Customer 19865,2,49400.0,49400.0,34197.49,15202.51
ORD001590,2026-01-02,North,Technology,Keyboard,Customer 17244,3,14850.0,14850.0,10304.61,4545.39
ORD003166,2026-01-02,North,Technology,Keyboard,Customer 15815,4,22000.0,22000.0,14420.16,7579.84
ORD003016,2026-01-02,West,Technology,Keyboard,Customer 18349,1,5500.0,5500.0,3178.77,2321.23
ORD000749,2026-01-02,South,Technology,Keyboard,Customer 15890,1,4950.0,4950.0,3584.63,1365.37
ORD004292,2026-01-03,South,Furniture,Chair,Customer 18062,1,13775.0,13775.0,9521.34,4253.66
ORD004644,2026-01-03,East,Technology,Monitor,Customer 10125,1,25200.0,25200.0,20775.78,4424.22
ORD001338,2026-01-03,South,Technology,Monitor,Customer 10089,2,44800.0,44800.0,41512.35,3287.65
ORD004548,2026-01-03,East,Furniture,Chair,Customer 14320,2,29000.0,29000.0,18624.77,10375.23
ORD000465,2026-01-03,West,Technology,Mouse,Customer 17704,3,6270.0,6270.0,3012.17,3257.83
ORD002447,2026-01-03,South,Furniture,Desk,Customer 13582,3,66300.0,66300.0,54052.41,12247.59
ORD001640,2026-01-03,North,Furniture,Desk,Customer 15038,1,22100.0,22100.0,18485.86,3614.14
ORD003007,2026-01-03,South,Office Supplies,Printer,Customer 15030,2,57000.0,57000.0,52595.76,4404.24
ORD003402,2026-01-04,North,Furniture,Chair,Customer 19711,4,58000.0,58000.0,38094.51,19905.49
ORD004830,2026-01-04,West,Furniture,Chair,Customer 11537,6,87000.0,87000.0,58320.06,28679.94
ORD002579,2026-01-04,East,Technology,Mouse,Customer 12153,1,2090.0,2090.0,1000.92,1089.08
ORD001726,2026-01-04,North,Furniture,Desk,Customer 15068,3,70200.0,70200.0,52624.1,17575.9
ORD001448,2026-01-04,South,Technology,Keyboard,Customer 15375,2,9900.0,9900.0,6972.94,2927.06
ORD004323,2026-01-04,South,Technology,Keyboard,Customer 11646,2,10450.0,10450.0,6993.14,3456.86
ORD003527,2026-01-04,West,Technology,Mouse,Customer 15078,1,1980.0,1980.0,1124.74,855.26
ORD003849,2026-01-05,South,Furniture,Desk,Customer 13490,3,62400.0,62400.0,52479.88,9920.12
ORD002070,2026-01-06,South,Technology,Mouse,Customer 19660,4,7920.0,7920.0,3999.19,3920.81
ORD001836,2026-01-06,North,Furniture,Chair,Customer 19641,2,27550.0,27550.0,19035.5,8514.5
ORD004312,2026-01-06,East,Technology,Monitor,Customer 11072,1,28000.0,28000.0,19916.93,8083.07
ORD001717,2026-01-06,East,Technology,Mouse,Customer 14853,4,8360.0,8360.0,4116.63,4243.37
ORD002831,2026-01-07,North,Furniture,Chair,Customer 19826,6,82650.0,82650.0,59742.89,22907.11
ORD001042,2026-01-07,North,Furniture,Desk,Customer 13896,1,23400.0,23400.0,17587.84,5812.16
ORD003187,2026-01-07,West,Technology,Keyboard,Customer 13066,4,22000.0,22000.0,13945.76,8054.24
ORD000623,2026-01-07,West,Technology,Monitor,Customer 14507,1,28000.0,28000.0,20041.81,7958.19
ORD002482,2026-01-07,West,Technology,Keyboard,Customer 13209,4,20900.0,20900.0,13851.47,7048.53
ORD000216,2026-01-08,South,Furniture,Desk,Customer 17555,2,52000.0,52000.0,34778.7,17221.3
ORD000648,2026-01-08,South,Technology,Laptop,Customer 17049,1,70000.0,70000.0,54066.48,15933.52
ORD001730,2026-01-08,West,Technology,Laptop,Customer 12977,3,199500.0,199500.0,177952.7,21547.3
ORD002470,2026-01-08,East,Technology,Laptop,Customer 17817,4,280000.0,280000.0,226485.56,53514.44
ORD003676,2026-01-08,West,Furniture,Desk,Customer 18389,1,24700.0,24700.0,18303.89,6396.11
ORD004770,2026-01-09,North,Technology,Keyboard,Customer 14518,4,19800.0,19800.0,13419.78,6380.22
ORD003300,2026-01-09,South,Technology,Mouse,Customer 16476,2,4400.0,4400.0,2220.74,2179.26
ORD002851,2026-01-09,South,Office Supplies,Printer,Customer 17265,4,102000.0,102000.0,99461.5,2538.5
ORD000903,2026-01-10,North,Technology,Laptop,Customer 11556,5,350000.0,350000.0,277304.39,72695.61
ORD001376,2026-01-10,North,Furniture,Desk,Customer 17523,2,52000.0,52000.0,37098.58,14901.42
ORD000869,2026-01-10,East,Furniture,Desk,Customer 17125,6,148200.0,148200.0,105346.82,42853.18
ORD001079,2026-01-10,North,Furniture,Chair,Customer 17864,1,13050.0,13050.0,10000.78,3049.22
ORD004643,2026-01-10,South,Technology,Keyboard,Customer 11346,1,5500.0,5500.0,3623.27,1876.73
ORD001428,2026-01-10,East,Office Supplies,Printer,Customer 15711,1,30000.0,30000.0,24534.24,5465.76
ORD000260,2026-01-10,North,Furniture,Chair,Customer 10812,6,78300.0,78300.0,59766.56,18533.44
ORD002732,2026-01-11,East,Furniture,Chair,Customer 17603,1,14500.0,14500.0,9281.43,5218.57
ORD003342,2026-01-11,South,Technology,Monitor,Customer 14971,1,28000.0,28000.0,20962.03,7037.97
ORD000606,2026-01-12,North,Technology,Keyboard,Customer 12973,2,11000.0,11000.0,7281.06,3718.94
ORD003323,2026-01-12,South,Furniture,Chair,Customer 13291,1,14500.0,14500.0,10361.02,4138.98
ORD000713,2026-01-12,West,Office Supplies,Printer,Customer 15899,1,30000.0,30000.0,23847.51,6152.49
ORD001343,2026-01-12,West,Furniture,Desk,Customer 12600,4,93600.0,93600.0,70039.25,23560.75
ORD003293,2026-01-12,West,Furniture,Chair,Customer 13562,10,137750.0,137750.0,91101.12,46648.88
ORD003279,2026-01-12,East,Technology,Monitor,Customer 15634,4,106400.0,106400.0,81475.96,24924.04
ORD000106,2026-01-12,West,Technology,Keyboard,Customer 17132,1,5500.0,5500.0,3442.35,2057.65
ORD002731,2026-01-12,South,Furniture,Desk,Customer 13379,5,110500.0,110500.0,88855.86,21644.14
ORD002740,2026-01-12,North,Technology,Laptop,Customer 17655,1,70000.0,70000.0,53725.39,16274.61
ORD004134,2026-01-12,South,Technology,Laptop,Customer 18240,1,59500.0,59500.0,53742.86,5757.14
ORD003000,2026-01-13,East,Technology,Monitor,Customer 19605,10,238000.0,238000.0,216941.96,21058.04
ORD000888,2026-01-13,West,Technology,Laptop,Customer 12038,4,252000.0,252000.0,221144.43,30855.57
ORD004380,2026-01-13,East,Office Supplies,Printer,Customer 19224,10,285000.0,285000.0,257777.8,27222.2
ORD000261,2026-01-13,West,Technology,Mouse,Customer 15522,2,4180.0,4180.0,2146.03,2033.97
ORD000883,2026-01-14,North,Technology,Keyboard,Customer 13282,1,4675.0,4675.0,3488.4,1186.6
ORD002556,2026-01-14,South,Technology,Keyboard,Customer 18944,1,4950.0,4950.0,3356.13,1593.87
ORD000995,2026-01-14,West,Furniture,Chair,Customer 15807,6,78300.0,78300.0,57373.57,20926.43
ORD002477,2026-01-14,South,Technology,Monitor,Customer 18094,1,25200.0,25200.0,19534.75,5665.25
ORD004168,2026-01-15,West,Office Supplies,Printer,Customer 14532,5,120000.0,120000.0,124970.39,-4970.39
ORD004604,2026-01-15,West,Technology,Laptop,Customer 13095,5,297500.0,297500.0,260308.98,37191.02
ORD002874,2026-01-15,North,Furniture,Chair,Customer 19678,4,58000.0,58000.0,38181.13,19818.87
ORD000175,2026-01-15,South,Technology,Monitor,Customer 11387,3,84000.0,84000.0,59904.91,24095.09
ORD000041,2026-01-15,West,Furniture,Chair,Customer 16060,5,72500.0,72500.0,47555.17,24944.83
ORD001799,2026-01-16,South,Technology,Monitor,Customer 17993,6,151200.0,151200.0,117623.51,33576.49
ORD002987,2026-01-16,West,Technology,Laptop,Customer 18653,5,280000.0,280000.0,289176.11,-9176.11
ORD002438,2026-01-16,North,Furniture,Desk,Customer 17260,6,132600.0,132600.0,111767.13,20832.87
ORD000055,2026-01-16,South,Furniture,Chair,Customer 16329,3,36975.0,36975.0,28387.48,8587.52
ORD000468,2026-01-16,South,Technology,Laptop,Customer 15967,1,66500.0,66500.0,54799.28,11700.72
ORD002033,2026-01-16,North,Furniture,Desk,Customer 17040,1,26000.0,26000.0,17956.18,8043.82
ORD003525,2026-01-16,North,Technology,Mouse,Customer 19644,2,4180.0,4180.0,2132.71,2047.29
ORD001954,2026-01-16,South,Technology,Laptop,Customer 10448,2,133000.0,133000.0,107115.81,25884.19
ORD003841,2026-01-16,West,Technology,Laptop,Customer 14762,4,252000.0,252000.0,223438.81,28561.19
ORD004002,2026-01-16,North,Office Supplies,Printer,Customer 18208,1,28500.0,28500.0,24400.69,4099.31
ORD001599,2026-01-17,South,Technology,Laptop,Customer 14978,6,420000.0,420000.0,315332.62,104667.38
ORD002780,2026-01-17,East,Technology,Mouse,Customer 16754,1,2090.0,2090.0,1117.41,972.59
ORD003505,2026-01-18,North,Technology,Monitor,Customer 17697,2,53200.0,53200.0,39328.49,13871.51
ORD001198,2026-01-18,South,Technology,Monitor,Customer 11968,10,266000.0,266000.0,215352.45,50647.55
ORD000676,2026-01-19,East,Technology,Monitor,Customer 13929,4,95200.0,95200.0,81469.08,13730.92
ORD000501,2026-01-19,North,Furniture,Desk,Customer 19481,4,104000.0,104000.0,72607.68,31392.32
ORD000950,2026-01-19,South,Technology,Laptop,Customer 16505,6,357000.0,357000.0,328290.6,28709.4
ORD004207,2026-01-20,South,Technology,Keyboard,Customer 12080,5,27500.0,27500.0,17361.26,10138.74
ORD004824,2026-01-20,North,Furniture,Chair,Customer 11537,5,68875.0,68875.0,47395.5,21479.5
ORD000054,2026-01-20,South,Technology,Monitor,Customer 13284,8,190400.0,190400.0,170980.94,19419.06
ORD000368,2026-01-20,North,Furniture,Chair,Customer 19223,2,24650.0,24650.0,19599.23,5050.77
ORD000262,2026-01-20,West,Technology,Laptop,Customer 19948,1,63000.0,63000.0,51647.14,11352.86
ORD003315,2026-01-21,East,Furniture,Desk,Customer 13233,1,24700.0,24700.0,17001.01,7698.99
ORD001832,2026-01-21,South,Furniture,Desk,Customer 18864,2,46800.0,46800.0,34933.18,11866.82
ORD002614,2026-01-21,South,Furniture,Desk,Customer 12654,2,49400.0,49400.0,36332.43,13067.57
ORD000416,2026-01-22,West,Furniture,Desk,Customer 19505,2,52000.0,52000.0,34764.49,17235.51
ORD003831,2026-01-22,North,Technology,Mouse,Customer 13479,1,1980.0,1980.0,1118.41,861.59
ORD003165,2026-01-22,North,Technology,Mouse,Customer 11565,8,14960.0,14960.0,7920.0,7040.0
ORD001568,2026-01-22,West,Technology,Mouse,Customer 15868,1,2200.0,2200.0,1089.75,1110.25
ORD004744,2026-01-23,South,Furniture,Chair,Customer 18881,3,43500.0,43500.0,28807.29,14692.71
ORD001933,2026-01-23,East,Technology,Keyboard,Customer 12132,3,14850.0,14850.0,9841.23,5008.77
ORD000785,2026-01-23,South,Technology,Keyboard,Customer 14100,5,27500.0,27500.0,18418.8,9081.2
ORD001559,2026-01-23,East,Office Supplies,Printer,Customer 17096,3,85500.0,85500.0,75771.91,9728.09
ORD004268,2026-01-23,West,Furniture,Chair,Customer 18442,1,14500.0,14500.0,9269.11,5230.89
ORD002321,2026-01-23,North,Technology,Monitor,Customer 13773,5,126000.0,126000.0,97355.22,28644.78
ORD003884,2026-01-23,North,Office Supplies,Printer,Customer 18872,2,57000.0,57000.0,52291.02,4708.98
ORD004397,2026-01-23,East,Furniture,Chair,Customer 17385,2,29000.0,29000.0,19030.79,9969.21
ORD002242,2026-01-23,West,Furniture,Desk,Customer 13689,1,22100.0,22100.0,16853.75,5246.25
ORD004238,2026-01-23,South,Technology,Laptop,Customer 12075,6,378000.0,378000.0,332937.56,45062.44
ORD002281,2026-01-23,West,Technology,Mouse,Customer 18753,3,5940.0,5940.0,3087.45,2852.55
ORD004633,2026-01-24,South,Furniture,Chair,Customer 13650,2,29000.0,29000.0,19373.88,9626.12
ORD001527,2026-01-24,North,Technology,Keyboard,Customer 13808,1,4950.0,4950.0,3607.62,1342.38
ORD001787,2026-01-24,South,Technology,Keyboard,Customer 18856,3,16500.0,16500.0,9635.14,6864.86
ORD003753,2026-01-24,West,Technology,Mouse,Customer 14340,1,1980.0,1980.0,995.52,984.48
ORD000602,2026-01-25,East,Technology,Mouse,Customer 18851,5,9900.0,9900.0,5376.8,4523.2
ORD004838,2026-01-25,East,Furniture,Chair,Customer 18572,2,27550.0,27550.0,19916.55,7633.45
ORD004281,2026-01-26,West,Furniture,Chair,Customer 10397,4,52200.0,52200.0,38802.88,13397.12
ORD003093,2026-01-26,South,Technology,Mouse,Customer 17041,10,22000.0,22000.0,10282.06,11717.94
ORD002115,2026-01-26,South,Furniture,Chair,Customer 14062,1,12325.0,12325.0,9231.72,3093.28
ORD003379,2026-01-26,West,Furniture,Chair,Customer 13218,2,24650.0,24650.0,19268.38,5381.62
ORD003770,2026-01-26,South,Technology,Laptop,Customer 16517,2,126000.0,126000.0,104931.01,21068.99
ORD001526,2026-01-26,East,Furniture,Chair,Customer 18432,2,27550.0,27550.0,18814.94,8735.06
ORD000947,2026-01-26,East,Technology,Mouse,Customer 10577,2,3740.0,3740.0,1980.0,1760.0
ORD001906,2026-01-26,North,Technology,Monitor,Customer 10282,4,112000.0,112000.0,81912.36,30087.64
ORD000525,2026-01-26,West,Technology,Laptop,Customer 19822,1,59500.0,59500.0,55893.82,3606.18
ORD003415,2026-01-26,South,Technology,Keyboard,Customer 10861,1,5225.0,5225.0,3548.32,1676.68
ORD002323,2026-01-27,South,Technology,Keyboard,Customer 14547,2,11000.0,11000.0,6929.71,4070.29
ORD000249,2026-01-27,West,Furniture,Chair,Customer 16718,3,41325.0,41325.0,29098.58,12226.42
ORD001523,2026-01-27,West,Furniture,Chair,Customer 16081,4,46400.0,46400.0,36658.78,9741.22
ORD001701,2026-01-27,West,Technology,Monitor,Customer 19140,6,159600.0,159600.0,120923.47,38676.53
ORD004017,2026-01-27,North,Technology,Laptop,Customer 14802,1,59500.0,59500.0,55865.2,3634.8
ORD004588,2026-01-27,South,Furniture,Chair,Customer 11130,2,24650.0,24650.0,19747.62,4902.38
ORD000485,2026-01-27,North,Technology,Monitor,Customer 19993,5,140000.0,140000.0,97923.38,42076.62
ORD000068,2026-01-27,North,Technology,Laptop,Customer 18369,10,595000.0,595000.0,537743.92,57256.08
ORD004152,2026-01-28,North,Office Supplies,Printer,Customer 11794,1,30000.0,30000.0,23600.35,6399.65
ORD004771,2026-01-28,West,Technology,Keyboard,Customer 15003,4,22000.0,22000.0,13986.04,8013.96
ORD003981,2026-01-28,North,Technology,Mouse,Customer 18134,8,15840.0,15840.0,7992.71,7847.29
ORD002558,2026-01-29,South,Furniture,Desk,Customer 18290,1,26000.0,26000.0,18237.98,7762.02
ORD003149,2026-01-29,East,Office Supplies,Printer,Customer 11221,1,30000.0,30000.0,24274.16,5725.84
ORD002020,2026-01-29,South,Furniture,Chair,Customer 13325,2,27550.0,27550.0,18950.42,8599.58
ORD001551,2026-01-29,East,Technology,Keyboard,Customer 19830,4,19800.0,19800.0,14170.27,5629.73
ORD003858,2026-01-30,West,Technology,Keyboard,Customer 19205,4,19800.0,19800.0,13705.82,6094.18
ORD003864,2026-01-30,East,Furniture,Desk,Customer 14160,5,130000.0,130000.0,86122.86,43877.14
ORD003238,2026-01-30,North,Technology,Keyboard,Customer 12508,2,9350.0,9350.0,6453.94,2896.06
ORD004801,2026-01-30,West,Technology,Laptop,Customer 13436,1,70000.0,70000.0,53775.31,16224.69
ORD001019,2026-01-31,East,Technology,Monitor,Customer 10959,2,56000.0,56000.0,40633.45,15366.55
ORD003052,2026-01-31,West,Technology,Laptop,Customer 13511,1,70000.0,70000.0,56325.92,13674.08
ORD003070,2026-01-31,East,Technology,Keyboard,Customer 16657,5,24750.0,24750.0,15714.1,9035.9
ORD004790,2026-01-31,North,Furniture,Chair,Customer 19729,5,68875.0,68875.0,48316.3,20558.7
ORD002842,2026-01-31,East,Technology,Mouse,Customer 13304,10,20900.0,20900.0,10932.23,9967.77
ORD004149,2026-01-31,South,Furniture,Desk,Customer 10098,2,52000.0,52000.0,34308.27,17691.73
ORD004383,2026-01-31,East,Furniture,Desk,Customer 18765,4,98800.0,98800.0,69332.43,29467.57
ORD000296,2026-01-31,North,Technology,Keyboard,Customer 12607,2,11000.0,11000.0,6594.57,4405.43
ORD002444,2026-01-31,South,Technology,Laptop,Customer 19493,4,266000.0,266000.0,233724.3,32275.7
ORD000351,2026-01-31,East,Technology,Keyboard,Customer 11779,1,5225.0,5225.0,3367.51,1857.49
ORD001314,2026-02-01,North,Technology,Laptop,Customer 10700,4,266000.0,266000.0,222375.33,43624.67
ORD004354,2026-02-01,North,Technology,Mouse,Customer 19775,1,1980.0,1980.0,1091.03,888.97
ORD000939,2026-02-01,South,Technology,Monitor,Customer 17467,6,151200.0,151200.0,120286.42,30913.58
ORD004053,2026-02-01,West,Technology,Mouse,Customer 18080,8,16720.0,16720.0,9440.35,7279.65
ORD001759,2026-02-01,West,Technology,Keyboard,Customer 19490,1,5225.0,5225.0,3299.81,1925.19
ORD003291,2026-02-01,West,Furniture,Chair,Customer 13036,3,36975.0,36975.0,28800.55,8174.45
ORD004455,2026-02-01,South,Office Supplies,Printer,Customer 10803,1,30000.0,30000.0,23989.1,6010.9
ORD001176,2026-02-01,South,Technology,Monitor,Customer 10103,2,53200.0,53200.0,38328.35,14871.65
ORD003233,2026-02-01,East,Technology,Laptop,Customer 18705,10,595000.0,595000.0,529660.85,65339.15
ORD001941,2026-02-02,South,Furniture,Desk,Customer 12063,5,123500.0,123500.0,87060.65,36439.35
ORD004136,2026-02-02,South,Office Supplies,Printer,Customer 10896,2,54000.0,54000.0,49008.3,4991.7
ORD002141,2026-02-02,West,Technology,Monitor,Customer 11476,4,100800.0,100800.0,82877.01,17922.99
ORD000446,2026-02-02,North,Furniture,Chair,Customer 17391,1,13050.0,13050.0,9513.76,3536.24
ORD003685,2026-02-02,West,Furniture,Desk,Customer 11215,6,156000.0,156000.0,106434.04,49565.96
ORD003776,2026-02-03,South,Technology,Keyboard,Customer 13257,1,4675.0,4675.0,3357.82,1317.18
ORD001103,2026-02-03,West,Technology,Mouse,Customer 19587,3,6270.0,6270.0,3041.29,3228.71
ORD004530,2026-02-03,South,Technology,Mouse,Customer 10459,2,4180.0,4180.0,2010.34,2169.66
ORD003275,2026-02-03,South,Furniture,Chair,Customer 19544,3,39150.0,39150.0,28547.27,10602.73
ORD001683,2026-02-03,North,Technology,Laptop,Customer 18975,2,126000.0,126000.0,103439.06,22560.94
ORD003809,2026-02-04,West,Technology,Keyboard,Customer 18191,3,14850.0,14850.0,9648.78,5201.22
ORD002541,2026-02-04,West,Furniture,Chair,Customer 15431,2,26100.0,26100.0,18394.48,7705.52
ORD000689,2026-02-04,South,Technology,Mouse,Customer 14351,1,2200.0,2200.0,1026.21,1173.79
ORD002278,2026-02-04,North,Furniture,Desk,Customer 16706,5,104000.0,104000.0,83042.56,20957.44
ORD000592,2026-02-04,South,Furniture,Chair,Customer 18607,1,11600.0,11600.0,10044.89,1555.11
ORD001763,2026-02-04,East,Furniture,Chair,Customer 19899,3,43500.0,43500.0,27976.81,15523.19
ORD001884,2026-02-04,West,Technology,Laptop,Customer 11072,2,119000.0,119000.0,113252.98,5747.02
ORD000021,2026-02-05,South,Technology,Mouse,Customer 10417,3,6600.0,6600.0,3197.58,3402.42
ORD001673,2026-02-05,North,Furniture,Chair,Customer 11034,1,13775.0,13775.0,9735.44,4039.56
ORD000462,2026-02-05,East,Technology,Mouse,Customer 11034,1,2200.0,2200.0,1113.17,1086.83
ORD004401,2026-02-05,South,Office Supplies,Printer,Customer 17642,2,54000.0,54000.0,47378.54,6621.46
ORD004419,2026-02-06,East,Technology,Mouse,Customer 17479,1,1980.0,1980.0,1117.98,862.02
ORD001342,2026-02-06,North,Technology,Laptop,Customer 11991,3,199500.0,199500.0,167692.17,31807.83
ORD004723,2026-02-06,East,Furniture,Chair,Customer 12769,1,13050.0,13050.0,9736.06,3313.94
ORD001353,2026-02-06,West,Technology,Monitor,Customer 16881,1,26600.0,26600.0,20482.6,6117.4
ORD003788,2026-02-06,East,Technology,Monitor,Customer 13522,3,79800.0,79800.0,59877.47,19922.53
ORD000777,2026-02-07,West,Technology,Laptop,Customer 18746,1,70000.0,70000.0,55723.77,14276.23
ORD000018,2026-02-07,South,Technology,Monitor,Customer 14494,8,201600.0,201600.0,165410.09,36189.91
ORD003756,2026-02-07,West,Technology,Keyboard,Customer 15236,2,10450.0,10450.0,7134.15,3315.85
ORD003944,2026-02-07,West,Technology,Mouse,Customer 12410,2,3960.0,3960.0,2093.13,1866.87
ORD002752,2026-02-07,East,Furniture,Chair,Customer 10304,1,12325.0,12325.0,8931.36,3393.64
ORD002591,2026-02-08,North,Technology,Laptop,Customer 12032,3,189000.0,189000.0,157750.98,31249.02
ORD004752,2026-02-08,South,Technology,Laptop,Customer 12773,5,350000.0,350000.0,264483.4,85516.6
ORD001872,2026-02-08,South,Technology,Laptop,Customer 19315,5,332500.0,332500.0,269004.23,63495.77
ORD000226,2026-02-08,North,Office Supplies,Printer,Customer 16187,1,27000.0,27000.0,24583.31,2416.69
ORD000233,2026-02-09,South,Technology,Mouse,Customer 11894,1,1760.0,1760.0,1103.41,656.59
ORD001809,2026-02-09,West,Technology,Monitor,Customer 18094,1,25200.0,25200.0,19977.01,5222.99
ORD002102,2026-02-09,West,Technology,Laptop,Customer 12740,4,266000.0,266000.0,216778.95,49221.05
ORD003478,2026-02-09,South,Technology,Laptop,Customer 14514,1,59500.0,59500.0,54051.91,5448.09
ORD000773,2026-02-09,West,Furniture,Chair,Customer 18701,5,72500.0,72500.0,42967.12,29532.88
ORD001702,2026-02-09,South,Furniture,Chair,Customer 14244,1,14500.0,14500.0,9311.31,5188.69
ORD000579,2026-02-09,South,Furniture,Chair,Customer 12087,3,39150.0,39150.0,30527.34,8622.66
ORD001598,2026-02-10,East,Technology,Laptop,Customer 12954,3,178500.0,178500.0,167529.12,10970.88
ORD002880,2026-02-10,East,Technology,Mouse,Customer 15276,3,6600.0,6600.0,3426.88,3173.12
ORD001736,2026-02-10,East,Technology,Keyboard,Customer 12358,1,5225.0,5225.0,3413.7,1811.3
ORD004151,2026-02-11,East,Technology,Mouse,Customer 18544,3,6270.0,6270.0,3089.26,3180.74
ORD000022,2026-02-11,West,Technology,Keyboard,Customer 11706,1,5500.0,5500.0,3246.55,2253.45
ORD003604,2026-02-11,South,Technology,Mouse,Customer 12219,2,3960.0,3960.0,2182.23,1777.77
ORD003269,2026-02-12,East,Technology,Laptop,Customer 16887,1,63000.0,63000.0,52591.32,10408.68
ORD004378,2026-02-12,North,Technology,Mouse,Customer 15414,2,4400.0,4400.0,2100.58,2299.42
ORD002515,2026-02-12,South,Furniture,Chair,Customer 17983,5,72500.0,72500.0,50734.17,21765.83
ORD001409,2026-02-12,East,Technology,Mouse,Customer 11620,1,2200.0,2200.0,1027.74,1172.26
ORD000779,2026-02-12,South,Furniture,Desk,Customer 18545,2,52000.0,52000.0,34739.74,17260.26
ORD004387,2026-02-13,East,Furniture,Chair,Customer 15782,2,29000.0,29000.0,20471.4,8528.6
ORD004672,2026-02-13,East,Technology,Monitor,Customer 13161,2,47600.0,47600.0,40101.57,7498.43
ORD003422,2026-02-13,East,Technology,Mouse,Customer 13488,8,14960.0,14960.0,9413.91,5546.09
ORD004042,2026-02-13,West,Technology,Keyboard,Customer 15600,5,26125.0,26125.0,18459.91,7665.09
ORD002908,2026-02-14,South,Technology,Keyboard,Customer 18769,5,26125.0,26125.0,16736.26,9388.74
ORD000982,2026-02-14,South,Technology,Monitor,Customer 18688,3,75600.0,75600.0,59895.53,15704.47
ORD003077,2026-02-14,West,Furniture,Desk,Customer 11254,3,66300.0,66300.0,52568.79,13731.21
ORD004706,2026-02-14,North,Furniture,Desk,Customer 12333,2,46800.0,46800.0,33455.04,13344.96
ORD000688,2026-02-14,South,Furniture,Desk,Customer 10335,5,123500.0,123500.0,86559.88,36940.12
ORD004674,2026-02-14,South,Technology,Mouse,Customer 10493,3,6270.0,6270.0,3012.91,3257.09
ORD003901,2026-02-14,West,Office Supplies,Printer,Customer 13849,2,57000.0,57000.0,49320.77,7679.23
ORD002734,2026-02-14,West,Furniture,Chair,Customer 14788,2,26100.0,26100.0,20163.86,5936.14
ORD001309,2026-02-14,East,Furniture,Chair,Customer 19451,2,27550.0,27550.0,19887.77,7662.23
ORD002837,2026-02-15,South,Furniture,Desk,Customer 13131,1,22100.0,22100.0,19037.88,3062.12
ORD000009,2026-02-15,East,Office Supplies,Printer,Customer 17869,1,30000.0,30000.0,24650.68,5349.32
ORD001915,2026-02-16,South,Technology,Keyboard,Customer 15892,5,26125.0,26125.0,17595.74,8529.26
ORD000281,2026-02-16,West,Technology,Mouse,Customer 12468,2,3960.0,3960.0,2056.27,1903.73
ORD000408,2026-02-16,South,Office Supplies,Printer,Customer 16247,4,108000.0,108000.0,96307.33,11692.67
ORD000212,2026-02-16,East,Technology,Laptop,Customer 18661,2,140000.0,140000.0,114631.58,25368.42
ORD001825,2026-02-16,North,Furniture,Desk,Customer 17421,1,22100.0,22100.0,16969.02,5130.98
ORD004536,2026-02-16,North,Technology,Mouse,Customer 15048,4,7040.0,7040.0,4647.15,2392.85
ORD004012,2026-02-16,North,Technology,Monitor,Customer 15600,3,79800.0,79800.0,60403.79,19396.21
ORD003349,2026-02-16,West,Furniture,Desk,Customer 17498,2,46800.0,46800.0,35528.94,11271.06
ORD003044,2026-02-16,West,Technology,Monitor,Customer 16557,3,75600.0,75600.0,60914.06,14685.94
ORD000289,2026-02-17,North,Furniture,Chair,Customer 12457,1,13775.0,13775.0,9401.16,4373.84
ORD000585,2026-02-17,South,Technology,Mouse,Customer 15060,5,11000.0,11000.0,5292.79,5707.21
ORD003729,2026-02-17,South,Technology,Laptop,Customer 11327,5,297500.0,297500.0,277729.39,19770.61
ORD003394,2026-02-17,South,Furniture,Chair,Customer 10708,2,24650.0,24650.0,20723.73,3926.27
ORD002665,2026-02-17,East,Furniture,Desk,Customer 11916,4,98800.0,98800.0,70625.68,28174.32
ORD000986,2026-02-17,West,Office Supplies,Printer,Customer 11478,5,135000.0,135000.0,127191.88,7808.12
ORD004141,2026-02-17,West,Technology,Laptop,Customer 14692,2,140000.0,140000.0,105691.67,34308.33
ORD004640,2026-02-17,South,Furniture,Chair,Customer 12541,4,55100.0,55100.0,36862.82,18237.18
ORD002617,2026-02-18,South,Furniture,Desk,Customer 11187,8,208000.0,208000.0,145029.72,62970.28
ORD002349,2026-02-18,West,Technology,Mouse,Customer 17803,6,13200.0,13200.0,6436.53,6763.47
ORD003732,2026-02-18,East,Office Supplies,Printer,Customer 11220,5,135000.0,135000.0,126300.66,8699.34
ORD003232,2026-02-18,West,Furniture,Chair,Customer 14746,4,55100.0,55100.0,42787.15,12312.85
ORD004461,2026-02-18,South,Technology,Mouse,Customer 15515,2,3960.0,3960.0,2056.29,1903.71
ORD000376,2026-02-18,North,Technology,Laptop,Customer 14584,2,126000.0,126000.0,112628.55,13371.45
ORD000736,2026-02-18,South,Technology,Monitor,Customer 18313,1,26600.0,26600.0,20490.41,6109.59
ORD001908,2026-02-19,South,Technology,Mouse,Customer 18856,2,4180.0,4180.0,1980.0,2200.0
ORD001326,2026-02-19,East,Technology,Mouse,Customer 17756,6,13200.0,13200.0,6460.45,6739.55
ORD002820,2026-02-19,North,Technology,Keyboard,Customer 12705,2,9900.0,9900.0,6667.7,3232.3
ORD003288,2026-02-19,South,Furniture,Chair,Customer 11942,3,43500.0,43500.0,27691.87,15808.13
ORD003680,2026-02-20,North,Furniture,Chair,Customer 10332,3,36975.0,36975.0,28174.06,8800.94
ORD004413,2026-02-20,North,Furniture,Desk,Customer 11040,4,88400.0,88400.0,75079.86,13320.14
ORD004234,2026-02-20,South,Furniture,Chair,Customer 11140,2,24650.0,24650.0,18758.93,5891.07
ORD000252,2026-02-20,North,Furniture,Chair,Customer 11545,1,14500.0,14500.0,9041.79,5458.21
ORD002207,2026-02-20,West,Technology,Keyboard,Customer 16558,1,5225.0,5225.0,3358.74,1866.26
ORD000358,2026-02-20,West,Office Supplies,Printer,Customer 16024,1,27000.0,27000.0,24215.95,2784.05
ORD003975,2026-02-20,North,Technology,Monitor,Customer 10342,4,112000.0,112000.0,84142.87,27857.13
ORD004119,2026-02-20,South,Technology,Monitor,Customer 10105,8,224000.0,224000.0,163365.23,60634.77
ORD002704,2026-02-21,West,Technology,Monitor,Customer 11592,3,79800.0,79800.0,61831.15,17968.85
ORD003643,2026-02-21,West,Technology,Mouse,Customer 13208,2,3960.0,3960.0,2029.27,1930.73
ORD000625,2026-02-21,West,Furniture,Chair,Customer 10585,2,29000.0,29000.0,18380.77,10619.23
ORD001457,2026-02-21,West,Office Supplies,Printer,Customer 18853,3,85500.0,85500.0,71115.44,14384.56
ORD000433,2026-02-21,East,Furniture,Desk,Customer 12326,1,26000.0,26000.0,18993.42,7006.58
ORD002538,2026-02-21,North,Technology,Mouse,Customer 11963,6,13200.0,13200.0,6981.34,6218.66
ORD001108,2026-02-21,East,Furniture,Chair,Customer 18859,1,13775.0,13775.0,9720.23,4054.77
ORD003189,2026-02-22,South,Office Supplies,Printer,Customer 10293,10,285000.0,285000.0,234894.13,50105.87
ORD004117,2026-02-22,North,Technology,Laptop,Customer 13631,2,133000.0,133000.0,113536.14,19463.86
ORD004077,2026-02-22,East,Technology,Monitor,Customer 18400,3,84000.0,84000.0,57038.0,26962.0
ORD004843,2026-02-22,South,Furniture,Chair,Customer 10847,3,34800.0,34800.0,28001.96,6798.04
ORD004061,2026-02-22,South,Technology,Laptop,Customer 19132,1,66500.0,66500.0,53195.02,13304.98
ORD001561,2026-02-22,West,Technology,Monitor,Customer 14017,8,190400.0,190400.0,155354.1,35045.9
ORD004342,2026-02-23,East,Technology,Monitor,Customer 15059,1,26600.0,26600.0,19935.83,6664.17
ORD003314,2026-02-23,West,Technology,Laptop,Customer 18385,4,280000.0,280000.0,213014.33,66985.67
ORD000211,2026-02-23,East,Technology,Laptop,Customer 13975,10,665000.0,665000.0,547513.85,117486.15
ORD001121,2026-02-23,West,Technology,Mouse,Customer 16429,6,11880.0,11880.0,6258.32,5621.68
ORD004159,2026-02-23,South,Furniture,Chair,Customer 19410,2,29000.0,29000.0,19198.33,9801.67
ORD001603,2026-02-24,South,Furniture,Desk,Customer 18707,8,166400.0,166400.0,142692.46,23707.54
ORD000395,2026-02-24,East,Technology,Monitor,Customer 18721,1,26600.0,26600.0,20521.69,6078.31
ORD001363,2026-02-24,North,Technology,Keyboard,Customer 16981,6,33000.0,33000.0,20568.86,12431.14
ORD001617,2026-02-24,East,Technology,Laptop,Customer 10202,8,476000.0,476000.0,417768.59,58231.41
ORD004050,2026-02-24,North,Technology,Laptop,Customer 10211,4,252000.0,252000.0,212291.55,39708.45
ORD004761,2026-02-24,West,Technology,Keyboard,Customer 19088,2,9350.0,9350.0,6704.2,2645.8
ORD003348,2026-02-25,East,Furniture,Chair,Customer 19128,3,41325.0,41325.0,29738.64,11586.36
ORD003945,2026-02-25,North,Technology,Keyboard,Customer 11808,1,5225.0,5225.0,3459.95,1765.05
ORD004221,2026-02-25,North,Technology,Keyboard,Customer 13699,1,5500.0,5500.0,3433.32,2066.68
ORD000313,2026-02-25,South,Technology,Mouse,Customer 13336,3,6270.0,6270.0,3411.92,2858.08
ORD003614,2026-02-26,South,Technology,Keyboard,Customer 10006,1,5225.0,5225.0,3613.16,1611.84
ORD001935,2026-02-26,West,Technology,Monitor,Customer 17021,2,50400.0,50400.0,39633.27,10766.73
ORD002875,2026-02-26,West,Furniture,Desk,Customer 15470,10,260000.0,260000.0,174110.22,85889.78
ORD001404,2026-02-27,North,Technology,Mouse,Customer 14165,2,4180.0,4180.0,2074.36,2105.64
ORD002850,2026-02-27,South,Office Supplies,Printer,Customer 13731,4,114000.0,114000.0,98334.07,15665.93
ORD002846,2026-02-27,North,Furniture,Chair,Customer 18736,2,29000.0,29000.0,20408.42,8591.58
ORD003454,2026-02-27,East,Technology,Laptop,Customer 13171,3,178500.0,178500.0,161172.35,17327.65
ORD001591,2026-02-28,East,Furniture,Chair,Customer 13459,3,41325.0,41325.0,28983.2,12341.8
ORD000518,2026-03-01,South,Technology,Mouse,Customer 12706,3,6600.0,6600.0,3086.78,3513.22
ORD004935,2026-03-01,South,Office Supplies,Printer,Customer 14676,3,76500.0,76500.0,76235.18,264.82
ORD002852,2026-03-01,West,Furniture,Chair,Customer 13265,1,13775.0,13775.0,9402.01,4372.99
ORD001740,2026-03-01,West,Technology,Monitor,Customer 19004,2,44800.0,44800.0,39305.7,5494.3
ORD003810,2026-03-01,North,Furniture,Chair,Customer 17272,6,82650.0,82650.0,55357.09,27292.91
ORD003572,2026-03-01,West,Furniture,Chair,Customer 19874,6,73950.0,73950.0,55366.77,18583.23
ORD003129,2026-03-01,West,Furniture,Desk,Customer 12401,2,49400.0,49400.0,33772.33,15627.67
ORD003425,2026-03-01,West,Technology,Monitor,Customer 15295,4,112000.0,112000.0,79965.31,32034.69
ORD000670,2026-03-01,South,Technology,Mouse,Customer 11241,2,3960.0,3960.0,2078.52,1881.48
ORD002845,2026-03-01,West,Furniture,Chair,Customer 16950,1,13775.0,13775.0,9248.51,4526.49
ORD000960,2026-03-01,West,Technology,Mouse,Customer 18792,5,11000.0,11000.0,4950.0,6050.0
ORD003114,2026-03-02,West,Technology,Keyboard,Customer 16821,3,16500.0,16500.0,10184.73,6315.27
ORD002823,2026-03-02,East,Office Supplies,Printer,Customer 19730,2,60000.0,60000.0,48824.87,11175.13
ORD000532,2026-03-02,East,Technology,Laptop,Customer 19166,8,504000.0,504000.0,442580.48,61419.52
ORD003046,2026-03-02,North,Technology,Monitor,Customer 11167,1,28000.0,28000.0,18913.54,9086.46
ORD002191,2026-03-02,South,Furniture,Chair,Customer 14128,1,13775.0,13775.0,9534.83,4240.17
ORD002600,2026-03-02,East,Furniture,Chair,Customer 10629,1,13775.0,13775.0,9500.39,4274.61
ORD000717,2026-03-03,West,Furniture,Desk,Customer 17878,1,23400.0,23400.0,18466.19,4933.81
ORD003633,2026-03-03,South,Office Supplies,Printer,Customer 18106,2,51000.0,51000.0,49064.34,1935.66
ORD003470,2026-03-03,North,Technology,Laptop,Customer 16875,5,297500.0,297500.0,258113.49,39386.51
ORD002037,2026-03-03,West,Furniture,Chair,Customer 10405,3,41325.0,41325.0,28569.81,12755.19
ORD001320,2026-03-03,North,Technology,Laptop,Customer 10873,5,332500.0,332500.0,263297.64,69202.36
ORD001748,2026-03-03,West,Technology,Mouse,Customer 11603,8,14960.0,14960.0,7948.63,7011.37
ORD001040,2026-03-04,North,Technology,Laptop,Customer 14613,5,350000.0,350000.0,269178.04,80821.96
ORD004128,2026-03-04,North,Office Supplies,Printer,Customer 12717,2,60000.0,60000.0,50990.59,9009.41
ORD002646,2026-03-04,South,Furniture,Desk,Customer 12819,1,26000.0,26000.0,17583.47,8416.53
ORD003549,2026-03-04,South,Furniture,Chair,Customer 11872,4,52200.0,52200.0,38357.93,13842.07
ORD004690,2026-03-04,South,Office Supplies,Printer,Customer 10606,4,120000.0,120000.0,97823.17,22176.83
ORD001493,2026-03-04,South,Technology,Mouse,Customer 11183,1,2200.0,2200.0,1131.93,1068.07
ORD004868,2026-03-04,North,Technology,Mouse,Customer 19503,5,11000.0,11000.0,5019.25,5980.75
ORD002813,2026-03-04,West,Technology,Monitor,Customer 19809,1,23800.0,23800.0,19538.66,4261.34
ORD003182,2026-03-05,North,Furniture,Chair,Customer 17551,1,13050.0,13050.0,9638.2,3411.8
ORD001323,2026-03-05,West,Furniture,Chair,Customer 19449,10,130500.0,130500.0,94224.6,36275.4
ORD004355,2026-03-05,West,Technology,Laptop,Customer 15481,5,350000.0,350000.0,274010.39,75989.61
ORD000964,2026-03-05,North,Furniture,Desk,Customer 15138,5,130000.0,130000.0,88491.83,41508.17
ORD000153,2026-03-06,East,Technology,Laptop,Customer 18458,2,133000.0,133000.0,100444.05,32555.95
ORD000460,2026-03-06,North,Furniture,Chair,Customer 19910,2,26100.0,26100.0,19430.22,6669.78
ORD002912,2026-03-06,North,Technology,Laptop,Customer 14002,2,140000.0,140000.0,117438.26,22561.74
ORD001045,2026-03-06,South,Furniture,Desk,Customer 12045,3,78000.0,78000.0,49021.97,28978.03
ORD003694,2026-03-07,North,Office Supplies,Printer,Customer 10412,5,135000.0,135000.0,123957.24,11042.76
ORD000845,2026-03-07,West,Furniture,Desk,Customer 14122,2,44200.0,44200.0,34927.67,9272.33
ORD004174,2026-03-08,North,Technology,Keyboard,Customer 14119,5,24750.0,24750.0,16436.82,8313.18
ORD003406,2026-03-09,West,Furniture,Chair,Customer 14788,1,13775.0,13775.0,10059.99,3715.01
ORD003742,2026-03-09,North,Office Supplies,Printer,Customer 12844,1,28500.0,28500.0,25556.43,2943.57
ORD000911,2026-03-09,South,Technology,Keyboard,Customer 11432,6,28050.0,28050.0,20349.59,7700.41
ORD001508,2026-03-09,South,Technology,Laptop,Customer 14616,1,70000.0,70000.0,55463.25,14536.75
ORD002653,2026-03-09,North,Technology,Laptop,Customer 14601,4,252000.0,252000.0,224241.04,27758.96
ORD002597,2026-03-09,North,Technology,Laptop,Customer 13187,3,189000.0,189000.0,173688.7,15311.3
ORD000774,2026-03-11,South,Technology,Laptop,Customer 19164,3,210000.0,210000.0,160185.63,49814.37
ORD004748,2026-03-11,South,Furniture,Desk,Customer 13910,2,46800.0,46800.0,34579.7,12220.3
ORD002256,2026-03-11,South,Office Supplies,Printer,Customer 14670,3,90000.0,90000.0,73210.55,16789.45
ORD004825,2026-03-11,South,Technology,Laptop,Customer 11856,6,420000.0,420000.0,338780.66,81219.34
ORD002150,2026-03-11,West,Furniture,Chair,Customer 19677,2,29000.0,29000.0,19630.66,9369.34
ORD003164,2026-03-11,South,Technology,Keyboard,Customer 18883,4,20900.0,20900.0,13721.92,7178.08
ORD000263,2026-03-11,West,Furniture,Chair,Customer 16063,2,27550.0,27550.0,19063.91,8486.09
ORD003649,2026-03-12,South,Furniture,Desk,Customer 11383,1,26000.0,26000.0,17438.43,8561.57
ORD004859,2026-03-12,West,Office Supplies,Printer,Customer 19917,2,54000.0,54000.0,47322.25,6677.75
ORD001199,2026-03-12,West,Office Supplies,Printer,Customer 14821,4,114000.0,114000.0,98480.38,15519.62
ORD004918,2026-03-13,West,Technology,Monitor,Customer 10036,5,140000.0,140000.0,97124.75,42875.25
ORD000937,2026-03-13,South,Furniture,Desk,Customer 10813,4,98800.0,98800.0,66713.21,32086.79
ORD003722,2026-03-13,West,Technology,Monitor,Customer 17517,3,75600.0,75600.0,56418.22,19181.78
ORD000507,2026-03-14,West,Furniture,Chair,Customer 16484,1,12325.0,12325.0,10130.15,2194.85
ORD002543,2026-03-14,East,Technology,Laptop,Customer 11010,6,399000.0,399000.0,323845.24,75154.76
ORD001104,2026-03-14,South,Technology,Keyboard,Customer 18496,2,9350.0,9350.0,6852.45,2497.55
ORD000873,2026-03-14,North,Furniture,Desk,Customer 14266,6,140400.0,140400.0,103975.84,36424.16
ORD004800,2026-03-14,South,Furniture,Desk,Customer 10466,1,26000.0,26000.0,17975.32,8024.68
ORD001819,2026-03-14,South,Technology,Mouse,Customer 16029,1,2090.0,2090.0,1027.22,1062.78
ORD004851,2026-03-15,North,Furniture,Desk,Customer 18980,5,130000.0,130000.0,90713.51,39286.49
ORD000133,2026-03-15,West,Technology,Laptop,Customer 13172,4,252000.0,252000.0,230502.97,21497.03
ORD001900,2026-03-15,North,Furniture,Chair,Customer 12230,2,29000.0,29000.0,18305.3,10694.7
ORD001377,2026-03-15,South,Office Supplies,Printer,Customer 18947,3,85500.0,85500.0,71944.75,13555.25
ORD001496,2026-03-15,South,Technology,Monitor,Customer 17228,10,238000.0,238000.0,205319.68,32680.32
ORD001480,2026-03-15,South,Technology,Mouse,Customer 13800,2,3960.0,3960.0,2266.4,1693.6
ORD003925,2026-03-15,South,Technology,Mouse,Customer 11746,2,4400.0,4400.0,2283.43,2116.57
ORD004911,2026-03-15,North,Furniture,Chair,Customer 15158,8,92800.0,92800.0,77043.44,15756.56
ORD001965,2026-03-15,South,Office Supplies,Printer,Customer 17692,3,85500.0,85500.0,79546.16,5953.84
ORD000165,2026-03-16,West,Furniture,Desk,Customer 12120,3,70200.0,70200.0,53835.67,16364.33
ORD003806,2026-03-16,South,Technology,Keyboard,Customer 16923,3,16500.0,16500.0,10101.47,6398.53
ORD002871,2026-03-16,South,Technology,Keyboard,Customer 13933,1,5500.0,5500.0,3368.5,2131.5
ORD001003,2026-03-16,North,Furniture,Desk,Customer 13928,10,247000.0,247000.0,175746.13,71253.87
ORD001909,2026-03-16,West,Technology,Mouse,Customer 12713,1,1870.0,1870.0,1084.93,785.07
ORD001695,2026-03-17,West,Office Supplies,Printer,Customer 17074,5,135000.0,135000.0,125715.01,9284.99
ORD002095,2026-03-17,West,Furniture,Chair,Customer 12818,3,41325.0,41325.0,28509.82,12815.18
ORD004366,2026-03-17,North,Furniture,Chair,Customer 12404,4,49300.0,49300.0,38580.03,10719.97
ORD002270,2026-03-17,North,Furniture,Chair,Customer 10644,2,27550.0,27550.0,18443.12,9106.88
ORD003220,2026-03-17,East,Technology,Mouse,Customer 11787,3,5610.0,5610.0,2970.0,2640.0
ORD003131,2026-03-17,North,Technology,Laptop,Customer 14003,4,280000.0,280000.0,221632.63,58367.37
ORD004003,2026-03-17,West,Technology,Laptop,Customer 13799,4,280000.0,280000.0,223791.63,56208.37
ORD001420,2026-03-17,West,Technology,Keyboard,Customer 16943,2,9350.0,9350.0,7060.23,2289.77
ORD001006,2026-03-18,West,Office Supplies,Printer,Customer 13324,2,60000.0,60000.0,48836.25,11163.75
ORD003872,2026-03-18,North,Technology,Keyboard,Customer 18762,10,55000.0,55000.0,33598.53,21401.47
ORD003382,2026-03-20,East,Technology,Monitor,Customer 14592,6,151200.0,151200.0,118416.95,32783.05
ORD003708,2026-03-20,West,Technology,Monitor,Customer 10697,2,56000.0,56000.0,40791.17,15208.83
ORD000655,2026-03-20,West,Technology,Laptop,Customer 11778,1,70000.0,70000.0,52230.84,17769.16
ORD003020,2026-03-20,North,Furniture,Chair,Customer 13092,1,12325.0,12325.0,9805.09,2519.91
ORD004206,2026-03-20,West,Technology,Keyboard,Customer 19126,5,24750.0,24750.0,17840.15,6909.85
ORD001137,2026-03-20,North,Technology,Keyboard,Customer 19057,1,5500.0,5500.0,3375.87,2124.13
ORD003657,2026-03-20,East,Technology,Keyboard,Customer 14891,5,26125.0,26125.0,16926.5,9198.5
ORD003191,2026-03-21,West,Technology,Laptop,Customer 18860,4,252000.0,252000.0,211352.2,40647.8
ORD000301,2026-03-21,North,Technology,Keyboard,Customer 17429,1,5500.0,5500.0,3283.81,2216.19
ORD003229,2026-03-21,South,Furniture,Chair,Customer 18153,4,55100.0,55100.0,40203.02,14896.98
ORD001212,2026-03-22,West,Technology,Keyboard,Customer 18693,3,15675.0,15675.0,9999.84,5675.16
ORD002134,2026-03-22,North,Furniture,Desk,Customer 12411,3,70200.0,70200.0,53171.45,17028.55
ORD002886,2026-03-22,East,Furniture,Chair,Customer 10285,3,41325.0,41325.0,29437.3,11887.7
ORD004565,2026-03-22,South,Technology,Keyboard,Customer 14424,1,4950.0,4950.0,3257.78,1692.22
ORD002916,2026-03-23,East,Furniture,Desk,Customer 10108,3,74100.0,74100.0,54810.96,19289.04
ORD001948,2026-03-23,West,Technology,Mouse,Customer 14132,2,3520.0,3520.0,2082.65,1437.35
ORD000946,2026-03-23,West,Furniture,Chair,Customer 10633,1,12325.0,12325.0,10056.15,2268.85
ORD001862,2026-03-23,East,Technology,Mouse,Customer 17176,1,2200.0,2200.0,1042.88,1157.12
ORD000874,2026-03-24,North,Office Supplies,Printer,Customer 13685,3,90000.0,90000.0,73390.32,16609.68
ORD000992,2026-03-24,East,Furniture,Chair,Customer 11603,1,13050.0,13050.0,9052.82,3997.18
ORD003736,2026-03-24,West,Technology,Mouse,Customer 14293,5,9900.0,9900.0,5327.1,4572.9
ORD004219,2026-03-24,South,Furniture,Chair,Customer 17301,6,78300.0,78300.0,54388.97,23911.03
ORD000535,2026-03-25,West,Technology,Keyboard,Customer 12743,1,5225.0,5225.0,3355.31,1869.69
ORD003401,2026-03-25,West,Technology,Laptop,Customer 12552,3,199500.0,199500.0,168478.84,31021.16
ORD002407,2026-03-25,West,Furniture,Chair,Customer 16714,2,24650.0,24650.0,20559.48,4090.52
ORD000432,2026-03-25,South,Technology,Keyboard,Customer 16674,8,35200.0,35200.0,27728.5,7471.5
ORD003696,2026-03-25,North,Furniture,Desk,Customer 11654,1,24700.0,24700.0,18007.3,6692.7
ORD004143,2026-03-25,North,Office Supplies,Printer,Customer 10268,1,28500.0,28500.0,23645.1,4854.9
ORD002163,2026-03-26,East,Technology,Laptop,Customer 19312,1,70000.0,70000.0,53581.42,16418.58
ORD001977,2026-03-26,South,Furniture,Chair,Customer 19832,5,65250.0,65250.0,48619.14,16630.86
ORD003579,2026-03-26,East,Furniture,Chair,Customer 16139,1,13775.0,13775.0,10201.1,3573.9
ORD001643,2026-03-26,North,Furniture,Desk,Customer 18590,3,70200.0,70200.0,54458.79,15741.21
ORD003111,2026-03-26,West,Technology,Keyboard,Customer 13370,2,11000.0,11000.0,6491.59,4508.41
ORD003168,2026-03-26,East,Technology,Monitor,Customer 10556,2,47600.0,47600.0,41593.49,6006.51
ORD003517,2026-03-27,South,Furniture,Chair,Customer 16892,2,26100.0,26100.0,18725.44,7374.56
ORD002518,2026-03-27,South,Office Supplies,Printer,Customer 18933,2,51000.0,51000.0,50325.51,674.49
ORD000912,2026-03-27,West,Furniture,Desk,Customer 13234,2,46800.0,46800.0,37953.17,8846.83
ORD002437,2026-03-27,East,Furniture,Chair,Customer 12254,4,55100.0,55100.0,39158.81,15941.19
ORD001752,2026-03-28,West,Furniture,Desk,Customer 11744,1,23400.0,23400.0,17453.61,5946.39
ORD002428,2026-03-28,West,Furniture,Desk,Customer 18383,2,52000.0,52000.0,36215.85,15784.15
ORD001144,2026-03-28,South,Furniture,Chair,Customer 13172,2,27550.0,27550.0,18899.99,8650.01
ORD001185,2026-03-28,West,Office Supplies,Printer,Customer 15785,3,81000.0,81000.0,69599.11,11400.89
ORD000043,2026-03-29,North,Technology,Mouse,Customer 18165,1,2200.0,2200.0,995.68,1204.32
ORD000752,2026-03-29,East,Furniture,Desk,Customer 12344,3,70200.0,70200.0,51683.43,18516.57
ORD000204,2026-03-29,North,Technology,Laptop,Customer 19355,6,399000.0,399000.0,338178.86,60821.14
ORD000080,2026-03-29,East,Office Supplies,Printer,Customer 12177,3,85500.0,85500.0,71924.92,13575.08
ORD002529,2026-03-29,North,Office Supplies,Printer,Customer 18009,4,114000.0,114000.0,92672.59,21327.41
ORD003483,2026-03-30,South,Technology,Mouse,Customer 12276,2,3960.0,3960.0,2300.01,1659.99
ORD004777,2026-03-30,South,Technology,Keyboard,Customer 15389,2,9350.0,9350.0,6933.77,2416.23
ORD001699,2026-03-30,North,Technology,Keyboard,Customer 13890,2,9900.0,9900.0,7058.1,2841.9
ORD000008,2026-03-30,South,Furniture,Desk,Customer 13875,2,44200.0,44200.0,35661.81,8538.19
ORD002554,2026-03-30,North,Technology,Laptop,Customer 15545,2,140000.0,140000.0,112744.52,27255.48
ORD003744,2026-03-31,West,Technology,Laptop,Customer 13937,2,126000.0,126000.0,102787.64,23212.36
ORD004364,2026-03-31,South,Furniture,Desk,Customer 14524,4,104000.0,104000.0,69826.04,34173.96
ORD000476,2026-03-31,East,Technology,Monitor,Customer 14105,1,26600.0,26600.0,20838.86,5761.14
ORD004990,2026-03-31,North,Furniture,Desk,Customer 16436,4,104000.0,104000.0,69277.92,34722.08
ORD000781,2026-03-31,North,Technology,Mouse,Customer 12970,2,4180.0,4180.0,2092.21,2087.79
ORD004839,2026-03-31,South,Technology,Monitor,Customer 10362,3,75600.0,75600.0,61452.41,14147.59
ORD003578,2026-03-31,North,Office Supplies,Printer,Customer 16186,1,30000.0,30000.0,25245.75,4754.25
ORD000508,2026-04-01,South,Office Supplies,Printer,Customer 12156,2,54000.0,54000.0,49515.8,4484.2
ORD001360,2026-04-01,West,Technology,Monitor,Customer 16374,2,53200.0,53200.0,37944.8,15255.2
ORD001021,2026-04-01,North,Furniture,Desk,Customer 14225,4,98800.0,98800.0,70229.97,28570.03
ORD004110,2026-04-01,North,Technology,Monitor,Customer 19476,2,50400.0,50400.0,40805.06,9594.94
ORD001764,2026-04-01,South,Office Supplies,Printer,Customer 15478,1,24000.0,24000.0,24451.93,-451.93
ORD001416,2026-04-03,South,Technology,Monitor,Customer 13419,1,26600.0,26600.0,21212.24,5387.76
ORD003343,2026-04-03,East,Technology,Laptop,Customer 17365,3,178500.0,178500.0,160174.0,18326.0
ORD003456,2026-04-03,West,Technology,Laptop,Customer 12750,4,252000.0,252000.0,226267.78,25732.22
ORD003602,2026-04-03,South,Technology,Laptop,Customer 11893,4,266000.0,266000.0,217794.86,48205.14
ORD001205,2026-04-03,West,Furniture,Chair,Customer 17098,6,87000.0,87000.0,60116.36,26883.64
ORD002181,2026-04-03,North,Furniture,Desk,Customer 14038,1,26000.0,26000.0,17682.05,8317.95
ORD002457,2026-04-03,North,Technology,Monitor,Customer 15173,1,25200.0,25200.0,21147.98,4052.02
ORD000040,2026-04-04,North,Furniture,Chair,Customer 10179,5,68875.0,68875.0,46779.34,22095.66
ORD001854,2026-04-04,North,Technology,Mouse,Customer 15997,2,3960.0,3960.0,2218.17,1741.83
ORD004828,2026-04-04,North,Furniture,Desk,Customer 14923,1,23400.0,23400.0,17687.55,5712.45
ORD000337,2026-04-04,East,Technology,Mouse,Customer 15304,2,3740.0,3740.0,2115.42,1624.58
ORD004283,2026-04-05,West,Furniture,Desk,Customer 13706,2,41600.0,41600.0,34309.68,7290.32
ORD003404,2026-04-05,South,Furniture,Chair,Customer 16225,2,29000.0,29000.0,18935.29,10064.71
ORD000698,2026-04-05,East,Technology,Laptop,Customer 11059,1,70000.0,70000.0,55957.57,14042.43
ORD003709,2026-04-05,East,Technology,Monitor,Customer 18702,5,126000.0,126000.0,104478.0,21522.0
ORD001359,2026-04-05,East,Technology,Mouse,Customer 12592,1,2200.0,2200.0,990.0,1210.0
ORD004788,2026-04-06,West,Technology,Monitor,Customer 17473,4,112000.0,112000.0,81327.96,30672.04
ORD002315,2026-04-07,West,Furniture,Desk,Customer 14459,5,130000.0,130000.0,86898.41,43101.59
ORD000025,2026-04-07,North,Technology,Mouse,Customer 14389,1,2090.0,2090.0,1033.16,1056.84
ORD004714,2026-04-07,West,Technology,Laptop,Customer 14699,6,399000.0,399000.0,332348.25,66651.75
ORD004860,2026-04-07,South,Furniture,Chair,Customer 19086,5,61625.0,61625.0,45929.05,15695.95
ORD002235,2026-04-08,East,Technology,Laptop,Customer 12456,1,63000.0,63000.0,53526.89,9473.11
ORD001010,2026-04-08,East,Technology,Laptop,Customer 13486,5,332500.0,332500.0,283715.51,48784.49
ORD004696,2026-04-08,East,Technology,Laptop,Customer 13605,1,70000.0,70000.0,55759.38,14240.62
ORD000407,2026-04-08,East,Technology,Mouse,Customer 15830,3,6600.0,6600.0,3137.76,3462.24
ORD004566,2026-04-08,East,Technology,Laptop,Customer 19207,2,119000.0,119000.0,114694.65,4305.35
ORD002739,2026-04-08,South,Furniture,Desk,Customer 12132,2,46800.0,46800.0,35772.55,11027.45
ORD001477,2026-04-08,South,Technology,Keyboard,Customer 13685,5,26125.0,26125.0,16095.49,10029.51
ORD004656,2026-04-09,West,Furniture,Chair,Customer 16497,3,41325.0,41325.0,28631.34,12693.66
ORD001718,2026-04-09,East,Office Supplies,Printer,Customer 11933,4,102000.0,102000.0,97299.88,4700.12
ORD004470,2026-04-09,East,Technology,Mouse,Customer 15822,2,3740.0,3740.0,2201.44,1538.56
ORD000564,2026-04-09,North,Furniture,Chair,Customer 10748,1,13050.0,13050.0,9981.54,3068.46
ORD004592,2026-04-10,West,Technology,Monitor,Customer 13174,5,126000.0,126000.0,106669.69,19330.31
ORD003420,2026-04-10,West,Technology,Mouse,Customer 10661,3,6270.0,6270.0,3155.97,3114.03
ORD001068,2026-04-10,North,Technology,Mouse,Customer 12256,6,11220.0,11220.0,6541.41,4678.59
ORD003145,2026-04-10,West,Furniture,Chair,Customer 16767,2,24650.0,24650.0,18878.67,5771.33
ORD000770,2026-04-10,East,Technology,Keyboard,Customer 13404,1,4950.0,4950.0,3313.18,1636.82
ORD001555,2026-04-10,South,Furniture,Chair,Customer 14645,1,13775.0,13775.0,9740.03,4034.97
ORD000917,2026-04-10,South,Technology,Monitor,Customer 19152,2,50400.0,50400.0,40722.23,9677.77
ORD002247,2026-04-11,North,Furniture,Chair,Customer 19776,1,12325.0,12325.0,9024.11,3300.89
ORD004173,2026-04-11,South,Technology,Mouse,Customer 18110,4,7920.0,7920.0,4065.7,3854.3
ORD002721,2026-04-11,East,Technology,Laptop,Customer 15459,1,66500.0,66500.0,51331.61,15168.39
ORD001436,2026-04-11,East,Technology,Monitor,Customer 10759,1,22400.0,22400.0,19763.49,2636.51
ORD001233,2026-04-11,North,Technology,Monitor,Customer 17139,6,142800.0,142800.0,125929.04,16870.96
ORD003765,2026-04-11,West,Office Supplies,Printer,Customer 15215,2,57000.0,57000.0,49427.77,7572.23
ORD002578,2026-04-12,South,Technology,Laptop,Customer 19331,2,140000.0,140000.0,112986.24,27013.76
ORD001757,2026-04-12,South,Office Supplies,Printer,Customer 12278,2,51000.0,51000.0,46457.06,4542.94
ORD000498,2026-04-12,North,Technology,Mouse,Customer 19792,2,3960.0,3960.0,2029.93,1930.07
ORD003335,2026-04-12,North,Technology,Laptop,Customer 12898,1,70000.0,70000.0,52824.65,17175.35
ORD003350,2026-04-13,East,Furniture,Chair,Customer 14784,1,12325.0,12325.0,9114.79,3210.21
ORD003267,2026-04-13,East,Technology,Laptop,Customer 14444,2,133000.0,133000.0,109386.87,23613.13
ORD003197,2026-04-13,North,Furniture,Chair,Customer 10291,8,110200.0,110200.0,75378.44,34821.56
ORD002178,2026-04-13,East,Technology,Keyboard,Customer 16201,8,37400.0,37400.0,26032.99,11367.01
ORD000776,2026-04-14,East,Technology,Monitor,Customer 12813,1,26600.0,26600.0,20382.93,6217.07
ORD000853,2026-04-14,West,Furniture,Chair,Customer 12274,2,29000.0,29000.0,18836.05,10163.95
ORD000844,2026-04-14,South,Technology,Laptop,Customer 19330,3,199500.0,199500.0,165136.41,34363.59
ORD000878,2026-04-14,East,Technology,Monitor,Customer 13072,1,25200.0,25200.0,19526.38,5673.62
ORD004638,2026-04-15,South,Technology,Laptop,Customer 14314,4,266000.0,266000.0,214371.94,51628.06
ORD003973,2026-04-15,South,Technology,Keyboard,Customer 17469,2,9900.0,9900.0,6711.14,3188.86
ORD003151,2026-04-15,South,Technology,Laptop,Customer 15463,2,133000.0,133000.0,109833.42,23166.58
ORD002589,2026-04-15,North,Technology,Monitor,Customer 14241,4,112000.0,112000.0,78219.7,33780.3
ORD004683,2026-04-15,West,Technology,Laptop,Customer 19684,2,133000.0,133000.0,110207.12,22792.88
ORD000331,2026-04-15,North,Furniture,Chair,Customer 13398,1,14500.0,14500.0,9297.34,5202.66
ORD004529,2026-04-15,South,Office Supplies,Printer,Customer 11970,1,27000.0,27000.0,24133.99,2866.01
ORD004599,2026-04-16,South,Furniture,Chair,Customer 13896,6,82650.0,82650.0,54137.77,28512.23
ORD002879,2026-04-16,South,Technology,Monitor,Customer 10014,3,79800.0,79800.0,60786.06,19013.94
ORD004618,2026-04-16,South,Technology,Mouse,Customer 10098,2,4400.0,4400.0,2102.51,2297.49
ORD002843,2026-04-17,North,Technology,Keyboard,Customer 19446,1,4675.0,4675.0,3356.65,1318.35
ORD004703,2026-04-17,West,Furniture,Desk,Customer 18984,3,78000.0,78000.0,51275.32,26724.68
ORD003110,2026-04-17,West,Furniture,Desk,Customer 14402,1,24700.0,24700.0,17163.86,7536.14
ORD000238,2026-04-17,West,Furniture,Chair,Customer 12058,3,43500.0,43500.0,29212.66,14287.34
ORD004857,2026-04-17,North,Technology,Mouse,Customer 16589,3,5610.0,5610.0,3541.15,2068.85
ORD000989,2026-04-17,North,Technology,Mouse,Customer 10145,1,1980.0,1980.0,990.0,990.0
ORD002047,2026-04-18,West,Technology,Laptop,Customer 14483,2,126000.0,126000.0,114961.02,11038.98
ORD001291,2026-04-18,West,Furniture,Desk,Customer 16348,2,52000.0,52000.0,36330.68,15669.32
ORD000144,2026-04-18,North,Technology,Mouse,Customer 17981,1,1870.0,1870.0,1014.59,855.41
ORD000360,2026-04-18,South,Technology,Keyboard,Customer 18937,2,9350.0,9350.0,6849.57,2500.43
ORD003704,2026-04-19,East,Technology,Mouse,Customer 12896,1,1870.0,1870.0,1112.9,757.1
ORD004202,2026-04-19,East,Furniture,Chair,Customer 10142,8,104400.0,104400.0,80175.04,24224.96
ORD000558,2026-04-19,South,Technology,Mouse,Customer 13181,2,3960.0,3960.0,2050.71,1909.29
ORD003358,2026-04-19,South,Furniture,Chair,Customer 16150,3,39150.0,39150.0,26983.93,12166.07
ORD000548,2026-04-19,North,Technology,Mouse,Customer 14792,8,15840.0,15840.0,7920.0,7920.0
ORD004693,2026-04-19,North,Furniture,Desk,Customer 10618,1,24700.0,24700.0,18351.44,6348.56
ORD001837,2026-04-20,South,Furniture,Chair,Customer 10829,2,23200.0,23200.0,19906.36,3293.64
ORD002397,2026-04-20,East,Office Supplies,Printer,Customer 13368,1,30000.0,30000.0,23304.51,6695.49
ORD003475,2026-04-20,West,Office Supplies,Printer,Customer 12617,1,24000.0,24000.0,25365.15,-1365.15
ORD002245,2026-04-20,West,Technology,Laptop,Customer 15969,4,280000.0,280000.0,207025.65,72974.35
ORD002725,2026-04-20,South,Technology,Keyboard,Customer 16086,1,4400.0,4400.0,3520.21,879.79
ORD002925,2026-04-20,North,Furniture,Chair,Customer 18257,8,104400.0,104400.0,75376.08,29023.92
ORD003868,2026-04-21,South,Furniture,Chair,Customer 17738,1,14500.0,14500.0,9453.1,5046.9
ORD004044,2026-04-21,North,Furniture,Chair,Customer 11154,4,58000.0,58000.0,36465.8,21534.2
ORD002839,2026-04-22,East,Technology,Laptop,Customer 14372,2,119000.0,119000.0,109055.72,9944.28
ORD001767,2026-04-22,West,Furniture,Desk,Customer 16978,1,24700.0,24700.0,17876.09,6823.91
ORD004560,2026-04-22,North,Technology,Mouse,Customer 16576,1,2200.0,2200.0,990.0,1210.0
ORD003726,2026-04-22,South,Technology,Monitor,Customer 12257,5,140000.0,140000.0,97336.66,42663.34
ORD001434,2026-04-22,North,Technology,Mouse,Customer 19796,3,6270.0,6270.0,3294.63,2975.37
ORD001674,2026-04-22,North,Office Supplies,Printer,Customer 19704,5,135000.0,135000.0,124929.5,10070.5
ORD004912,2026-04-23,South,Office Supplies,Printer,Customer 13657,8,204000.0,204000.0,190140.11,13859.89
ORD002401,2026-04-23,South,Office Supplies,Printer,Customer 19360,1,30000.0,30000.0,24899.29,5100.71
ORD004540,2026-04-24,East,Furniture,Desk,Customer 19350,6,148200.0,148200.0,103027.04,45172.96
ORD002632,2026-04-24,East,Furniture,Chair,Customer 19713,2,24650.0,24650.0,19418.32,5231.68
ORD004802,2026-04-24,South,Technology,Mouse,Customer 11724,1,2090.0,2090.0,1106.51,983.49
ORD003804,2026-04-24,North,Furniture,Chair,Customer 19330,1,14500.0,14500.0,9658.38,4841.62
ORD004146,2026-04-24,East,Technology,Keyboard,Customer 11379,2,9350.0,9350.0,7372.39,1977.61
ORD000085,2026-04-25,North,Furniture,Chair,Customer 18420,2,29000.0,29000.0,19622.55,9377.45
ORD003033,2026-04-25,South,Technology,Keyboard,Customer 11012,4,22000.0,22000.0,13719.69,8280.31
ORD001556,2026-04-25,West,Technology,Mouse,Customer 18866,6,12540.0,12540.0,6290.05,6249.95
ORD003801,2026-04-25,West,Technology,Laptop,Customer 11649,2,140000.0,140000.0,114889.03,25110.97
ORD000560,2026-04-25,North,Technology,Laptop,Customer 18551,2,119000.0,119000.0,107159.52,11840.48
ORD002735,2026-04-25,West,Technology,Keyboard,Customer 12182,5,23375.0,23375.0,17604.14,5770.86
ORD004408,2026-04-26,South,Technology,Keyboard,Customer 19479,5,26125.0,26125.0,17074.68,9050.32
ORD001542,2026-04-26,South,Furniture,Chair,Customer 13684,3,43500.0,43500.0,28068.81,15431.19
ORD002868,2026-04-26,West,Technology,Laptop,Customer 10057,1,59500.0,59500.0,56304.12,3195.88
ORD003097,2026-04-26,West,Technology,Mouse,Customer 12926,3,6270.0,6270.0,3169.54,3100.46
ORD000924,2026-04-26,North,Technology,Laptop,Customer 11562,8,560000.0,560000.0,423660.38,136339.62
ORD003053,2026-04-27,South,Technology,Mouse,Customer 17448,2,3740.0,3740.0,2018.19,1721.81
ORD001867,2026-04-27,South,Technology,Monitor,Customer 13537,2,56000.0,56000.0,41058.65,14941.35
ORD004099,2026-04-27,West,Technology,Monitor,Customer 11500,1,28000.0,28000.0,19995.52,8004.48
ORD004338,2026-04-27,West,Technology,Mouse,Customer 11725,2,4400.0,4400.0,2034.85,2365.15
ORD003393,2026-04-28,North,Technology,Mouse,Customer 11632,3,6600.0,6600.0,3249.63,3350.37
ORD004625,2026-04-28,West,Technology,Mouse,Customer 11802,3,6270.0,6270.0,3028.2,3241.8
ORD000232,2026-04-28,South,Furniture,Chair,Customer 15674,1,13775.0,13775.0,9386.17,4388.83
ORD004220,2026-04-28,South,Technology,Mouse,Customer 17396,2,3960.0,3960.0,2193.99,1766.01
ORD002490,2026-04-28,South,Technology,Laptop,Customer 11716,2,119000.0,119000.0,115403.83,3596.17
ORD001067,2026-04-28,East,Technology,Mouse,Customer 18543,2,4180.0,4180.0,2193.8,1986.2
ORD002153,2026-04-28,South,Furniture,Chair,Customer 16699,5,72500.0,72500.0,48691.45,23808.55
ORD004196,2026-04-28,West,Technology,Keyboard,Customer 18636,1,4950.0,4950.0,3294.06,1655.94
ORD003122,2026-04-28,North,Furniture,Chair,Customer 17192,1,13050.0,13050.0,9276.05,3773.95
ORD000932,2026-04-28,South,Furniture,Desk,Customer 12269,2,46800.0,46800.0,35381.46,11418.54
ORD000319,2026-04-28,South,Office Supplies,Printer,Customer 14941,4,108000.0,108000.0,95206.58,12793.42
ORD001156,2026-04-28,West,Furniture,Chair,Customer 11968,3,43500.0,43500.0,29375.09,14124.91
ORD003026,2026-04-29,North,Office Supplies,Printer,Customer 13497,4,108000.0,108000.0,97816.08,10183.92
ORD000383,2026-04-29,South,Furniture,Chair,Customer 14361,4,55100.0,55100.0,34827.16,20272.84
ORD003526,2026-04-29,West,Technology,Mouse,Customer 17598,1,2090.0,2090.0,1088.51,1001.49
ORD002109,2026-04-30,South,Technology,Keyboard,Customer 16565,1,4950.0,4950.0,3117.1,1832.9
ORD001901,2026-04-30,South,Furniture,Chair,Customer 16527,1,13775.0,13775.0,9424.04,4350.96
ORD003748,2026-04-30,West,Technology,Laptop,Customer 19475,5,350000.0,350000.0,263219.23,86780.77
ORD001985,2026-04-30,South,Technology,Monitor,Customer 15183,1,25200.0,25200.0,19765.83,5434.17
ORD002432,2026-05-01,South,Technology,Keyboard,Customer 19934,3,16500.0,16500.0,9824.09,6675.91
ORD002126,2026-05-01,South,Furniture,Desk,Customer 12068,3,78000.0,78000.0,52686.81,25313.19
ORD003325,2026-05-01,North,Technology,Monitor,Customer 13595,4,106400.0,106400.0,79561.13,26838.87
ORD000867,2026-05-01,North,Technology,Monitor,Customer 10988,1,28000.0,28000.0,19497.06,8502.94
ORD004956,2026-05-01,North,Furniture,Desk,Customer 12501,2,49400.0,49400.0,35200.84,14199.16
ORD004301,2026-05-01,North,Technology,Mouse,Customer 12001,2,3960.0,3960.0,2104.54,1855.46
ORD000566,2026-05-02,North,Furniture,Chair,Customer 15060,5,68875.0,68875.0,47884.42,20990.58
ORD004916,2026-05-02,South,Office Supplies,Printer,Customer 11614,2,60000.0,60000.0,48862.69,11137.31
ORD004194,2026-05-03,West,Technology,Laptop,Customer 17776,3,178500.0,178500.0,166982.54,11517.46
ORD000185,2026-05-04,West,Technology,Monitor,Customer 19329,1,26600.0,26600.0,22126.45,4473.55
ORD000710,2026-05-04,South,Technology,Mouse,Customer 10421,5,9350.0,9350.0,5139.51,4210.49
ORD002530,2026-05-04,East,Furniture,Chair,Customer 12943,6,69600.0,69600.0,55770.58,13829.42
ORD004154,2026-05-04,West,Technology,Mouse,Customer 15572,5,10450.0,10450.0,5477.48,4972.52
ORD003243,2026-05-04,East,Furniture,Desk,Customer 18757,4,93600.0,93600.0,71917.43,21682.57
ORD000633,2026-05-05,North,Furniture,Chair,Customer 15641,5,65250.0,65250.0,47667.34,17582.66
ORD003538,2026-05-05,East,Technology,Laptop,Customer 14901,5,315000.0,315000.0,285850.47,29149.53
ORD003205,2026-05-05,East,Office Supplies,Printer,Customer 11592,2,60000.0,60000.0,49083.78,10916.22
ORD000469,2026-05-05,West,Furniture,Chair,Customer 19558,2,26100.0,26100.0,19772.18,6327.82
ORD001193,2026-05-06,West,Furniture,Chair,Customer 10057,4,52200.0,52200.0,39392.64,12807.36
ORD002463,2026-05-06,East,Technology,Mouse,Customer 13350,1,2200.0,2200.0,1101.63,1098.37
ORD000563,2026-05-06,East,Technology,Mouse,Customer 11383,8,16720.0,16720.0,8371.36,8348.64
ORD000716,2026-05-06,South,Technology,Keyboard,Customer 17980,8,39600.0,39600.0,27610.68,11989.32
ORD002240,2026-05-07,West,Technology,Keyboard,Customer 17069,1,5225.0,5225.0,3367.19,1857.81
ORD002844,2026-05-07,North,Technology,Monitor,Customer 15921,6,151200.0,151200.0,125829.26,25370.74
ORD001048,2026-05-07,East,Office Supplies,Printer,Customer 14887,2,57000.0,57000.0,51621.37,5378.63
ORD004415,2026-05-07,South,Technology,Mouse,Customer 14778,1,1870.0,1870.0,1033.68,836.32
ORD003277,2026-05-07,North,Office Supplies,Printer,Customer 17546,3,85500.0,85500.0,75253.76,10246.24
ORD000224,2026-05-08,West,Technology,Keyboard,Customer 17947,2,10450.0,10450.0,6495.5,3954.5
ORD004010,2026-05-08,South,Furniture,Desk,Customer 12724,1,23400.0,23400.0,17596.96,5803.04
ORD001189,2026-05-08,West,Office Supplies,Printer,Customer 19730,2,60000.0,60000.0,49905.97,10094.03
ORD004568,2026-05-08,West,Office Supplies,Printer,Customer 15975,2,60000.0,60000.0,49533.78,10466.22
ORD001947,2026-05-08,East,Furniture,Chair,Customer 13613,6,73950.0,73950.0,54724.12,19225.88
ORD004005,2026-05-08,North,Technology,Monitor,Customer 18881,1,28000.0,28000.0,20687.13,7312.87
ORD001252,2026-05-09,South,Technology,Monitor,Customer 19140,2,47600.0,47600.0,40033.02,7566.98
ORD001109,2026-05-09,South,Technology,Mouse,Customer 18181,2,4400.0,4400.0,2135.06,2264.94
ORD002963,2026-05-09,West,Technology,Monitor,Customer 17111,4,100800.0,100800.0,75307.07,25492.93
ORD000556,2026-05-09,South,Technology,Mouse,Customer 17738,3,5940.0,5940.0,3346.44,2593.56
ORD004946,2026-05-09,South,Furniture,Desk,Customer 14167,4,93600.0,93600.0,67781.24,25818.76
ORD002151,2026-05-10,West,Technology,Laptop,Customer 14888,3,189000.0,189000.0,162354.33,26645.67
ORD001506,2026-05-10,North,Technology,Mouse,Customer 10246,2,4400.0,4400.0,2172.48,2227.52
ORD003686,2026-05-10,West,Technology,Keyboard,Customer 12295,4,22000.0,22000.0,13836.25,8163.75
ORD003091,2026-05-10,West,Technology,Keyboard,Customer 12278,1,5500.0,5500.0,3188.49,2311.51
ORD000814,2026-05-11,East,Furniture,Desk,Customer 18783,2,49400.0,49400.0,35767.12,13632.88
ORD001978,2026-05-11,South,Furniture,Desk,Customer 11908,4,93600.0,93600.0,70790.01,22809.99
ORD002840,2026-05-11,West,Technology,Mouse,Customer 12832,4,8800.0,8800.0,4161.97,4638.03
ORD001152,2026-05-11,East,Furniture,Chair,Customer 16319,3,34800.0,34800.0,29965.94,4834.06
ORD002060,2026-05-11,North,Office Supplies,Printer,Customer 16376,8,204000.0,204000.0,197055.38,6944.62
ORD004112,2026-05-11,West,Technology,Laptop,Customer 10455,8,560000.0,560000.0,429296.46,130703.54
ORD003920,2026-05-11,West,Furniture,Chair,Customer 15995,4,58000.0,58000.0,38216.33,19783.67
ORD002329,2026-05-11,East,Furniture,Desk,Customer 14774,2,46800.0,46800.0,34108.46,12691.54
ORD001858,2026-05-12,North,Technology,Laptop,Customer 11784,4,280000.0,280000.0,216768.47,63231.53
ORD003970,2026-05-12,West,Technology,Monitor,Customer 11104,2,56000.0,56000.0,43006.15,12993.85
ORD004502,2026-05-12,South,Technology,Monitor,Customer 17395,1,23800.0,23800.0,19445.31,4354.69
ORD004115,2026-05-12,West,Technology,Laptop,Customer 17855,2,126000.0,126000.0,109824.12,16175.88
ORD002159,2026-05-12,South,Furniture,Desk,Customer 19868,2,49400.0,49400.0,37471.77,11928.23
ORD002476,2026-05-12,South,Technology,Monitor,Customer 17705,5,133000.0,133000.0,94500.12,38499.88
ORD004737,2026-05-12,South,Technology,Mouse,Customer 15155,2,4400.0,4400.0,2113.15,2286.85
ORD004745,2026-05-13,West,Office Supplies,Printer,Customer 14823,3,81000.0,81000.0,72655.25,8344.75
ORD003337,2026-05-13,West,Technology,Mouse,Customer 10106,2,3960.0,3960.0,2089.98,1870.02
ORD001105,2026-05-13,South,Furniture,Desk,Customer 18447,5,123500.0,123500.0,92466.11,31033.89
ORD001927,2026-05-13,North,Furniture,Chair,Customer 12867,1,13775.0,13775.0,9493.35,4281.65
ORD004011,2026-05-13,East,Technology,Laptop,Customer 19530,2,126000.0,126000.0,107573.39,18426.61
ORD002193,2026-05-13,East,Technology,Mouse,Customer 19364,2,3740.0,3740.0,2191.76,1548.24
ORD003779,2026-05-13,North,Furniture,Desk,Customer 12931,10,247000.0,247000.0,171270.5,75729.5
ORD003157,2026-05-14,North,Office Supplies,Printer,Customer 10934,2,51000.0,51000.0,49055.13,1944.87
ORD001225,2026-05-14,West,Technology,Monitor,Customer 18554,1,28000.0,28000.0,19124.61,8875.39
ORD004226,2026-05-14,East,Technology,Monitor,Customer 11479,1,25200.0,25200.0,20751.6,4448.4
ORD004832,2026-05-14,North,Technology,Laptop,Customer 17165,3,189000.0,189000.0,161748.96,27251.04
ORD000114,2026-05-14,West,Technology,Mouse,Customer 19592,3,6270.0,6270.0,3114.57,3155.43
ORD003378,2026-05-14,North,Technology,Mouse,Customer 10908,2,4400.0,4400.0,2080.77,2319.23
ORD003169,2026-05-14,South,Technology,Monitor,Customer 10311,2,53200.0,53200.0,37933.62,15266.38
ORD000780,2026-05-15,West,Office Supplies,Printer,Customer 17757,2,57000.0,57000.0,48757.17,8242.83
ORD002501,2026-05-15,North,Furniture,Desk,Customer 18881,1,24700.0,24700.0,17468.2,7231.8
ORD004249,2026-05-15,East,Technology,Mouse,Customer 11128,2,4180.0,4180.0,2096.38,2083.62
ORD000810,2026-05-15,North,Technology,Mouse,Customer 13635,1,1980.0,1980.0,1065.85,914.15
ORD004733,2026-05-15,West,Furniture,Desk,Customer 14958,1,24700.0,24700.0,16236.76,8463.24
ORD002084,2026-05-15,West,Office Supplies,Printer,Customer 17461,1,30000.0,30000.0,25605.04,4394.96
ORD001934,2026-05-15,South,Technology,Keyboard,Customer 17720,3,16500.0,16500.0,9658.23,6841.77
ORD000392,2026-05-16,North,Technology,Keyboard,Customer 19890,5,26125.0,26125.0,17059.2,9065.8
ORD001600,2026-05-16,North,Technology,Mouse,Customer 18009,1,2090.0,2090.0,1007.91,1082.09
ORD001111,2026-05-17,North,Office Supplies,Printer,Customer 14942,10,300000.0,300000.0,237214.16,62785.84
ORD001169,2026-05-17,East,Technology,Keyboard,Customer 11404,1,5225.0,5225.0,3175.41,2049.59
ORD001970,2026-05-17,North,Office Supplies,Printer,Customer 17924,1,28500.0,28500.0,24588.45,3911.55
ORD004780,2026-05-17,South,Technology,Mouse,Customer 18083,2,4400.0,4400.0,2077.29,2322.71
ORD001642,2026-05-17,East,Furniture,Chair,Customer 15014,1,14500.0,14500.0,8953.94,5546.06
ORD000683,2026-05-17,South,Furniture,Chair,Customer 17708,2,27550.0,27550.0,19841.47,7708.53
ORD001335,2026-05-17,West,Furniture,Chair,Customer 17096,3,39150.0,39150.0,28318.14,10831.86
ORD001155,2026-05-17,South,Technology,Laptop,Customer 13616,3,189000.0,189000.0,165818.25,23181.75
ORD004331,2026-05-18,South,Furniture,Chair,Customer 12966,2,29000.0,29000.0,20069.63,8930.37
ORD002473,2026-05-18,South,Office Supplies,Printer,Customer 13735,5,142500.0,142500.0,124798.01,17701.99
ORD002474,2026-05-18,South,Office Supplies,Printer,Customer 16425,3,90000.0,90000.0,72939.41,17060.59
ORD001853,2026-05-18,East,Furniture,Desk,Customer 19566,1,23400.0,23400.0,18049.13,5350.87
ORD004409,2026-05-18,East,Technology,Laptop,Customer 18602,3,199500.0,199500.0,167760.6,31739.4
ORD004662,2026-05-19,West,Technology,Laptop,Customer 16328,5,280000.0,280000.0,265602.55,14397.45
ORD004841,2026-05-20,South,Technology,Mouse,Customer 19237,1,1870.0,1870.0,1035.51,834.49
ORD003855,2026-05-21,West,Furniture,Desk,Customer 12973,1,26000.0,26000.0,17728.52,8271.48
ORD004965,2026-05-21,West,Furniture,Desk,Customer 10166,1,24700.0,24700.0,18285.48,6414.52
ORD002015,2026-05-21,South,Technology,Keyboard,Customer 11971,1,5225.0,5225.0,3382.23,1842.77
ORD002705,2026-05-21,South,Technology,Monitor,Customer 14361,2,56000.0,56000.0,42037.57,13962.43
ORD002612,2026-05-21,North,Technology,Mouse,Customer 16096,3,6270.0,6270.0,3145.88,3124.12
ORD003610,2026-05-21,North,Office Supplies,Printer,Customer 18923,3,76500.0,76500.0,71748.48,4751.52
ORD000671,2026-05-22,West,Technology,Monitor,Customer 14424,5,133000.0,133000.0,105377.7,27622.3
ORD002998,2026-05-22,West,Technology,Laptop,Customer 17150,2,119000.0,119000.0,109854.6,9145.4
ORD002772,2026-05-22,South,Technology,Laptop,Customer 14261,1,63000.0,63000.0,51206.71,11793.29
ORD004833,2026-05-22,West,Technology,Keyboard,Customer 14557,1,5500.0,5500.0,3571.97,1928.03
ORD001371,2026-05-22,South,Technology,Mouse,Customer 12669,1,1760.0,1760.0,1008.23,751.77
ORD002218,2026-05-23,South,Technology,Monitor,Customer 14035,8,212800.0,212800.0,155137.52,57662.48
ORD001093,2026-05-23,North,Office Supplies,Printer,Customer 12674,2,51000.0,51000.0,51063.21,-63.21
ORD002461,2026-05-23,East,Furniture,Chair,Customer 14245,1,13775.0,13775.0,9494.31,4280.69
ORD001194,2026-05-23,East,Office Supplies,Printer,Customer 11737,2,57000.0,57000.0,49959.91,7040.09
ORD004751,2026-05-23,North,Office Supplies,Printer,Customer 18638,2,57000.0,57000.0,51253.97,5746.03
ORD004885,2026-05-23,West,Furniture,Desk,Customer 18049,1,24700.0,24700.0,17322.35,7377.65
ORD003103,2026-05-23,South,Technology,Keyboard,Customer 19452,2,10450.0,10450.0,6888.0,3562.0
ORD001700,2026-05-24,East,Furniture,Chair,Customer 13158,5,58000.0,58000.0,48193.88,9806.12
ORD000122,2026-05-24,North,Technology,Laptop,Customer 16982,1,66500.0,66500.0,56436.05,10063.95
ORD003687,2026-05-24,South,Technology,Monitor,Customer 17792,5,140000.0,140000.0,102623.75,37376.25
ORD001120,2026-05-24,North,Technology,Laptop,Customer 12434,5,297500.0,297500.0,276352.73,21147.27
ORD004525,2026-05-24,West,Furniture,Desk,Customer 19555,2,49400.0,49400.0,36882.64,12517.36
ORD000505,2026-05-24,West,Office Supplies,Printer,Customer 13797,1,30000.0,30000.0,24560.02,5439.98
ORD001532,2026-05-24,North,Office Supplies,Printer,Customer 14936,4,96000.0,96000.0,99586.36,-3586.36
ORD004300,2026-05-24,West,Furniture,Chair,Customer 11228,1,13775.0,13775.0,9393.69,4381.31
ORD001534,2026-05-25,West,Furniture,Chair,Customer 17779,1,13775.0,13775.0,9365.43,4409.57
ORD003636,2026-05-25,East,Technology,Mouse,Customer 10186,1,2090.0,2090.0,1044.88,1045.12
ORD004072,2026-05-25,East,Furniture,Chair,Customer 19335,3,41325.0,41325.0,26416.97,14908.03
ORD000382,2026-05-25,East,Technology,Monitor,Customer 10049,1,25200.0,25200.0,19638.76,5561.24
ORD004181,2026-05-25,West,Technology,Monitor,Customer 16463,5,119000.0,119000.0,102914.01,16085.99
ORD002898,2026-05-26,North,Technology,Monitor,Customer 15453,8,224000.0,224000.0,161293.79,62706.21
ORD001870,2026-05-26,North,Technology,Monitor,Customer 13530,8,224000.0,224000.0,158046.12,65953.88
ORD004776,2026-05-26,East,Furniture,Chair,Customer 11585,1,14500.0,14500.0,9489.53,5010.47
ORD000865,2026-05-26,South,Technology,Laptop,Customer 14512,6,420000.0,420000.0,317353.7,102646.3
ORD000410,2026-05-26,East,Technology,Laptop,Customer 18274,3,210000.0,210000.0,156232.91,53767.09
ORD001711,2026-05-26,South,Technology,Keyboard,Customer 18073,2,8800.0,8800.0,6759.69,2040.31
ORD004169,2026-05-26,South,Technology,Keyboard,Customer 12796,3,14850.0,14850.0,10092.28,4757.72
ORD002787,2026-05-26,East,Technology,Mouse,Customer 15722,2,3960.0,3960.0,2075.97,1884.03
ORD003807,2026-05-26,North,Technology,Mouse,Customer 16867,2,4180.0,4180.0,2064.2,2115.8
ORD000581,2026-05-27,East,Furniture,Desk,Customer 14140,4,98800.0,98800.0,73175.48,25624.52
ORD000258,2026-05-27,West,Technology,Laptop,Customer 12360,2,133000.0,133000.0,102208.87,30791.13
ORD000414,2026-05-27,South,Furniture,Desk,Customer 19591,5,130000.0,130000.0,82953.07,47046.93
ORD004895,2026-05-27,West,Furniture,Desk,Customer 18486,1,20800.0,20800.0,17483.55,3316.45
ORD002229,2026-05-27,East,Technology,Laptop,Customer 13482,8,448000.0,448000.0,444554.5,3445.5
ORD000570,2026-05-27,South,Furniture,Chair,Customer 19846,5,65250.0,65250.0,47224.4,18025.6
ORD002297,2026-05-27,East,Technology,Keyboard,Customer 15981,2,10450.0,10450.0,6476.04,3973.96
ORD002781,2026-05-27,West,Technology,Mouse,Customer 18512,1,2090.0,2090.0,1074.59,1015.41
ORD004787,2026-05-27,West,Technology,Monitor,Customer 11125,10,238000.0,238000.0,204993.63,33006.37
ORD002678,2026-05-28,South,Furniture,Chair,Customer 15509,1,14500.0,14500.0,9766.88,4733.12
ORD002305,2026-05-28,West,Technology,Mouse,Customer 11538,10,18700.0,18700.0,10244.67,8455.33
ORD004337,2026-05-28,North,Furniture,Chair,Customer 17262,2,24650.0,24650.0,19631.17,5018.83
ORD003161,2026-05-28,North,Technology,Mouse,Customer 14229,2,4180.0,4180.0,2000.44,2179.56
ORD003915,2026-05-28,South,Technology,Laptop,Customer 12392,3,210000.0,210000.0,158683.48,51316.52
ORD000800,2026-05-29,East,Technology,Laptop,Customer 15524,1,66500.0,66500.0,55987.48,10512.52
ORD000248,2026-05-29,East,Technology,Laptop,Customer 14282,5,315000.0,315000.0,269541.61,45458.39
ORD002864,2026-05-29,East,Office Supplies,Printer,Customer 13425,2,57000.0,57000.0,51206.01,5793.99
ORD002577,2026-05-29,West,Technology,Monitor,Customer 19460,8,190400.0,190400.0,156584.46,33815.54
ORD004054,2026-05-29,North,Furniture,Chair,Customer 16494,2,26100.0,26100.0,19535.28,6564.72
ORD004546,2026-05-30,West,Furniture,Chair,Customer 11293,3,36975.0,36975.0,29797.42,7177.58
ORD001818,2026-05-30,East,Technology,Mouse,Customer 19631,10,22000.0,22000.0,10264.63,11735.37
ORD004263,2026-05-30,South,Technology,Mouse,Customer 13259,8,15840.0,15840.0,8980.76,6859.24
ORD000339,2026-05-30,West,Furniture,Chair,Customer 12848,1,13050.0,13050.0,9601.85,3448.15
ORD000620,2026-05-30,West,Furniture,Chair,Customer 11673,6,78300.0,78300.0,60515.23,17784.77
ORD004264,2026-05-30,West,Technology,Laptop,Customer 13842,3,199500.0,199500.0,171841.07,27658.93
ORD003854,2026-05-30,North,Furniture,Chair,Customer 19571,10,137750.0,137750.0,84922.7,52827.3
ORD004580,2026-05-31,West,Office Supplies,Printer,Customer 12169,1,28500.0,28500.0,25116.61,3383.39
ORD002873,2026-05-31,South,Furniture,Chair,Customer 19086,4,58000.0,58000.0,39696.79,18303.21
ORD004960,2026-05-31,West,Furniture,Chair,Customer 12367,3,39150.0,39150.0,28608.94,10541.06
ORD003734,2026-05-31,South,Furniture,Chair,Customer 16159,4,55100.0,55100.0,39635.66,15464.34
ORD000029,2026-05-31,West,Technology,Monitor,Customer 12560,8,212800.0,212800.0,160402.83,52397.17
ORD001269,2026-05-31,West,Technology,Laptop,Customer 16541,3,199500.0,199500.0,170228.08,29271.92
ORD002611,2026-05-31,North,Office Supplies,Printer,Customer 19632,5,135000.0,135000.0,129293.73,5706.27
ORD002174,2026-06-01,East,Furniture,Desk,Customer 14116,2,52000.0,52000.0,35801.27,16198.73
ORD001879,2026-06-02,East,Technology,Keyboard,Customer 19618,4,22000.0,22000.0,13111.59,8888.41
ORD001344,2026-06-02,East,Office Supplies,Printer,Customer 19465,3,85500.0,85500.0,74065.13,11434.87
ORD002537,2026-06-03,East,Technology,Laptop,Customer 10919,4,266000.0,266000.0,209216.5,56783.5
ORD000107,2026-06-03,East,Furniture,Chair,Customer 12346,4,49300.0,49300.0,38630.38,10669.62
ORD003419,2026-06-03,West,Furniture,Desk,Customer 10008,3,70200.0,70200.0,53880.01,16319.99
ORD004086,2026-06-04,North,Technology,Monitor,Customer 16408,10,266000.0,266000.0,189148.69,76851.31
ORD003087,2026-06-04,East,Technology,Laptop,Customer 17878,3,199500.0,199500.0,159816.29,39683.71
ORD004575,2026-06-04,South,Technology,Keyboard,Customer 13373,1,5225.0,5225.0,3361.94,1863.06
ORD001075,2026-06-04,East,Furniture,Chair,Customer 12546,4,46400.0,46400.0,37913.77,8486.23
ORD004901,2026-06-04,South,Furniture,Chair,Customer 19454,2,29000.0,29000.0,19195.65,9804.35
ORD001761,2026-06-05,South,Technology,Monitor,Customer 14862,3,67200.0,67200.0,59198.24,8001.76
ORD004309,2026-06-05,East,Furniture,Desk,Customer 16534,2,49400.0,49400.0,36335.08,13064.92
ORD004980,2026-06-05,West,Technology,Keyboard,Customer 16007,8,39600.0,39600.0,26323.38,13276.62
ORD004786,2026-06-06,South,Furniture,Chair,Customer 19279,6,78300.0,78300.0,62153.93,16146.07
ORD003669,2026-06-06,West,Technology,Laptop,Customer 17984,5,332500.0,332500.0,276351.17,56148.83
ORD000231,2026-06-06,North,Furniture,Chair,Customer 11175,1,12325.0,12325.0,9101.69,3223.31
ORD001544,2026-06-06,North,Office Supplies,Printer,Customer 15713,1,27000.0,27000.0,24564.36,2435.64
ORD000441,2026-06-06,South,Technology,Keyboard,Customer 19269,5,24750.0,24750.0,16484.39,8265.61
ORD001245,2026-06-06,North,Furniture,Desk,Customer 13627,2,44200.0,44200.0,34885.37,9314.63
ORD001912,2026-06-06,East,Furniture,Chair,Customer 17709,5,72500.0,72500.0,48330.06,24169.94
ORD000492,2026-06-06,East,Technology,Monitor,Customer 11008,6,151200.0,151200.0,118178.57,33021.43
ORD001053,2026-06-07,West,Furniture,Chair,Customer 17725,4,55100.0,55100.0,39051.89,16048.11
ORD000353,2026-06-07,South,Technology,Monitor,Customer 13786,1,28000.0,28000.0,19259.71,8740.29
ORD000345,2026-06-07,North,Technology,Monitor,Customer 19765,5,133000.0,133000.0,99126.71,33873.29
ORD001414,2026-06-07,West,Furniture,Desk,Customer 11969,1,23400.0,23400.0,17834.73,5565.27
ORD001452,2026-06-07,North,Technology,Monitor,Customer 15955,1,26600.0,26600.0,20819.79,5780.21
ORD004886,2026-06-07,North,Technology,Laptop,Customer 12679,4,238000.0,238000.0,227608.75,10391.25
ORD000487,2026-06-08,West,Technology,Keyboard,Customer 15631,4,19800.0,19800.0,13920.58,5879.42
ORD004542,2026-06-08,West,Furniture,Desk,Customer 13204,1,26000.0,26000.0,18687.03,7312.97
ORD000435,2026-06-09,West,Technology,Mouse,Customer 19021,1,1870.0,1870.0,1137.96,732.04
ORD002655,2026-06-09,North,Technology,Keyboard,Customer 13657,4,20900.0,20900.0,13401.61,7498.39
ORD001734,2026-06-09,East,Technology,Keyboard,Customer 13961,4,20900.0,20900.0,13808.04,7091.96
ORD001914,2026-06-09,North,Technology,Mouse,Customer 18421,1,1980.0,1980.0,1105.33,874.67
ORD000125,2026-06-09,East,Furniture,Chair,Customer 14799,1,13775.0,13775.0,8743.23,5031.77
ORD000488,2026-06-09,North,Office Supplies,Printer,Customer 12447,2,57000.0,57000.0,47589.58,9410.42
ORD001001,2026-06-10,West,Technology,Keyboard,Customer 19940,2,11000.0,11000.0,6750.92,4249.08
ORD003883,2026-06-10,South,Technology,Laptop,Customer 15381,4,280000.0,280000.0,220659.85,59340.15
ORD003273,2026-06-10,East,Furniture,Desk,Customer 15724,2,49400.0,49400.0,32855.28,16544.72
ORD000162,2026-06-10,South,Technology,Laptop,Customer 16081,1,59500.0,59500.0,56151.19,3348.81
ORD002499,2026-06-10,South,Furniture,Chair,Customer 11138,5,61625.0,61625.0,47956.28,13668.72
ORD004655,2026-06-10,North,Technology,Laptop,Customer 17127,3,199500.0,199500.0,165843.35,33656.65
ORD004400,2026-06-11,West,Furniture,Desk,Customer 16430,3,74100.0,74100.0,53413.91,20686.09
ORD000790,2026-06-11,South,Technology,Mouse,Customer 19321,2,3520.0,3520.0,2044.51,1475.49
ORD000600,2026-06-11,East,Office Supplies,Printer,Customer 16025,2,54000.0,54000.0,49031.75,4968.25
ORD002328,2026-06-11,West,Technology,Keyboard,Customer 17298,3,15675.0,15675.0,10184.88,5490.12
ORD003095,2026-06-11,East,Office Supplies,Printer,Customer 18821,4,102000.0,102000.0,95970.61,6029.39
ORD000013,2026-06-12,East,Furniture,Chair,Customer 12936,1,14500.0,14500.0,9750.22,4749.78
ORD002974,2026-06-12,South,Furniture,Chair,Customer 14157,6,82650.0,82650.0,55143.08,27506.92
ORD000876,2026-06-12,East,Furniture,Chair,Customer 15773,5,68875.0,68875.0,47934.51,20940.49
ORD004297,2026-06-13,West,Furniture,Desk,Customer 18410,4,98800.0,98800.0,69684.08,29115.92
ORD002439,2026-06-13,South,Furniture,Desk,Customer 14618,4,104000.0,104000.0,74701.35,29298.65
ORD002413,2026-06-13,West,Furniture,Chair,Customer 16004,4,52200.0,52200.0,40101.43,12098.57
ORD000286,2026-06-13,East,Office Supplies,Printer,Customer 17119,5,150000.0,150000.0,117372.49,32627.51
ORD003632,2026-06-13,West,Technology,Keyboard,Customer 12080,4,18700.0,18700.0,12945.69,5754.31
ORD001078,2026-06-14,North,Furniture,Chair,Customer 17730,2,26100.0,26100.0,19161.93,6938.07
ORD004671,2026-06-14,South,Technology,Laptop,Customer 18294,4,266000.0,266000.0,217478.3,48521.7
ORD004914,2026-06-14,North,Furniture,Chair,Customer 19507,2,26100.0,26100.0,19832.3,6267.7
ORD002050,2026-06-14,West,Technology,Monitor,Customer 19215,2,47600.0,47600.0,43321.52,4278.48
ORD002002,2026-06-14,North,Technology,Laptop,Customer 17052,8,560000.0,560000.0,444009.22,115990.78
ORD003032,2026-06-15,South,Technology,Laptop,Customer 12378,10,700000.0,700000.0,549601.77,150398.23
ORD004313,2026-06-15,East,Furniture,Chair,Customer 17923,2,23200.0,23200.0,18777.59,4422.41
ORD001675,2026-06-15,East,Technology,Monitor,Customer 18066,10,252000.0,252000.0,193176.76,58823.24
ORD002784,2026-06-15,South,Technology,Laptop,Customer 14346,2,119000.0,119000.0,107973.55,11026.45
ORD001810,2026-06-15,West,Furniture,Desk,Customer 19317,3,70200.0,70200.0,53629.32,16570.68
ORD001311,2026-06-15,West,Furniture,Chair,Customer 19004,1,13775.0,13775.0,8821.02,4953.98
ORD000754,2026-06-15,North,Office Supplies,Printer,Customer 10487,5,150000.0,150000.0,130154.81,19845.19
ORD001151,2026-06-16,East,Technology,Mouse,Customer 17143,2,3960.0,3960.0,1983.55,1976.45
ORD004982,2026-06-16,West,Technology,Keyboard,Customer 18462,1,4950.0,4950.0,3301.42,1648.58
ORD004854,2026-06-16,South,Technology,Laptop,Customer 18429,1,70000.0,70000.0,55752.76,14247.24
ORD001502,2026-06-16,West,Office Supplies,Printer,Customer 18570,10,300000.0,300000.0,257029.3,42970.7
ORD003226,2026-06-16,North,Technology,Monitor,Customer 15407,1,28000.0,28000.0,19611.34,8388.66
ORD002367,2026-06-16,West,Office Supplies,Printer,Customer 16207,1,30000.0,30000.0,23952.09,6047.91
ORD003076,2026-06-16,East,Technology,Monitor,Customer 17192,5,126000.0,126000.0,106032.56,19967.44
ORD000549,2026-06-17,North,Furniture,Chair,Customer 10619,2,29000.0,29000.0,19586.3,9413.7
ORD000452,2026-06-17,South,Furniture,Chair,Customer 18074,1,13775.0,13775.0,9504.77,4270.23
ORD004932,2026-06-18,West,Technology,Mouse,Customer 15588,2,3960.0,3960.0,2036.3,1923.7
ORD001280,2026-06-18,North,Furniture,Chair,Customer 16000,2,29000.0,29000.0,18997.97,10002.03
ORD002774,2026-06-18,East,Technology,Mouse,Customer 12755,1,2200.0,2200.0,1035.39,1164.61
ORD001840,2026-06-18,North,Technology,Mouse,Customer 18160,1,1980.0,1980.0,1028.06,951.94
ORD002706,2026-06-18,West,Furniture,Chair,Customer 19599,4,55100.0,55100.0,35138.0,19962.0
ORD002083,2026-06-19,South,Office Supplies,Printer,Customer 10825,2,51000.0,51000.0,49702.71,1297.29
ORD000610,2026-06-19,West,Technology,Keyboard,Customer 17906,3,15675.0,15675.0,9900.14,5774.86
ORD004986,2026-06-19,North,Furniture,Chair,Customer 14932,6,78300.0,78300.0,54441.6,23858.4
ORD001507,2026-06-19,South,Technology,Monitor,Customer 16621,5,133000.0,133000.0,98005.34,34994.66
ORD004791,2026-06-19,East,Furniture,Chair,Customer 13569,2,27550.0,27550.0,19560.61,7989.39
ORD002014,2026-06-20,North,Furniture,Chair,Customer 18573,4,55100.0,55100.0,38577.46,16522.54
ORD003500,2026-06-20,West,Technology,Keyboard,Customer 14356,3,16500.0,16500.0,10740.93,5759.07
ORD003286,2026-06-20,North,Technology,Monitor,Customer 16828,3,75600.0,75600.0,62617.6,12982.4
ORD000363,2026-06-21,North,Furniture,Desk,Customer 15265,8,176800.0,176800.0,139612.07,37187.93
ORD002928,2026-06-21,North,Technology,Monitor,Customer 17982,2,53200.0,53200.0,39232.41,13967.59
ORD000629,2026-06-21,East,Technology,Mouse,Customer 13490,6,10560.0,10560.0,6319.34,4240.66
ORD003839,2026-06-21,East,Technology,Keyboard,Customer 17518,1,5225.0,5225.0,3592.99,1632.01
ORD003375,2026-06-22,East,Technology,Monitor,Customer 11550,1,25200.0,25200.0,20128.17,5071.83
ORD002396,2026-06-22,North,Furniture,Desk,Customer 17078,1,23400.0,23400.0,18899.75,4500.25
ORD002795,2026-06-22,North,Technology,Monitor,Customer 18142,2,53200.0,53200.0,39944.11,13255.89
ORD004757,2026-06-23,North,Technology,Keyboard,Customer 16816,2,11000.0,11000.0,6791.26,4208.74
ORD004506,2026-06-23,West,Technology,Mouse,Customer 14331,5,11000.0,11000.0,5147.73,5852.27
ORD003755,2026-06-23,North,Technology,Mouse,Customer 12532,1,2200.0,2200.0,1048.48,1151.52
ORD001654,2026-06-23,East,Technology,Laptop,Customer 11108,10,665000.0,665000.0,549743.41,115256.59
ORD001347,2026-06-23,West,Technology,Keyboard,Customer 16497,4,19800.0,19800.0,13236.63,6563.37
ORD000697,2026-06-24,West,Technology,Mouse,Customer 11175,5,11000.0,11000.0,5219.59,5780.41
ORD000490,2026-06-24,West,Technology,Keyboard,Customer 11536,5,22000.0,22000.0,17048.68,4951.32
ORD004961,2026-06-24,East,Office Supplies,Printer,Customer 10584,3,81000.0,81000.0,73164.05,7835.95
ORD003530,2026-06-24,South,Technology,Keyboard,Customer 12828,5,26125.0,26125.0,17685.46,8439.54
ORD000207,2026-06-24,North,Technology,Keyboard,Customer 16105,1,5225.0,5225.0,3450.91,1774.09
ORD002854,2026-06-24,West,Technology,Laptop,Customer 13934,5,315000.0,315000.0,254916.09,60083.91
ORD000275,2026-06-24,West,Technology,Monitor,Customer 12247,1,23800.0,23800.0,20532.49,3267.51
ORD004721,2026-06-25,West,Technology,Mouse,Customer 15463,3,5280.0,5280.0,3326.76,1953.24
ORD004097,2026-06-25,South,Furniture,Chair,Customer 17348,3,36975.0,36975.0,29970.36,7004.64
ORD002670,2026-06-25,North,Technology,Laptop,Customer 19748,3,199500.0,199500.0,163792.63,35707.37
ORD001203,2026-06-25,North,Furniture,Desk,Customer 15467,1,22100.0,22100.0,18249.23,3850.77
ORD003496,2026-06-25,North,Technology,Mouse,Customer 17253,2,3960.0,3960.0,1980.0,1980.0
ORD002170,2026-06-25,West,Technology,Laptop,Customer 17229,5,332500.0,332500.0,271216.13,61283.87
ORD004533,2026-06-25,North,Technology,Mouse,Customer 10057,1,1980.0,1980.0,1071.95,908.05
ORD001154,2026-06-26,South,Technology,Laptop,Customer 15648,3,199500.0,199500.0,165667.39,33832.61
ORD003024,2026-06-26,South,Technology,Laptop,Customer 10517,6,399000.0,399000.0,333928.33,65071.67
ORD001379,2026-06-26,West,Technology,Monitor,Customer 10634,2,56000.0,56000.0,41611.44,14388.56
ORD003852,2026-06-26,South,Technology,Mouse,Customer 18210,2,3740.0,3740.0,2168.12,1571.88
ORD000095,2026-06-26,South,Technology,Laptop,Customer 18444,2,133000.0,133000.0,111519.33,21480.67
ORD001962,2026-06-27,North,Office Supplies,Printer,Customer 12466,2,57000.0,57000.0,50921.58,6078.42
ORD001231,2026-06-27,East,Furniture,Chair,Customer 18325,1,13050.0,13050.0,9388.27,3661.73
ORD002824,2026-06-27,South,Furniture,Chair,Customer 16653,1,13050.0,13050.0,8715.29,4334.71
ORD002654,2026-06-27,West,Furniture,Chair,Customer 15781,1,13050.0,13050.0,9399.84,3650.16
ORD002664,2026-06-27,West,Technology,Mouse,Customer 19605,10,19800.0,19800.0,10709.91,9090.09
ORD003552,2026-06-27,South,Technology,Monitor,Customer 15630,6,168000.0,168000.0,123411.11,44588.89
ORD002464,2026-06-28,North,Technology,Laptop,Customer 12469,1,70000.0,70000.0,52041.05,17958.95
ORD003282,2026-06-28,West,Technology,Laptop,Customer 11729,2,133000.0,133000.0,106676.89,26323.11
ORD000355,2026-06-28,West,Furniture,Chair,Customer 13146,6,82650.0,82650.0,56402.15,26247.85
ORD004943,2026-06-28,South,Furniture,Desk,Customer 10884,1,24700.0,24700.0,18171.13,6528.87
ORD001237,2026-06-28,East,Furniture,Chair,Customer 17813,1,14500.0,14500.0,9767.2,4732.8
ORD000694,2026-06-28,West,Furniture,Desk,Customer 16540,3,70200.0,70200.0,54718.2,15481.8
ORD002383,2026-06-28,West,Furniture,Chair,Customer 11502,1,13775.0,13775.0,9697.46,4077.54
ORD000494,2026-06-29,West,Technology,Mouse,Customer 15057,3,6600.0,6600.0,3356.53,3243.47
ORD001553,2026-06-29,West,Furniture,Desk,Customer 17650,1,23400.0,23400.0,17954.75,5445.25
ORD004104,2026-06-29,North,Technology,Laptop,Customer 12396,1,66500.0,66500.0,54681.91,11818.09
ORD003976,2026-06-29,East,Technology,Keyboard,Customer 14113,8,41800.0,41800.0,27829.36,13970.64
ORD002733,2026-06-29,North,Furniture,Chair,Customer 17822,2,29000.0,29000.0,19162.92,9837.08
ORD002809,2026-06-29,North,Furniture,Desk,Customer 11451,10,208000.0,208000.0,175073.7,32926.3
ORD002434,2026-06-29,North,Technology,Laptop,Customer 11137,2,140000.0,140000.0,113858.44,26141.56
ORD001564,2026-06-29,East,Technology,Mouse,Customer 17719,1,1980.0,1980.0,1126.87,853.13
ORD003398,2026-06-30,East,Technology,Monitor,Customer 19537,6,142800.0,142800.0,116849.14,25950.86
ORD002475,2026-06-30,West,Technology,Keyboard,Customer 12226,3,15675.0,15675.0,9996.0,5679.0
ORD002669,2026-06-30,South,Furniture,Desk,Customer 15355,4,88400.0,88400.0,71044.01,17355.99
ORD003245,2026-06-30,West,Technology,Laptop,Customer 18918,1,70000.0,70000.0,54340.92,15659.08
ORD001814,2026-06-30,West,Technology,Keyboard,Customer 13769,1,4950.0,4950.0,3683.11,1266.89
ORD001226,2026-06-30,South,Technology,Keyboard,Customer 15373,2,8800.0,8800.0,6854.21,1945.79
ORD001969,2026-07-01,East,Technology,Keyboard,Customer 10387,4,22000.0,22000.0,13034.34,8965.66
ORD000743,2026-07-01,East,Furniture,Chair,Customer 14957,1,13050.0,13050.0,9836.85,3213.15
ORD000245,2026-07-01,West,Technology,Laptop,Customer 14367,2,133000.0,133000.0,108907.93,24092.07
ORD000190,2026-07-01,South,Technology,Keyboard,Customer 14167,4,18700.0,18700.0,13202.97,5497.03
ORD001253,2026-07-01,East,Technology,Laptop,Customer 10367,2,133000.0,133000.0,108957.01,24042.99
ORD001346,2026-07-02,South,Technology,Keyboard,Customer 19442,3,14850.0,14850.0,10946.11,3903.89
ORD003237,2026-07-02,South,Technology,Mouse,Customer 16530,4,7920.0,7920.0,4496.72,3423.28
ORD000120,2026-07-02,North,Furniture,Chair,Customer 19597,2,27550.0,27550.0,19830.24,7719.76
ORD002312,2026-07-02,East,Technology,Keyboard,Customer 15536,4,19800.0,19800.0,13220.75,6579.25
ORD000765,2026-07-02,North,Furniture,Chair,Customer 18571,3,39150.0,39150.0,27091.74,12058.26
ORD004846,2026-07-02,South,Technology,Monitor,Customer 16193,2,56000.0,56000.0,39761.21,16238.79
ORD001465,2026-07-02,East,Technology,Keyboard,Customer 11742,1,4950.0,4950.0,3615.77,1334.23
ORD004368,2026-07-02,North,Technology,Mouse,Customer 13660,4,8360.0,8360.0,4162.28,4197.72
ORD001375,2026-07-02,South,Office Supplies,Printer,Customer 10025,2,54000.0,54000.0,48398.1,5601.9
ORD001860,2026-07-02,West,Furniture,Desk,Customer 10916,2,52000.0,52000.0,34526.58,17473.42
ORD003147,2026-07-02,South,Furniture,Desk,Customer 17588,1,24700.0,24700.0,17291.8,7408.2
ORD004349,2026-07-03,South,Technology,Mouse,Customer 19664,1,1980.0,1980.0,1073.07,906.93
ORD001090,2026-07-03,West,Office Supplies,Printer,Customer 17576,3,85500.0,85500.0,77755.75,7744.25
ORD002993,2026-07-03,West,Technology,Mouse,Customer 10942,3,5610.0,5610.0,3134.97,2475.03
ORD000515,2026-07-03,North,Technology,Laptop,Customer 19532,2,140000.0,140000.0,107293.56,32706.44
ORD001150,2026-07-03,South,Technology,Mouse,Customer 14941,1,2200.0,2200.0,1153.26,1046.74
ORD000372,2026-07-03,South,Furniture,Desk,Customer 13684,6,156000.0,156000.0,104253.14,51746.86
ORD000775,2026-07-03,West,Technology,Laptop,Customer 13404,3,199500.0,199500.0,167955.37,31544.63
ORD000295,2026-07-03,South,Office Supplies,Printer,Customer 17127,6,162000.0,162000.0,146635.31,15364.69
ORD001264,2026-07-03,East,Technology,Laptop,Customer 18869,5,332500.0,332500.0,282529.95,49970.05
ORD000007,2026-07-04,West,Technology,Laptop,Customer 14372,2,140000.0,140000.0,111477.07,28522.93
ORD003603,2026-07-04,West,Office Supplies,Printer,Customer 17881,5,150000.0,150000.0,121184.9,28815.1
ORD003599,2026-07-04,West,Technology,Mouse,Customer 17671,5,11000.0,11000.0,5025.21,5974.79
ORD003837,2026-07-04,West,Technology,Laptop,Customer 11681,8,476000.0,476000.0,402106.07,73893.93
ORD000225,2026-07-04,South,Technology,Monitor,Customer 15205,2,47600.0,47600.0,40035.88,7564.12
ORD004199,2026-07-04,North,Furniture,Chair,Customer 15164,2,26100.0,26100.0,19236.29,6863.71
ORD000364,2026-07-04,East,Furniture,Desk,Customer 11152,3,78000.0,78000.0,52392.27,25607.73
ORD003953,2026-07-05,West,Technology,Mouse,Customer 15412,1,1980.0,1980.0,1040.99,939.01
ORD003986,2026-07-05,North,Furniture,Chair,Customer 18083,1,13050.0,13050.0,10035.3,3014.7
ORD002970,2026-07-05,West,Technology,Laptop,Customer 14987,4,266000.0,266000.0,227112.95,38887.05
ORD002630,2026-07-06,West,Technology,Monitor,Customer 12600,10,238000.0,238000.0,196843.69,41156.31
ORD004347,2026-07-06,North,Technology,Mouse,Customer 12654,1,1980.0,1980.0,1121.52,858.48
ORD004987,2026-07-06,West,Furniture,Chair,Customer 17761,1,13775.0,13775.0,8915.07,4859.93
ORD002418,2026-07-06,North,Technology,Monitor,Customer 12411,10,224000.0,224000.0,207736.07,16263.93
ORD000879,2026-07-06,East,Technology,Keyboard,Customer 17624,2,9350.0,9350.0,7019.76,2330.24
ORD003411,2026-07-07,East,Technology,Laptop,Customer 11670,2,133000.0,133000.0,105490.17,27509.83
ORD002030,2026-07-07,West,Furniture,Chair,Customer 19697,6,78300.0,78300.0,58650.64,19649.36
ORD004441,2026-07-07,East,Furniture,Desk,Customer 18092,1,26000.0,26000.0,17186.43,8813.57
ORD002368,2026-07-07,West,Furniture,Chair,Customer 18012,3,41325.0,41325.0,29036.5,12288.5
ORD003327,2026-07-08,South,Office Supplies,Printer,Customer 16284,5,150000.0,150000.0,124438.86,25561.14
ORD004989,2026-07-08,East,Furniture,Chair,Customer 18317,1,12325.0,12325.0,9785.38,2539.62
ORD001483,2026-07-08,East,Technology,Laptop,Customer 10533,4,252000.0,252000.0,212322.38,39677.62
ORD004698,2026-07-08,West,Technology,Mouse,Customer 15736,2,3740.0,3740.0,2070.23,1669.77
ORD002048,2026-07-09,North,Technology,Laptop,Customer 11529,6,357000.0,357000.0,325685.57,31314.43
ORD002693,2026-07-09,West,Furniture,Chair,Customer 11380,6,87000.0,87000.0,58524.94,28475.06
ORD001055,2026-07-09,South,Technology,Keyboard,Customer 18692,3,15675.0,15675.0,10204.01,5470.99
ORD000352,2026-07-09,South,Technology,Laptop,Customer 11083,6,420000.0,420000.0,324007.39,95992.61
ORD001797,2026-07-10,East,Technology,Monitor,Customer 13450,4,106400.0,106400.0,84937.22,21462.78
ORD000761,2026-07-10,West,Technology,Mouse,Customer 18498,1,1980.0,1980.0,1070.17,909.83
ORD004569,2026-07-10,West,Furniture,Chair,Customer 13512,2,27550.0,27550.0,19212.39,8337.61
ORD000199,2026-07-10,West,Furniture,Chair,Customer 12891,1,14500.0,14500.0,9438.32,5061.68
ORD004429,2026-07-10,West,Furniture,Desk,Customer 11536,2,52000.0,52000.0,36099.74,15900.26
ORD004448,2026-07-11,South,Technology,Mouse,Customer 13795,3,5940.0,5940.0,3286.26,2653.74
ORD002471,2026-07-11,South,Technology,Mouse,Customer 19962,5,9350.0,9350.0,5646.04,3703.96
ORD004481,2026-07-11,East,Furniture,Desk,Customer 14305,5,123500.0,123500.0,88469.35,35030.65
ORD000329,2026-07-11,South,Technology,Mouse,Customer 18595,8,15840.0,15840.0,7920.0,7920.0
ORD003413,2026-07-11,East,Technology,Mouse,Customer 15911,10,18700.0,18700.0,10638.86,8061.14
ORD004669,2026-07-11,North,Office Supplies,Printer,Customer 16145,5,142500.0,142500.0,122901.34,19598.66
ORD001572,2026-07-11,East,Technology,Keyboard,Customer 19990,4,17600.0,17600.0,12794.1,4805.9
ORD004551,2026-07-12,South,Technology,Monitor,Customer 18802,8,212800.0,212800.0,159149.33,53650.67
ORD002730,2026-07-12,North,Technology,Monitor,Customer 14762,4,100800.0,100800.0,77283.79,23516.21
ORD004666,2026-07-12,South,Furniture,Desk,Customer 10727,8,208000.0,208000.0,140430.0,67570.0
ORD002063,2026-07-12,North,Technology,Laptop,Customer 10967,10,630000.0,630000.0,544996.08,85003.92
ORD002238,2026-07-12,South,Technology,Laptop,Customer 11489,2,119000.0,119000.0,108287.57,10712.43
ORD004768,2026-07-12,South,Technology,Monitor,Customer 14134,1,25200.0,25200.0,18603.56,6596.44
ORD004817,2026-07-12,East,Technology,Laptop,Customer 13879,4,238000.0,238000.0,212837.49,25162.51
ORD003939,2026-07-12,East,Technology,Keyboard,Customer 14050,1,4950.0,4950.0,3511.4,1438.6
ORD003882,2026-07-13,South,Technology,Laptop,Customer 18380,4,266000.0,266000.0,213136.8,52863.2
ORD001038,2026-07-13,South,Furniture,Chair,Customer 14822,6,78300.0,78300.0,62740.0,15560.0
ORD002822,2026-07-13,South,Technology,Monitor,Customer 17975,8,212800.0,212800.0,155992.16,56807.84
ORD002893,2026-07-13,South,Technology,Laptop,Customer 18364,1,66500.0,66500.0,55857.91,10642.09
ORD001362,2026-07-13,West,Furniture,Chair,Customer 13106,3,41325.0,41325.0,28173.5,13151.5
ORD003940,2026-07-13,West,Furniture,Chair,Customer 18572,2,29000.0,29000.0,18201.03,10798.97
ORD001533,2026-07-14,East,Technology,Monitor,Customer 13645,2,50400.0,50400.0,41968.14,8431.86
ORD004055,2026-07-14,South,Technology,Keyboard,Customer 11469,6,28050.0,28050.0,21121.21,6928.79
ORD003018,2026-07-14,North,Technology,Keyboard,Customer 19321,3,15675.0,15675.0,10515.66,5159.34
ORD002945,2026-07-15,West,Furniture,Desk,Customer 13417,3,74100.0,74100.0,55756.08,18343.92
ORD004070,2026-07-15,West,Office Supplies,Printer,Customer 13364,4,102000.0,102000.0,95492.32,6507.68
ORD000056,2026-07-16,North,Furniture,Desk,Customer 16144,1,23400.0,23400.0,17556.08,5843.92
ORD002205,2026-07-16,West,Furniture,Chair,Customer 15678,3,36975.0,36975.0,27721.74,9253.26
ORD004507,2026-07-16,South,Technology,Keyboard,Customer 16319,10,52250.0,52250.0,37040.08,15209.92
ORD001334,2026-07-16,East,Technology,Mouse,Customer 19088,4,8360.0,8360.0,4226.95,4133.05
ORD003622,2026-07-16,North,Technology,Laptop,Customer 11480,3,210000.0,210000.0,162036.7,47963.3
ORD004905,2026-07-17,West,Technology,Monitor,Customer 17886,4,112000.0,112000.0,77157.7,34842.3
ORD003606,2026-07-17,South,Technology,Monitor,Customer 16821,1,23800.0,23800.0,20552.68,3247.32
ORD002298,2026-07-17,West,Office Supplies,Printer,Customer 12082,4,120000.0,120000.0,97907.33,22092.67
ORD004799,2026-07-17,North,Technology,Mouse,Customer 17981,3,6270.0,6270.0,3224.75,3045.25
ORD003924,2026-07-17,North,Technology,Mouse,Customer 19642,5,11000.0,11000.0,5762.41,5237.59
ORD001475,2026-07-18,North,Technology,Keyboard,Customer 13195,1,5500.0,5500.0,3358.75,2141.25
ORD004971,2026-07-18,West,Technology,Mouse,Customer 12086,6,13200.0,13200.0,6288.02,6911.98
ORD004969,2026-07-18,East,Technology,Mouse,Customer 18350,1,1980.0,1980.0,1047.91,932.09
ORD004321,2026-07-18,North,Technology,Laptop,Customer 12460,3,199500.0,199500.0,164734.76,34765.24
ORD003307,2026-07-18,West,Office Supplies,Printer,Customer 19681,3,85500.0,85500.0,73646.46,11853.54
ORD001419,2026-07-18,South,Technology,Monitor,Customer 18671,6,159600.0,159600.0,111785.74,47814.26
ORD004631,2026-07-18,East,Technology,Keyboard,Customer 16113,2,9900.0,9900.0,6838.43,3061.57
ORD002251,2026-07-18,South,Technology,Laptop,Customer 17392,5,332500.0,332500.0,268373.37,64126.63
ORD004977,2026-07-18,South,Furniture,Desk,Customer 10078,1,26000.0,26000.0,17409.62,8590.38
ORD002521,2026-07-19,East,Technology,Laptop,Customer 13028,1,66500.0,66500.0,53556.43,12943.57
ORD001681,2026-07-19,North,Technology,Monitor,Customer 10463,4,100800.0,100800.0,88388.79,12411.21
ORD003892,2026-07-19,East,Technology,Keyboard,Customer 16031,2,10450.0,10450.0,7480.47,2969.53
ORD003081,2026-07-19,East,Office Supplies,Printer,Customer 17624,1,25500.0,25500.0,23968.1,1531.9
ORD003264,2026-07-19,West,Technology,Monitor,Customer 13115,4,112000.0,112000.0,80817.84,31182.16
ORD002520,2026-07-20,North,Office Supplies,Printer,Customer 18194,10,285000.0,285000.0,241765.81,43234.19
ORD002626,2026-07-20,East,Office Supplies,Printer,Customer 18780,2,54000.0,54000.0,47086.61,6913.39
ORD004694,2026-07-21,East,Furniture,Chair,Customer 17236,3,39150.0,39150.0,28517.78,10632.22
ORD003468,2026-07-21,East,Furniture,Chair,Customer 16189,2,26100.0,26100.0,19778.84,6321.16
ORD002816,2026-07-21,West,Technology,Keyboard,Customer 17608,2,11000.0,11000.0,6763.76,4236.24
ORD002881,2026-07-21,West,Furniture,Chair,Customer 11158,8,116000.0,116000.0,80622.29,35377.71
ORD000751,2026-07-22,West,Furniture,Desk,Customer 17734,1,26000.0,26000.0,17882.42,8117.58
ORD001579,2026-07-22,East,Furniture,Chair,Customer 10858,3,43500.0,43500.0,28542.86,14957.14
ORD000090,2026-07-22,West,Technology,Laptop,Customer 15560,1,59500.0,59500.0,57450.64,2049.36
ORD003353,2026-07-22,West,Technology,Laptop,Customer 17866,6,357000.0,357000.0,315343.57,41656.43
ORD000161,2026-07-23,South,Technology,Mouse,Customer 12077,8,17600.0,17600.0,8707.4,8892.6
ORD000057,2026-07-23,West,Furniture,Desk,Customer 19588,1,22100.0,22100.0,17636.48,4463.52
ORD002964,2026-07-24,South,Furniture,Desk,Customer 15987,1,24700.0,24700.0,17361.66,7338.34
ORD001956,2026-07-24,North,Furniture,Desk,Customer 16523,1,23400.0,23400.0,17673.48,5726.52
ORD004705,2026-07-24,East,Technology,Mouse,Customer 15243,2,3960.0,3960.0,2135.67,1824.33
ORD004375,2026-07-24,West,Technology,Monitor,Customer 11026,1,28000.0,28000.0,19368.08,8631.92
ORD002303,2026-07-24,West,Furniture,Chair,Customer 12716,3,43500.0,43500.0,28066.31,15433.69
ORD001641,2026-07-25,East,Furniture,Chair,Customer 17967,3,36975.0,36975.0,29004.89,7970.11
ORD000451,2026-07-25,South,Technology,Monitor,Customer 12264,1,28000.0,28000.0,21060.61,6939.39
ORD000083,2026-07-25,West,Technology,Mouse,Customer 15127,2,3960.0,3960.0,2397.74,1562.26
ORD004137,2026-07-26,West,Technology,Laptop,Customer 10843,1,70000.0,70000.0,56521.16,13478.84
ORD001521,2026-07-26,South,Office Supplies,Printer,Customer 19975,1,30000.0,30000.0,24537.86,5462.14
ORD002000,2026-07-26,South,Furniture,Chair,Customer 13886,3,41325.0,41325.0,29285.49,12039.51
ORD000178,2026-07-26,South,Office Supplies,Printer,Customer 16102,1,28500.0,28500.0,24598.96,3901.04
ORD000420,2026-07-26,West,Technology,Keyboard,Customer 19134,3,14025.0,14025.0,10051.29,3973.71
ORD000682,2026-07-26,East,Technology,Mouse,Customer 17120,2,3740.0,3740.0,2140.21,1599.79
ORD000222,2026-07-26,South,Furniture,Chair,Customer 18781,5,72500.0,72500.0,46100.3,26399.7
ORD000684,2026-07-26,South,Furniture,Desk,Customer 13180,1,23400.0,23400.0,16677.39,6722.61
ORD003519,2026-07-27,West,Office Supplies,Printer,Customer 15423,1,30000.0,30000.0,24511.8,5488.2
ORD003455,2026-07-27,South,Furniture,Chair,Customer 18773,5,61625.0,61625.0,49698.65,11926.35
ORD003215,2026-07-27,East,Office Supplies,Printer,Customer 19463,2,57000.0,57000.0,48822.52,8177.48
ORD003142,2026-07-27,West,Technology,Mouse,Customer 11189,4,7920.0,7920.0,4422.17,3497.83
ORD002932,2026-07-27,East,Office Supplies,Printer,Customer 12658,3,85500.0,85500.0,74291.34,11208.66
ORD000362,2026-07-28,West,Technology,Keyboard,Customer 12567,3,15675.0,15675.0,10670.74,5004.26
ORD001085,2026-07-28,East,Furniture,Chair,Customer 10356,2,29000.0,29000.0,18856.99,10143.01
ORD004315,2026-07-28,West,Technology,Keyboard,Customer 14397,2,9900.0,9900.0,6790.61,3109.39
ORD003697,2026-07-28,West,Technology,Monitor,Customer 13433,1,28000.0,28000.0,19947.0,8053.0
ORD001528,2026-07-28,West,Technology,Laptop,Customer 19928,1,63000.0,63000.0,56677.02,6322.98
ORD001035,2026-07-29,North,Technology,Keyboard,Customer 16401,3,14025.0,14025.0,9947.15,4077.85
ORD004606,2026-07-29,South,Technology,Mouse,Customer 13557,1,1870.0,1870.0,990.0,880.0
ORD003179,2026-07-29,South,Furniture,Chair,Customer 11165,6,78300.0,78300.0,56590.48,21709.52
ORD003062,2026-07-29,South,Office Supplies,Printer,Customer 17481,5,127500.0,127500.0,125385.99,2114.01
ORD000838,2026-07-30,West,Technology,Monitor,Customer 11592,10,280000.0,280000.0,209971.89,70028.11
ORD000784,2026-07-30,North,Technology,Laptop,Customer 16124,2,133000.0,133000.0,109863.74,23136.26
ORD001844,2026-07-30,West,Technology,Mouse,Customer 16689,1,2090.0,2090.0,1075.34,1014.66
ORD002931,2026-07-30,South,Furniture,Desk,Customer 14627,1,26000.0,26000.0,18552.32,7447.68
ORD000051,2026-07-30,South,Furniture,Desk,Customer 18575,1,24700.0,24700.0,17779.17,6920.83
ORD002324,2026-07-30,North,Technology,Mouse,Customer 12420,3,5940.0,5940.0,3256.57,2683.43
ORD004704,2026-07-30,West,Technology,Mouse,Customer 18908,1,2200.0,2200.0,1024.61,1175.39
ORD002239,2026-07-31,East,Furniture,Chair,Customer 14013,1,13050.0,13050.0,9293.36,3756.64
ORD001292,2026-07-31,West,Technology,Monitor,Customer 11952,6,159600.0,159600.0,119258.56,40341.44
ORD002507,2026-07-31,South,Technology,Laptop,Customer 12380,2,126000.0,126000.0,105134.52,20865.48
ORD002683,2026-07-31,North,Office Supplies,Printer,Customer 17919,5,150000.0,150000.0,120621.92,29378.08
ORD001469,2026-07-31,East,Technology,Monitor,Customer 18532,1,28000.0,28000.0,20257.46,7742.54
ORD003518,2026-07-31,East,Technology,Mouse,Customer 18072,1,2090.0,2090.0,1159.01,930.99
ORD002645,2026-07-31,South,Technology,Mouse,Customer 16450,4,8800.0,8800.0,4347.3,4452.7
ORD003175,2026-07-31,West,Technology,Keyboard,Customer 12491,5,24750.0,24750.0,16907.24,7842.76
ORD000130,2026-08-01,West,Furniture,Chair,Customer 16034,1,12325.0,12325.0,9202.04,3122.96
ORD003730,2026-08-01,South,Technology,Laptop,Customer 17041,2,133000.0,133000.0,108603.88,24396.12
ORD003324,2026-08-01,West,Technology,Laptop,Customer 15034,4,266000.0,266000.0,223986.63,42013.37
ORD001317,2026-08-01,East,Furniture,Chair,Customer 16553,2,27550.0,27550.0,19302.2,8247.8
ORD000609,2026-08-02,East,Technology,Monitor,Customer 13800,2,56000.0,56000.0,40429.83,15570.17
ORD003012,2026-08-02,South,Furniture,Desk,Customer 14951,1,26000.0,26000.0,18113.7,7886.3
ORD003652,2026-08-02,East,Technology,Keyboard,Customer 16173,2,11000.0,11000.0,7060.72,3939.28
ORD003181,2026-08-02,South,Furniture,Chair,Customer 12661,2,26100.0,26100.0,19482.58,6617.42
ORD004978,2026-08-02,North,Technology,Keyboard,Customer 11219,1,4950.0,4950.0,3440.64,1509.36
ORD000877,2026-08-02,South,Technology,Laptop,Customer 19861,4,224000.0,224000.0,214031.15,9968.85
ORD000035,2026-08-02,South,Technology,Laptop,Customer 11219,1,70000.0,70000.0,55726.89,14273.11
ORD002562,2026-08-02,East,Technology,Mouse,Customer 19415,8,15840.0,15840.0,8792.67,7047.33
ORD000328,2026-08-02,North,Technology,Monitor,Customer 11748,8,201600.0,201600.0,166130.86,35469.14
ORD001140,2026-08-03,North,Technology,Mouse,Customer 11088,1,2090.0,2090.0,1100.07,989.93
ORD003731,2026-08-03,South,Office Supplies,Printer,Customer 18995,2,57000.0,57000.0,51964.5,5035.5
ORD002145,2026-08-03,East,Furniture,Chair,Customer 10770,1,13050.0,13050.0,9770.25,3279.75
ORD002680,2026-08-03,South,Technology,Monitor,Customer 13777,1,28000.0,28000.0,21032.46,6967.54
ORD001025,2026-08-04,South,Technology,Keyboard,Customer 13715,10,49500.0,49500.0,36326.72,13173.28
ORD003089,2026-08-04,West,Technology,Mouse,Customer 15254,2,4400.0,4400.0,1980.0,2420.0
ORD001859,2026-08-04,East,Technology,Laptop,Customer 11286,2,126000.0,126000.0,102419.15,23580.85
ORD004555,2026-08-04,East,Furniture,Desk,Customer 11047,1,24700.0,24700.0,17516.26,7183.74
ORD002077,2026-08-05,East,Technology,Mouse,Customer 14008,2,4400.0,4400.0,2029.27,2370.73
ORD003038,2026-08-05,South,Office Supplies,Printer,Customer 12770,1,28500.0,28500.0,23234.03,5265.97
ORD002271,2026-08-05,South,Technology,Laptop,Customer 11686,1,63000.0,63000.0,51617.22,11382.78
ORD000037,2026-08-05,South,Technology,Laptop,Customer 13010,1,59500.0,59500.0,53752.7,5747.3
ORD004513,2026-08-05,South,Furniture,Chair,Customer 15636,1,12325.0,12325.0,9983.32,2341.68
ORD004572,2026-08-06,East,Office Supplies,Printer,Customer 12661,2,60000.0,60000.0,50202.31,9797.69
ORD002260,2026-08-07,East,Technology,Laptop,Customer 17082,1,56000.0,56000.0,54312.59,1687.41
ORD004947,2026-08-07,East,Technology,Monitor,Customer 19744,2,50400.0,50400.0,41710.79,8689.21
ORD002805,2026-08-07,North,Technology,Laptop,Customer 12679,1,66500.0,66500.0,52074.39,14425.61
ORD001863,2026-08-08,West,Furniture,Desk,Customer 18257,1,20800.0,20800.0,18349.61,2450.39
ORD002104,2026-08-08,North,Technology,Monitor,Customer 10350,3,67200.0,67200.0,61980.72,5219.28
ORD004155,2026-08-08,East,Furniture,Desk,Customer 10328,2,52000.0,52000.0,36180.08,15819.92
ORD001911,2026-08-08,North,Technology,Monitor,Customer 18609,3,79800.0,79800.0,61311.9,18488.1
ORD000306,2026-08-08,West,Furniture,Desk,Customer 11543,4,104000.0,104000.0,69869.01,34130.99
ORD000711,2026-08-09,East,Furniture,Chair,Customer 13554,2,26100.0,26100.0,19197.43,6902.57
ORD004726,2026-08-09,South,Technology,Laptop,Customer 13451,1,63000.0,63000.0,52688.44,10311.56
ORD000409,2026-08-09,East,Office Supplies,Printer,Customer 18729,1,30000.0,30000.0,24334.06,5665.94
ORD001547,2026-08-10,East,Technology,Laptop,Customer 13785,1,63000.0,63000.0,49008.25,13991.75
ORD003023,2026-08-10,West,Office Supplies,Printer,Customer 16718,1,28500.0,28500.0,25926.86,2573.14
ORD003438,2026-08-11,West,Office Supplies,Printer,Customer 17698,4,120000.0,120000.0,95364.36,24635.64
ORD002959,2026-08-11,North,Technology,Laptop,Customer 18302,2,140000.0,140000.0,109413.28,30586.72
ORD003101,2026-08-12,South,Technology,Laptop,Customer 12799,4,266000.0,266000.0,212093.19,53906.81
ORD000475,2026-08-12,South,Furniture,Chair,Customer 14144,3,41325.0,41325.0,29444.72,11880.28
ORD003465,2026-08-12,South,Technology,Keyboard,Customer 12157,6,28050.0,28050.0,20827.36,7222.64
ORD000071,2026-08-12,North,Technology,Laptop,Customer 18015,1,70000.0,70000.0,51112.14,18887.86
ORD003429,2026-08-12,West,Office Supplies,Printer,Customer 12428,2,57000.0,57000.0,50318.13,6681.87
ORD002061,2026-08-12,North,Technology,Monitor,Customer 12358,2,53200.0,53200.0,40116.28,13083.72
ORD003900,2026-08-12,South,Furniture,Chair,Customer 13193,1,14500.0,14500.0,9755.18,4744.82
ORD003859,2026-08-12,North,Furniture,Chair,Customer 19644,2,24650.0,24650.0,19515.04,5134.96
ORD001973,2026-08-13,North,Technology,Mouse,Customer 10331,1,1980.0,1980.0,1078.43,901.57
ORD002635,2026-08-13,South,Furniture,Chair,Customer 14273,3,39150.0,39150.0,28947.7,10202.3
ORD003423,2026-08-13,West,Office Supplies,Printer,Customer 10761,4,114000.0,114000.0,99643.5,14356.5
ORD004319,2026-08-13,South,Furniture,Chair,Customer 13645,8,110200.0,110200.0,75748.85,34451.15
ORD000536,2026-08-13,North,Furniture,Desk,Customer 16772,4,104000.0,104000.0,71423.26,32576.74
ORD000841,2026-08-13,South,Technology,Monitor,Customer 16236,1,23800.0,23800.0,20047.14,3752.86
ORD001592,2026-08-14,North,Technology,Mouse,Customer 13920,3,6600.0,6600.0,3286.58,3313.42
ORD001167,2026-08-14,South,Technology,Monitor,Customer 19623,1,28000.0,28000.0,19150.27,8849.73
ORD004564,2026-08-15,East,Furniture,Chair,Customer 14284,5,72500.0,72500.0,48083.51,24416.49
ORD000012,2026-08-15,South,Technology,Mouse,Customer 12146,2,4400.0,4400.0,2061.14,2338.86
ORD004093,2026-08-15,South,Office Supplies,Printer,Customer 11951,6,162000.0,162000.0,149837.09,12162.91
ORD000279,2026-08-16,West,Furniture,Desk,Customer 17447,2,44200.0,44200.0,35095.08,9104.92
ORD002679,2026-08-16,North,Technology,Monitor,Customer 10913,10,252000.0,252000.0,192855.73,59144.27
ORD003304,2026-08-16,South,Technology,Monitor,Customer 14314,8,212800.0,212800.0,159309.32,53490.68
ORD001616,2026-08-16,West,Office Supplies,Printer,Customer 18942,5,135000.0,135000.0,125396.69,9603.31
ORD003616,2026-08-16,West,Furniture,Desk,Customer 18310,5,130000.0,130000.0,86714.28,43285.72
ORD001921,2026-08-17,South,Office Supplies,Printer,Customer 13333,3,85500.0,85500.0,74196.65,11303.35
ORD000100,2026-08-17,West,Office Supplies,Printer,Customer 17614,10,270000.0,270000.0,255359.62,14640.38
ORD002213,2026-08-17,West,Technology,Mouse,Customer 11131,2,4180.0,4180.0,2099.96,2080.04
ORD001922,2026-08-17,North,Furniture,Chair,Customer 11127,10,130500.0,130500.0,104309.8,26190.2
ORD003308,2026-08-18,South,Technology,Mouse,Customer 19819,1,2200.0,2200.0,1125.04,1074.96
ORD004390,2026-08-18,South,Technology,Laptop,Customer 10867,1,63000.0,63000.0,56034.07,6965.93
ORD003213,2026-08-18,South,Furniture,Chair,Customer 18662,3,43500.0,43500.0,27406.09,16093.91
ORD000169,2026-08-18,North,Furniture,Chair,Customer 18460,2,29000.0,29000.0,19673.3,9326.7
ORD004403,2026-08-18,West,Furniture,Chair,Customer 17725,2,26100.0,26100.0,20081.8,6018.2
ORD002087,2026-08-18,North,Technology,Keyboard,Customer 11599,10,55000.0,55000.0,36641.07,18358.93
ORD002248,2026-08-19,South,Technology,Monitor,Customer 12970,1,23800.0,23800.0,18873.31,4926.69
ORD003822,2026-08-19,South,Technology,Mouse,Customer 16419,2,4400.0,4400.0,2029.87,2370.13
ORD000942,2026-08-19,West,Technology,Mouse,Customer 15781,2,3740.0,3740.0,2178.26,1561.74
ORD000813,2026-08-19,West,Technology,Monitor,Customer 15064,4,106400.0,106400.0,76983.25,29416.75
ORD004232,2026-08-19,North,Technology,Mouse,Customer 12756,4,7920.0,7920.0,4690.73,3229.27
ORD002826,2026-08-19,North,Furniture,Chair,Customer 17459,1,13050.0,13050.0,10137.35,2912.65
ORD001940,2026-08-20,South,Technology,Monitor,Customer 17321,1,26600.0,26600.0,19543.22,7056.78
ORD004880,2026-08-20,West,Technology,Monitor,Customer 16138,3,67200.0,67200.0,62826.38,4373.62
ORD004302,2026-08-20,South,Furniture,Chair,Customer 16500,4,55100.0,55100.0,38613.55,16486.45
ORD000145,2026-08-20,East,Technology,Monitor,Customer 13772,4,112000.0,112000.0,85974.17,26025.83
ORD001016,2026-08-20,South,Technology,Laptop,Customer 10664,2,126000.0,126000.0,104292.66,21707.34
ORD000220,2026-08-20,East,Technology,Laptop,Customer 13731,4,266000.0,266000.0,218237.36,47762.64
ORD001689,2026-08-20,South,Technology,Laptop,Customer 13482,1,70000.0,70000.0,55992.11,14007.89
ORD002754,2026-08-21,West,Technology,Monitor,Customer 11780,2,53200.0,53200.0,39526.21,13673.79
ORD001589,2026-08-22,West,Furniture,Desk,Customer 18097,1,26000.0,26000.0,18548.69,7451.31
ORD003370,2026-08-22,West,Furniture,Chair,Customer 12445,4,52200.0,52200.0,38899.75,13300.25
ORD001891,2026-08-22,North,Furniture,Desk,Customer 15727,1,20800.0,20800.0,17945.28,2854.72
ORD000390,2026-08-22,West,Furniture,Desk,Customer 18625,2,46800.0,46800.0,36566.07,10233.93
ORD002441,2026-08-22,East,Technology,Keyboard,Customer 11794,2,10450.0,10450.0,7097.16,3352.84
ORD003460,2026-08-23,South,Office Supplies,Printer,Customer 12859,3,81000.0,81000.0,74970.25,6029.75
ORD003054,2026-08-23,South,Technology,Laptop,Customer 13737,1,70000.0,70000.0,58250.2,11749.8
ORD004485,2026-08-23,West,Technology,Laptop,Customer 13245,2,126000.0,126000.0,113020.42,12979.58
ORD002555,2026-08-23,South,Furniture,Chair,Customer 12678,5,72500.0,72500.0,48784.63,23715.37
ORD004108,2026-08-23,South,Furniture,Desk,Customer 10397,1,23400.0,23400.0,17661.36,5738.64
ORD000998,2026-08-23,West,Technology,Laptop,Customer 11564,3,210000.0,210000.0,169630.45,40369.55
ORD003594,2026-08-23,South,Technology,Laptop,Customer 11243,5,350000.0,350000.0,276116.08,73883.92
ORD004917,2026-08-23,North,Technology,Monitor,Customer 16502,2,53200.0,53200.0,42231.42,10968.58
ORD000812,2026-08-23,South,Office Supplies,Printer,Customer 12805,2,48000.0,48000.0,51957.92,-3957.92
ORD000415,2026-08-23,North,Technology,Laptop,Customer 15522,6,357000.0,357000.0,333597.33,23402.67
ORD000973,2026-08-23,South,Office Supplies,Printer,Customer 16730,1,27000.0,27000.0,23317.15,3682.85
ORD002817,2026-08-24,West,Furniture,Chair,Customer 10412,1,11600.0,11600.0,9478.65,2121.35
ORD002627,2026-08-24,North,Technology,Laptop,Customer 16034,5,332500.0,332500.0,264331.55,68168.45
ORD000217,2026-08-24,West,Furniture,Chair,Customer 10526,6,78300.0,78300.0,58710.98,19589.02
ORD003326,2026-08-25,South,Technology,Keyboard,Customer 11075,6,33000.0,33000.0,19805.69,13194.31
ORD004452,2026-08-25,North,Technology,Laptop,Customer 11036,6,420000.0,420000.0,332212.62,87787.38
ORD000940,2026-08-25,South,Technology,Laptop,Customer 16960,3,210000.0,210000.0,160024.8,49975.2
ORD003834,2026-08-25,East,Furniture,Chair,Customer 11543,2,26100.0,26100.0,18407.0,7693.0
ORD002121,2026-08-25,South,Technology,Laptop,Customer 15995,4,252000.0,252000.0,217913.52,34086.48
ORD002773,2026-08-26,South,Technology,Mouse,Customer 14913,3,6270.0,6270.0,3097.16,3172.84
ORD001727,2026-08-27,North,Technology,Laptop,Customer 14715,2,133000.0,133000.0,106493.82,26506.18
ORD003938,2026-08-28,North,Furniture,Chair,Customer 12630,1,13050.0,13050.0,9448.1,3601.9
ORD001632,2026-08-28,North,Furniture,Chair,Customer 16394,3,43500.0,43500.0,29384.09,14115.91
ORD002523,2026-08-28,East,Technology,Keyboard,Customer 16680,3,14850.0,14850.0,10803.93,4046.07
ORD001232,2026-08-28,South,Furniture,Desk,Customer 10896,1,26000.0,26000.0,17481.09,8518.91
ORD003352,2026-08-28,South,Furniture,Desk,Customer 17234,2,52000.0,52000.0,34670.95,17329.05
ORD000712,2026-08-29,West,Technology,Laptop,Customer 12164,6,420000.0,420000.0,323740.25,96259.75
ORD003968,2026-08-29,West,Furniture,Chair,Customer 13775,1,13050.0,13050.0,9848.14,3201.86
ORD002526,2026-08-29,South,Technology,Mouse,Customer 15011,1,1980.0,1980.0,1094.74,885.26
ORD002265,2026-08-29,West,Furniture,Desk,Customer 14581,3,70200.0,70200.0,49385.86,20814.14
ORD003829,2026-08-29,West,Technology,Mouse,Customer 17798,1,2200.0,2200.0,1059.29,1140.71
ORD002392,2026-08-29,West,Technology,Laptop,Customer 15994,1,63000.0,63000.0,53954.16,9045.84
ORD004225,2026-08-30,South,Technology,Keyboard,Customer 10420,1,5225.0,5225.0,3552.11,1672.89
ORD001783,2026-08-30,North,Technology,Keyboard,Customer 16810,1,5225.0,5225.0,3371.79,1853.21
ORD003158,2026-08-30,West,Technology,Laptop,Customer 17150,5,315000.0,315000.0,272338.36,42661.64
ORD002853,2026-08-30,South,Technology,Laptop,Customer 12645,1,63000.0,63000.0,54100.81,8899.19
ORD000303,2026-08-30,North,Furniture,Chair,Customer 17375,2,27550.0,27550.0,18326.96,9223.04
ORD003502,2026-08-31,North,Technology,Mouse,Customer 14171,6,11880.0,11880.0,6164.69,5715.31
ORD000900,2026-08-31,West,Furniture,Chair,Customer 14894,1,13775.0,13775.0,9607.13,4167.87
ORD001304,2026-08-31,North,Technology,Mouse,Customer 12613,4,8800.0,8800.0,4341.09,4458.91
ORD000742,2026-08-31,North,Technology,Laptop,Customer 19918,1,70000.0,70000.0,53556.35,16443.65
